t,norm,peak,PR,R_rms,peak_n_cells_half,peak_width_phys,artifact_1_2_cells,finite,ic,seed,N,dx,backend
0.0,0.9999999403953552,1.436251163482666,1.887306822655949,0.6117469882808411,1,0.31017524544970004,True,True,1atom,0,64,0.5,mlx
0.005,17.387142181396484,1.4063067436218262,564.086120863838,15.527075700056956,1,0.31017524544970004,True,True,1atom,0,64,0.5,mlx
0.01,33.690467834472656,1.3647541999816895,1943.9137929484195,15.75627189450936,1,0.31017524544970004,True,True,1atom,0,64,0.5,mlx
0.015,49.969879150390625,1.3397412300109863,3815.2774426293054,15.837019481383217,1,0.31017524544970004,True,True,1atom,0,64,0.5,mlx
0.02,66.26768493652344,1.4343371391296387,5426.04674776213,15.871199327412274,1,0.31017524544970004,True,True,1atom,0,64,0.5,mlx
0.025,82.8884506225586,1.488418698310852,6970.394078801575,15.8963399925444,1,0.31017524544970004,True,True,1atom,0,64,0.5,mlx
0.03,99.06782531738281,1.4684430360794067,8555.764957714777,15.911786871118323,1,0.31017524544970004,True,True,1atom,0,64,0.5,mlx
0.035,115.43313598632812,1.5589338541030884,9542.086972030524,15.920449018161753,1,0.31017524544970004,True,True,1atom,0,64,0.5,mlx
0.04,131.6925506591797,1.6575393676757812,10326.307789122719,15.930769613803204,1,0.31017524544970004,True,True,1atom,0,64,0.5,mlx
0.045,147.84532165527344,1.6965733766555786,11082.024033552623,15.941521976163543,1,0.31017524544970004,True,True,1atom,0,64,0.5,mlx
0.05,164.20306396484375,1.774440050125122,11680.19083252719,15.946332585822868,1,0.31017524544970004,True,True,1atom,0,64,0.5,mlx
0.055,180.61317443847656,1.7731863260269165,12331.016636386334,15.947392805846576,1,0.31017524544970004,True,True,1atom,0,64,0.5,mlx
0.06,196.86099243164062,1.8313668966293335,12759.989489049109,15.94941036135954,1,0.31017524544970004,True,True,1atom,0,64,0.5,mlx
0.065,213.2936248779297,1.9473907947540283,13008.985242566794,15.958335573180182,1,0.31017524544970004,True,True,1atom,0,64,0.5,mlx
0.07,229.462646484375,2.0506346225738525,13286.54193354886,15.967206975806906,1,0.31017524544970004,True,True,1atom,0,64,0.5,mlx
0.075,245.7386474609375,2.1653285026550293,13443.068464374524,15.97099924175765,1,0.31017524544970004,True,True,1atom,0,64,0.5,mlx
0.08,262.040283203125,2.281956195831299,13649.01473030667,15.97560958503552,1,0.31017524544970004,True,True,1atom,0,64,0.5,mlx
0.085,278.29425048828125,2.432859420776367,13697.388438305199,15.97577045958322,1,0.31017524544970004,True,True,1atom,0,64,0.5,mlx
0.09,294.5888671875,2.7476601600646973,13574.902729520836,15.980332731169828,1,0.31017524544970004,True,True,1atom,0,64,0.5,mlx
0.095,311.10498046875,2.835296392440796,13717.522478794757,15.980734766719332,1,0.31017524544970004,True,True,1atom,0,64,0.5,mlx
0.1,327.1490783691406,2.8925955295562744,13866.993495349761,15.983026182050105,1,0.31017524544970004,True,True,1atom,0,64,0.5,mlx
0.105,343.4658508300781,2.9745709896087646,13984.064248725399,15.986034951899084,1,0.31017524544970004,True,True,1atom,0,64,0.5,mlx
0.11,359.81427001953125,3.1175873279571533,14036.53828561993,15.983477452499788,1,0.31017524544970004,True,True,1atom,0,64,0.5,mlx
0.115,376.1102600097656,3.2543656826019287,14080.371751459177,15.983480228530903,1,0.31017524544970004,True,True,1atom,0,64,0.5,mlx
0.12,392.4512939453125,3.5265557765960693,13976.0374284854,15.986092853352421,1,0.31017524544970004,True,True,1atom,0,64,0.5,mlx
0.125,408.78076171875,3.742478847503662,13929.748976845953,15.987026157016986,1,0.31017524544970004,True,True,1atom,0,64,0.5,mlx
0.13,425.083251953125,3.9134774208068848,13922.988819000906,15.986430326508229,1,0.31017524544970004,True,True,1atom,0,64,0.5,mlx
0.135,440.9228210449219,4.111669540405273,13890.801588666685,15.989790271410463,1,0.31017524544970004,True,True,1atom,0,64,0.5,mlx
0.14,456.9659729003906,4.271608352661133,13901.83163923885,15.995571064676168,1,0.31017524544970004,True,True,1atom,0,64,0.5,mlx
0.145,473.4517822265625,4.528005599975586,13808.01160671367,15.994742649054832,1,0.31017524544970004,True,True,1atom,0,64,0.5,mlx
0.15,489.7298889160156,4.629013538360596,13881.55188757974,15.995362104131816,1,0.31017524544970004,True,True,1atom,0,64,0.5,mlx
0.155,505.7394714355469,4.733828067779541,13931.566713166481,15.994441540194982,1,0.31017524544970004,True,True,1atom,0,64,0.5,mlx
0.16,522.2396850585938,4.966524124145508,13864.67360651404,15.993854347950569,1,0.31017524544970004,True,True,1atom,0,64,0.5,mlx
0.165,538.4202880859375,5.125181674957275,13872.126712925005,15.996777899553615,1,0.31017524544970004,True,True,1atom,0,64,0.5,mlx
0.17,554.586669921875,5.221614360809326,13923.597465766472,15.997147606591147,1,0.31017524544970004,True,True,1atom,0,64,0.5,mlx
0.17500000000000002,570.279296875,5.3131914138793945,13970.04282396047,15.994650228158045,1,0.31017524544970004,True,True,1atom,0,64,0.5,mlx
0.18,586.515380859375,5.351847171783447,14053.068418970122,16.000508965061954,1,0.31017524544970004,True,True,1atom,0,64,0.5,mlx
0.185,602.4850463867188,5.373904705047607,14140.138724603476,15.998263122258537,1,0.31017524544970004,True,True,1atom,0,64,0.5,mlx
0.19,618.425048828125,5.356241703033447,14260.857635678785,15.994897387583553,1,0.31017524544970004,True,True,1atom,0,64,0.5,mlx
0.195,634.4389038085938,5.293572425842285,14396.422266654734,15.996614863399241,1,0.31017524544970004,True,True,1atom,0,64,0.5,mlx
0.2,650.582763671875,5.232077598571777,14532.38886845321,15.996699867105285,1,0.31017524544970004,True,True,1atom,0,64,0.5,mlx
0.20500000000000002,666.553955078125,5.282963275909424,14589.726794481241,15.997077922416583,1,0.31017524544970004,True,True,1atom,0,64,0.5,mlx
0.21,682.2955322265625,5.2852606773376465,14666.908387736212,15.99805391752859,1,0.31017524544970004,True,True,1atom,0,64,0.5,mlx
0.215,698.3634643554688,5.216882228851318,14770.965234845458,15.995589230661498,1,0.31017524544970004,True,True,1atom,0,64,0.5,mlx
0.22,714.6864013671875,5.065735340118408,14943.73872948359,15.997566342589796,1,0.31017524544970004,True,True,1atom,0,64,0.5,mlx
0.225,730.6221923828125,5.042727947235107,15015.649406794917,15.995147944075073,1,0.31017524544970004,True,True,1atom,0,64,0.5,mlx
0.23,746.1015625,4.879490852355957,15151.023861085783,15.998727163501815,1,0.31017524544970004,True,True,1atom,0,64,0.5,mlx
0.23500000000000001,761.9735717773438,4.8111138343811035,15241.965129665818,15.996366238248395,1,0.31017524544970004,True,True,1atom,0,64,0.5,mlx
0.24,777.9614868164062,4.7674384117126465,15307.930335118801,15.9943255007668,1,0.31017524544970004,True,True,1atom,0,64,0.5,mlx
0.245,794.22802734375,4.646159648895264,15408.046168855919,15.99404755943537,1,0.31017524544970004,True,True,1atom,0,64,0.5,mlx
0.25,810.072998046875,4.380084991455078,15567.031152028021,15.995595880984872,1,0.31017524544970004,True,True,1atom,0,64,0.5,mlx
0.255,826.1071166992188,4.225505828857422,15664.218973570682,15.997316924511885,1,0.31017524544970004,True,True,1atom,0,64,0.5,mlx
0.26,842.2141723632812,4.024226665496826,15759.153709263142,15.996075514402676,1,0.31017524544970004,True,True,1atom,0,64,0.5,mlx
0.265,857.8461303710938,3.9875104427337646,15801.78263761828,15.99407110379977,1,0.31017524544970004,True,True,1atom,0,64,0.5,mlx
0.27,873.603515625,3.783449172973633,15893.487825781001,15.992739463996827,1,0.31017524544970004,True,True,1atom,0,64,0.5,mlx
0.275,889.9804077148438,3.716385841369629,15926.881318521639,15.99354777485789,1,0.31017524544970004,True,True,1atom,0,64,0.5,mlx
0.28,905.56689453125,3.548891305923462,15976.230341810415,15.992990573766852,1,0.31017524544970004,True,True,1atom,0,64,0.5,mlx
0.28500000000000003,921.9893188476562,3.4464874267578125,16020.280987485477,15.992031748415656,1,0.31017524544970004,True,True,1atom,0,64,0.5,mlx
0.29,937.6038208007812,3.2109856605529785,16079.893289546742,15.990905855008066,1,0.31017524544970004,True,True,1atom,0,64,0.5,mlx
0.295,954.2559814453125,3.1296796798706055,16110.067015304623,15.992276840861932,1,0.31017524544970004,True,True,1atom,0,64,0.5,mlx
0.3,969.8204345703125,2.920786142349243,16165.567153559388,15.990635765376906,1,0.31017524544970004,True,True,1atom,0,64,0.5,mlx
0.305,986.0135498046875,2.867068290710449,16182.82992680451,15.991085358009459,1,0.31017524544970004,True,True,1atom,0,64,0.5,mlx
0.31,1002.2744750976562,2.758436679840088,16201.8149782951,15.99257171011456,1,0.31017524544970004,True,True,1atom,0,64,0.5,mlx
0.315,1018.451904296875,2.6004037857055664,16238.64250861602,15.994168749153138,1,0.31017524544970004,True,True,1atom,0,64,0.5,mlx
0.32,1034.4100341796875,2.4502861499786377,16269.590532973949,15.992710198087876,1,0.31017524544970004,True,True,1atom,0,64,0.5,mlx
0.325,1049.96240234375,2.249281644821167,16302.489792397335,15.993516066796902,1,0.31017524544970004,True,True,1atom,0,64,0.5,mlx
0.33,1066.3726806640625,2.1691784858703613,16303.351671287368,15.994017556594878,1,0.31017524544970004,True,True,1atom,0,64,0.5,mlx
0.335,1081.908935546875,2.0609495639801025,16306.950489665134,15.99327161391037,1,0.31017524544970004,True,True,1atom,0,64,0.5,mlx
0.34,1098.2432861328125,1.9724501371383667,16326.95447131189,15.993261698911827,1,0.31017524544970004,True,True,1atom,0,64,0.5,mlx
0.34500000000000003,1114.9140625,1.7890516519546509,16347.414820134847,15.99417361333498,1,0.31017524544970004,True,True,1atom,0,64,0.5,mlx
0.35000000000000003,1130.3828125,1.6288427114486694,16361.815971149617,15.995823718571824,1,0.31017524544970004,True,True,1atom,0,64,0.5,mlx
0.355,1146.0723876953125,1.4723739624023438,16370.90892357476,15.994870889624371,1,0.31017524544970004,True,True,1atom,0,64,0.5,mlx
0.36,1161.7347412109375,1.339674711227417,16360.83828542381,15.995575875771415,1,0.31017524544970004,True,True,1atom,0,64,0.5,mlx
0.365,1177.6873779296875,1.1931040287017822,16358.549347093443,15.994554409964797,1,0.31017524544970004,True,True,1atom,0,64,0.5,mlx
0.37,1193.951416015625,1.1240930557250977,16346.228000756468,15.993791920763002,1,0.31017524544970004,True,True,1atom,0,64,0.5,mlx
0.375,1210.22802734375,1.0074759721755981,16355.333710857178,15.99516389462936,1,0.31017524544970004,True,True,1atom,0,64,0.5,mlx
0.38,1225.7799072265625,0.8531573414802551,16364.75628544613,15.996866931922812,3,0.44735011446982476,False,True,1atom,0,64,0.5,mlx
0.385,1241.85107421875,0.7999497652053833,16365.35349116684,15.999540307872854,9,0.6451905103710747,False,True,1atom,0,64,0.5,mlx
0.39,1257.029541015625,0.7281257510185242,16367.289751673463,16.000719483480502,27,0.9305257363491001,False,True,1atom,0,64,0.5,mlx
0.395,1272.0987548828125,0.6435295343399048,16364.305944983922,16.00215390997577,77,1.319585018558827,False,True,1atom,0,64,0.5,mlx
0.4,1287.9603271484375,0.5714554786682129,16379.463416777004,16.001404037356373,182,1.7577789684300011,False,True,1atom,0,64,0.5,mlx
0.405,1302.779541015625,0.5177567005157471,16389.903050248693,16.002952111225976,400,2.285390748670416,False,True,1atom,0,64,0.5,mlx
0.41000000000000003,1319.0364990234375,0.5098003149032593,16389.39326629893,16.00145373160563,485,2.43699355579033,False,True,1atom,0,64,0.5,mlx
0.41500000000000004,1334.9898681640625,0.48559412360191345,16392.74111687974,16.003670498793984,678,2.7248987259977877,False,True,1atom,0,64,0.5,mlx
0.42,1350.795166015625,0.5223690271377563,16390.023536164575,16.00316640090354,452,2.380418295416496,False,True,1atom,0,64,0.5,mlx
0.425,1366.2725830078125,0.5516719818115234,16395.887352271697,16.00402625074751,336,2.1563548355347035,False,True,1atom,0,64,0.5,mlx
0.43,1382.81640625,0.5363614559173584,16403.235417808854,16.00354906681843,435,2.3501931361369826,False,True,1atom,0,64,0.5,mlx
0.435,1398.4326171875,0.5074996948242188,16405.232318185506,16.003350065091045,679,2.7262377427862656,False,True,1atom,0,64,0.5,mlx
0.44,1413.70849609375,0.4958634376525879,16396.061456176692,16.002640538532702,860,2.9496690071447436,False,True,1atom,0,64,0.5,mlx
0.445,1429.000732421875,0.4939200282096863,16393.728800462453,16.003005104541213,891,2.9846932442843834,False,True,1atom,0,64,0.5,mlx
0.45,1444.9765625,0.505795955657959,16400.583671565397,16.001568337693612,841,2.9277846746919685,False,True,1atom,0,64,0.5,mlx
0.455,1461.2816162109375,0.5335493087768555,16395.263396801784,16.001690787795635,645,2.6799521474607224,False,True,1atom,0,64,0.5,mlx
0.46,1476.87451171875,0.5339067578315735,16398.37346073696,16.002453958105665,683,2.7315807015649147,False,True,1atom,0,64,0.5,mlx
0.465,1491.949951171875,0.590573787689209,16391.438705364675,16.002231254866327,406,2.296761039058663,False,True,1atom,0,64,0.5,mlx
0.47000000000000003,1508.02880859375,0.5923024415969849,16388.54465518733,16.005692254689862,440,2.3591634259004106,False,True,1atom,0,64,0.5,mlx
0.47500000000000003,1523.0921630859375,0.5969162583351135,16394.05976254658,16.0067286482881,430,2.34115384244978,False,True,1atom,0,64,0.5,mlx
0.48,1539.023193359375,0.5997335910797119,16404.674830453565,16.0073926109321,437,2.353789458710996,False,True,1atom,0,64,0.5,mlx
0.485,1555.00341796875,0.5548372864723206,16413.16980422024,16.006099204996993,736,2.800483851191653,False,True,1atom,0,64,0.5,mlx
0.49,1569.92236328125,0.5858035087585449,16405.31641870334,16.005119157766604,560,2.556641358872719,False,True,1atom,0,64,0.5,mlx
0.495,1585.72412109375,0.5784108638763428,16410.012953801743,16.004441474822713,651,2.6882364417217066,False,True,1atom,0,64,0.5,mlx
0.5,1601.353271484375,0.6005820035934448,16399.61438821517,16.003696506028678,553,2.5459439895799143,False,True,1atom,0,64,0.5,mlx
0.505,1617.66650390625,0.6406673789024353,16396.104625363314,16.00256498325024,376,2.2387370303845966,False,True,1atom,0,64,0.5,mlx
0.51,1633.635009765625,0.6264806985855103,16396.72007487986,16.002836714997304,468,2.4081807782326505,False,True,1atom,0,64,0.5,mlx
0.515,1649.153564453125,0.608771026134491,16394.995347802127,16.00201988037156,617,2.6405973873348616,False,True,1atom,0,64,0.5,mlx
0.52,1664.877685546875,0.6189466118812561,16389.278426921755,16.00228147347785,573,2.576273750615015,False,True,1atom,0,64,0.5,mlx
0.525,1679.577880859375,0.6527166962623596,16388.459408492094,16.00265130015787,432,2.344777925390316,False,True,1atom,0,64,0.5,mlx
0.53,1694.85693359375,0.6622495651245117,16390.710399429558,16.00244717333692,415,2.31360829913157,False,True,1atom,0,64,0.5,mlx
0.535,1709.796142578125,0.6718284487724304,16389.08114376999,16.00393807748893,416,2.315465128419067,False,True,1atom,0,64,0.5,mlx
0.54,1725.471923828125,0.6497543454170227,16395.249697093714,16.002863948672,518,2.491057321424478,False,True,1atom,0,64,0.5,mlx
0.545,1741.0302734375,0.6758270263671875,16388.92104012485,16.003276854699646,443,2.3645130211471987,False,True,1atom,0,64,0.5,mlx
0.55,1756.7314453125,0.6281720995903015,16395.113185347804,16.003342334102065,733,2.7966736643760073,False,True,1atom,0,64,0.5,mlx
0.555,1772.8560791015625,0.6229758858680725,16397.132116436016,16.00306245365796,809,2.8901694656137096,False,True,1atom,0,64,0.5,mlx
0.56,1788.171875,0.6547137498855591,16386.41963425137,16.002344445396425,655,2.693731063941906,False,True,1atom,0,64,0.5,mlx
0.5650000000000001,1803.144775390625,0.6872318983078003,16387.355920886417,16.002694164467393,508,2.4749230778121736,False,True,1atom,0,64,0.5,mlx
0.5700000000000001,1819.384521484375,0.6940120458602905,16389.75736425449,16.003324704023807,520,2.4942591981125846,False,True,1atom,0,64,0.5,mlx
0.5750000000000001,1835.3465576171875,0.7019011974334717,16393.298887784073,16.00502038624302,524,2.5006384054297244,False,True,1atom,0,64,0.5,mlx
0.58,1850.8353271484375,0.6726710796356201,16391.164971606315,16.00461370621989,720,2.780041634445638,False,True,1atom,0,64,0.5,mlx
0.585,1866.442626953125,0.6833660006523132,16395.247490711237,16.003968530595557,662,2.703293069806564,False,True,1atom,0,64,0.5,mlx
0.59,1881.854736328125,0.685102105140686,16395.70980209592,16.00452327523035,666,2.7087268393421344,False,True,1atom,0,64,0.5,mlx
0.595,1897.5025634765625,0.67561936378479,16384.40490255952,16.00550031641477,774,2.847874114498477,False,True,1atom,0,64,0.5,mlx
0.6,1912.8875732421875,0.7148962616920471,16386.61695789692,16.006721106927923,597,2.6117518536511692,False,True,1atom,0,64,0.5,mlx
0.605,1928.5771484375,0.7510784864425659,16380.562915973349,16.00525533107826,460,2.3943800122971246,False,True,1atom,0,64,0.5,mlx
0.61,1943.090087890625,0.7615793347358704,16376.921476332724,16.004918783118477,443,2.3645130211471987,False,True,1atom,0,64,0.5,mlx
0.615,1958.66650390625,0.7681240439414978,16371.097597650116,16.004620027200165,431,2.342967285345629,False,True,1atom,0,64,0.5,mlx
0.62,1973.85791015625,0.7938448190689087,16373.571609881956,16.00384384849484,368,2.2227455057007925,False,True,1atom,0,64,0.5,mlx
0.625,1989.47412109375,0.7561865448951721,16368.600304001624,16.003269304244153,534,2.5164456419024015,False,True,1atom,0,64,0.5,mlx
0.63,2003.828125,0.7100543975830078,16359.193923184888,16.003727349550324,812,2.8937375796884304,False,True,1atom,0,64,0.5,mlx
0.635,2018.9521484375,0.7305700182914734,16360.090117160946,16.004627348995452,748,2.8156218958218533,False,True,1atom,0,64,0.5,mlx
0.64,2034.043212890625,0.7299811840057373,16366.814806033772,16.00316806729889,768,2.840496169229977,False,True,1atom,0,64,0.5,mlx
0.645,2050.3115234375,0.7350206971168518,16368.099609282632,16.001623076381147,784,2.8600864170388665,False,True,1atom,0,64,0.5,mlx
0.65,2065.901123046875,0.7085191011428833,16378.719257086203,16.00124035516612,998,3.0996832394369136,False,True,1atom,0,64,0.5,mlx
0.655,2081.5810546875,0.707615315914154,16379.831070506993,16.001420924511148,995,3.0965742270804517,False,True,1atom,0,64,0.5,mlx
0.66,2097.369140625,0.692568838596344,16382.083259209856,16.0015323887323,1180,3.2776894531817384,False,True,1atom,0,64,0.5,mlx
0.665,2111.8974609375,0.7226871848106384,16387.262253595665,16.002886263044097,980,3.080934696678766,False,True,1atom,0,64,0.5,mlx
0.67,2127.084716796875,0.7436147332191467,16393.57780109869,16.00095725373796,857,2.9462351635199564,False,True,1atom,0,64,0.5,mlx
0.675,2142.6044921875,0.7848586440086365,16394.856719248546,16.00083680017946,640,2.6730092351439514,False,True,1atom,0,64,0.5,mlx
0.68,2158.21630859375,0.7518766522407532,16393.798958198906,16.00076781959799,868,2.9587870527974784,False,True,1atom,0,64,0.5,mlx
0.685,2173.38037109375,0.7736698389053345,16389.635693174878,16.003193344764483,769,2.8417284887638474,False,True,1atom,0,64,0.5,mlx
0.6900000000000001,2188.64892578125,0.7870082259178162,16391.28210434024,16.003411198869337,722,2.7826133673038567,False,True,1atom,0,64,0.5,mlx
0.6950000000000001,2204.702392578125,0.7795590162277222,16399.393736011818,16.00346300061416,788,2.864942260686627,False,True,1atom,0,64,0.5,mlx
0.7000000000000001,2219.960205078125,0.8180851936340332,16407.03576652576,16.00385836014319,622,2.647711100013383,False,True,1atom,0,64,0.5,mlx
0.705,2235.785888671875,0.8367352485656738,16412.274124306365,16.003831403853123,560,2.556641358872719,False,True,1atom,0,64,0.5,mlx
0.71,2251.4072265625,0.8196649551391602,16411.386119334933,16.003256088838047,655,2.693731063941906,False,True,1atom,0,64,0.5,mlx
0.715,2267.01123046875,0.7882073521614075,16416.879243661915,16.004415095494913,863,2.953094874343621,False,True,1atom,0,64,0.5,mlx
0.72,2283.145751953125,0.8116477727890015,16418.22548506536,16.005460874361543,739,2.804283698255541,False,True,1atom,0,64,0.5,mlx
0.725,2298.4775390625,0.7804339528083801,16425.95879541331,16.004955987834993,937,3.035197796103196,False,True,1atom,0,64,0.5,mlx
0.73,2312.923828125,0.7824764251708984,16428.13384260001,16.00585949743691,958,3.0577053814681774,False,True,1atom,0,64,0.5,mlx
0.735,2328.779296875,0.8103536367416382,16431.848382817334,16.00721500010675,818,2.900847528611152,False,True,1atom,0,64,0.5,mlx
0.74,2344.197509765625,0.8563315272331238,16429.34511740063,16.007099847091393,631,2.660420308042097,False,True,1atom,0,64,0.5,mlx
0.745,2358.96240234375,0.898372232913971,16417.56299068624,16.007859455350022,500,2.4618625546067414,False,True,1atom,0,64,0.5,mlx
0.75,2373.7529296875,0.9271847605705261,16420.606539365937,16.008723059893768,431,2.342967285345629,False,True,1atom,0,64,0.5,mlx
0.755,2388.2763671875,0.9304306507110596,16423.351928833155,16.00955721801579,427,2.3356965875944073,False,True,1atom,0,64,0.5,mlx
0.76,2402.781494140625,0.936194121837616,16428.607194639055,16.011159408981673,439,2.357374825195132,False,True,1atom,0,64,0.5,mlx
0.765,2418.32958984375,0.926320493221283,16428.10460480864,16.010935930256817,482,2.4319584307936073,False,True,1atom,0,64,0.5,mlx
0.77,2433.026611328125,0.9344817399978638,16423.48129599656,16.010534567197084,479,2.426902369575705,False,True,1atom,0,64,0.5,mlx
0.775,2448.41455078125,0.9344127178192139,16425.065342847156,16.010631728232575,520,2.4942591981125846,False,True,1atom,0,64,0.5,mlx
0.78,2464.2705078125,0.9430159330368042,16417.578297859138,16.010337163364834,498,2.4585756848041687,False,True,1atom,0,64,0.5,mlx
0.785,2479.58837890625,0.9086396098136902,16414.759938380743,16.01033263330831,649,2.6854806874151977,False,True,1atom,0,64,0.5,mlx
0.79,2494.59130859375,0.959549605846405,16425.169378263072,16.010213506982396,475,2.4201280081140237,False,True,1atom,0,64,0.5,mlx
0.795,2510.0810546875,0.9771668910980225,16422.311476342402,16.01065212956289,447,2.371608376568702,False,True,1atom,0,64,0.5,mlx
0.8,2524.477783203125,0.9761591553688049,16417.138513036367,16.00987540361311,458,2.3909048550006715,False,True,1atom,0,64,0.5,mlx
0.805,2538.69140625,1.0159318447113037,16415.052703061298,16.009718101834988,362,2.2105991129310523,False,True,1atom,0,64,0.5,mlx
0.81,2553.297607421875,0.9402596950531006,16407.717311256278,16.009062653609355,619,2.6434474676770274,False,True,1atom,0,64,0.5,mlx
0.8150000000000001,2568.6875,0.9360031485557556,16411.38600471069,16.009804970732265,648,2.6841006868189483,False,True,1atom,0,64,0.5,mlx
0.8200000000000001,2583.8671875,0.9386311769485474,16406.960468058736,16.00983625314849,665,2.707370441098635,False,True,1atom,0,64,0.5,mlx
0.8250000000000001,2599.0927734375,0.9250855445861816,16397.414112095536,16.010136818976388,760,2.8305988897884706,False,True,1atom,0,64,0.5,mlx
0.8300000000000001,2613.654296875,0.9616851806640625,16388.888901426035,16.009549677784374,651,2.6882364417217066,False,True,1atom,0,64,0.5,mlx
0.835,2628.95166015625,1.0354673862457275,16378.270725804463,16.0093912530925,417,2.3173189843978808,False,True,1atom,0,64,0.5,mlx
0.84,2644.214599609375,1.0663204193115234,16372.782958404334,16.010192027904406,339,2.1627535520778474,False,True,1atom,0,64,0.5,mlx
0.845,2659.01708984375,1.0509638786315918,16372.011973740151,16.012612049977836,395,2.275828332443344,False,True,1atom,0,64,0.5,mlx
0.85,2674.16064453125,1.0239429473876953,16377.569452652391,16.01194854066356,484,2.4353174936689146,False,True,1atom,0,64,0.5,mlx
0.855,2689.758544921875,1.027889609336853,16381.217335361558,16.010439701460452,477,2.4235199228654905,False,True,1atom,0,64,0.5,mlx
0.86,2704.47509765625,0.9803981781005859,16388.64390008198,16.009196814148126,676,2.7222167373297754,False,True,1atom,0,64,0.5,mlx
0.865,2719.7978515625,0.997875988483429,16401.93530656358,16.00918833864917,626,2.6533746704257872,False,True,1atom,0,64,0.5,mlx
0.87,2734.86181640625,1.0265880823135376,16415.94346792263,16.00960847539679,538,2.5227132783557766,False,True,1atom,0,64,0.5,mlx
0.875,2749.9853515625,1.060530424118042,16417.972667186485,16.009311412281534,450,2.3769021628309064,False,True,1atom,0,64,0.5,mlx
0.88,2764.55859375,1.06952965259552,16428.261083424415,16.00951594952201,444,2.3662908511561875,False,True,1atom,0,64,0.5,mlx
0.885,2779.98388671875,1.0903983116149902,16434.337515911375,16.00806193349421,400,2.285390748670416,False,True,1atom,0,64,0.5,mlx
0.89,2795.056884765625,1.111840009689331,16433.116262014435,16.008326247863355,376,2.2387370303845966,False,True,1atom,0,64,0.5,mlx
0.895,2809.18359375,1.0971691608428955,16435.117087072173,16.008011175308596,416,2.315465128419067,False,True,1atom,0,64,0.5,mlx
0.9,2824.6123046875,1.0747721195220947,16440.63999194066,16.00809412838505,488,2.4420079599615385,False,True,1atom,0,64,0.5,mlx
0.905,2840.802001953125,1.0958634614944458,16445.63225795328,16.00859900248371,457,2.389163481584181,False,True,1atom,0,64,0.5,mlx
0.91,2856.2978515625,1.098972201347351,16440.23681574456,16.009055929140434,461,2.396113814504926,False,True,1atom,0,64,0.5,mlx
0.915,2869.88623046875,1.0740971565246582,16439.154094962487,16.007821198106583,538,2.5227132783557766,False,True,1atom,0,64,0.5,mlx
0.92,2885.822021484375,1.0787087678909302,16443.54239255396,16.00774959334709,547,2.5367027322557734,False,True,1atom,0,64,0.5,mlx
0.925,2901.3779296875,1.0983489751815796,16447.648991158298,16.007854292002605,502,2.465140671068359,False,True,1atom,0,64,0.5,mlx
0.93,2915.8076171875,1.1097232103347778,16442.083552259897,16.007938083293038,503,2.466776464959846,False,True,1atom,0,64,0.5,mlx
0.935,2930.895263671875,1.1313832998275757,16439.14011668363,16.007806565379592,483,2.4336391213291013,False,True,1atom,0,64,0.5,mlx
0.9400000000000001,2945.82763671875,1.1933199167251587,16439.613560705006,16.007969229791208,327,2.1369271593919046,False,True,1atom,0,64,0.5,mlx
0.9450000000000001,2960.16015625,1.219188928604126,16439.32616733451,16.008468153619265,304,2.0856030939994468,False,True,1atom,0,64,0.5,mlx
0.9500000000000001,2975.163818359375,1.266919732093811,16429.57640293988,16.007632355564795,238,1.9222038978855256,False,True,1atom,0,64,0.5,mlx
0.9550000000000001,2990.69970703125,1.33643639087677,16426.495109646385,16.006674338968004,157,1.6732995157538093,False,True,1atom,0,64,0.5,mlx
0.96,3005.80126953125,1.3273628950119019,16425.923241270862,16.006714588609206,182,1.7577789684300011,False,True,1atom,0,64,0.5,mlx
0.965,3020.88330078125,1.2351208925247192,16419.892189794988,16.006464209662585,327,2.1369271593919046,False,True,1atom,0,64,0.5,mlx
0.97,3035.34912109375,1.206786036491394,16419.625829373334,16.006143607061357,380,2.246647827675118,False,True,1atom,0,64,0.5,mlx
0.975,3049.4833984375,1.128361463546753,16433.152698627393,16.005345813318144,569,2.570264927047157,False,True,1atom,0,64,0.5,mlx
0.98,3064.289306640625,1.0804390907287598,16430.18881834788,16.005312627358393,785,2.8613019235247785,False,True,1atom,0,64,0.5,mlx
0.985,3078.1259765625,1.1205518245697021,16433.3433018486,16.005690315962354,635,2.6660300669995127,False,True,1atom,0,64,0.5,mlx
0.99,3092.95849609375,1.1672677993774414,16435.915947874557,16.00563611182657,512,2.4814019635976,False,True,1atom,0,64,0.5,mlx
0.995,3107.43603515625,1.2381588220596313,16438.265664600764,16.004726277467835,359,2.204475538312751,False,True,1atom,0,64,0.5,mlx
1.0,3122.1689453125,1.236374020576477,16441.44070045322,16.00579667932064,380,2.246647827675118,False,True,1atom,0,64,0.5,mlx
