t,norm,peak,PR,R_rms,finite,seed,member,backend
0.0,0.9999999403953552,1.436251163482666,1.8873066103485516,3.0617372438231247,True,0,B,mlx
0.02,66.2713394165039,1.4904770851135254,5296.382306589133,15.875226684737337,True,0,B,mlx
0.04,131.71224975585938,1.616085410118103,10453.738101574363,15.931849409108375,True,0,B,mlx
0.06,196.8624267578125,1.9399641752243042,12611.558995679276,15.95084532760983,True,0,B,mlx
0.08,262.10980224609375,2.60516095161438,13096.513749377256,15.974676764000012,True,0,B,mlx
0.1,327.22271728515625,3.274933099746704,13353.237165542072,15.982210409438586,True,0,B,mlx
0.12,392.5146484375,3.9160091876983643,13539.813261129599,15.98561137952065,True,0,B,mlx
0.14,457.03546142578125,4.667391777038574,13501.474617277423,15.9950456640282,True,0,B,mlx
0.16,522.2872314453125,5.2207841873168945,13635.062522500635,15.993730628851422,True,0,B,mlx
0.18,586.5372314453125,5.420621395111084,13996.471374319633,16.00072644314635,True,0,B,mlx
0.2,650.6409301757812,5.250405788421631,14518.512302443678,15.996453160034909,True,0,B,mlx
0.22,714.7453002929688,4.945108890533447,15007.904660369928,15.997335190642541,True,0,B,mlx
0.24,778.003662109375,4.452178001403809,15444.5022068865,15.994288083905658,True,0,B,mlx
0.26,842.216552734375,3.6540682315826416,15871.96842488406,15.99640431294474,True,0,B,mlx
0.28,905.5897216796875,2.8480513095855713,16132.15041365125,15.993119878998655,True,0,B,mlx
0.3,969.893798828125,2.3464763164520264,16254.53665139413,15.990348310720671,True,0,B,mlx
0.32,1034.388671875,1.628671646118164,16364.232940965476,15.993151181848745,True,0,B,mlx
0.34,1098.21826171875,0.9436419606208801,16399.179075031854,15.993705212194303,True,0,B,mlx
0.36,1161.685302734375,0.5140864253044128,16387.92987942228,15.996154694991608,True,0,B,mlx
0.38,1225.7509765625,0.4937531352043152,16371.827977524097,15.997293187908479,True,0,B,mlx
0.4,1287.977294921875,0.6546151638031006,16376.184124019468,16.00152621393381,True,0,B,mlx
0.42,1350.8270263671875,0.731678307056427,16382.576125361526,16.00320226212408,True,0,B,mlx
0.44,1413.7545166015625,0.6310195326805115,16388.59862008448,16.002590956650057,True,0,B,mlx
0.46,1476.9755859375,0.5645690560340881,16393.63521009755,16.002115307716757,True,0,B,mlx
0.48,1539.100830078125,0.5997337698936462,16400.960278945393,16.00718628064384,True,0,B,mlx
0.5,1601.483642578125,0.6005836725234985,16397.900301828653,16.00324612572865,True,0,B,mlx
0.52,1664.974609375,0.6189451813697815,16387.765388195432,16.002007139365464,True,0,B,mlx
0.54,1725.5181884765625,0.6497489809989929,16394.233377147073,16.002826738969112,True,0,B,mlx
0.56,1788.1884765625,0.6547134518623352,16386.27799398926,16.002434824917167,True,0,B,mlx
0.58,1850.867431640625,0.672671377658844,16390.486653160027,16.004636835846597,True,0,B,mlx
0.6,1912.938232421875,0.714886486530304,16385.622880237628,16.006670354512227,True,0,B,mlx
0.62,1973.8681640625,0.7938465476036072,16372.003150226352,16.003953469290416,True,0,B,mlx
0.64,2034.060791015625,0.7299866676330566,16365.751223132513,16.003247454303455,True,0,B,mlx
0.66,2097.41357421875,0.6946914196014404,16381.989841400844,16.00151391575576,True,0,B,mlx
0.68,2158.255859375,0.7518400549888611,16392.915512516283,16.000768199688327,True,0,B,mlx
0.7000000000000001,2219.994873046875,0.8180442452430725,16404.568170648694,16.00387382222703,True,0,B,mlx
0.72,2283.157470703125,0.8116385340690613,16415.027011049377,16.00555219440081,True,0,B,mlx
0.74,2344.20751953125,0.8563330769538879,16427.07836007282,16.007190687039184,True,0,B,mlx
0.76,2402.825439453125,0.9361922740936279,16426.597653672503,16.011138706696812,True,0,B,mlx
0.78,2464.335205078125,0.9785323143005371,16415.680136260555,16.010251690846975,True,0,B,mlx
0.8,2524.54052734375,1.0748823881149292,16415.88974477767,16.009796381137487,True,0,B,mlx
0.8200000000000001,2583.91455078125,0.9810613989830017,16405.412562220325,16.00980601151291,True,0,B,mlx
0.84,2644.253173828125,1.0663222074508667,16371.756078936265,16.01018134526004,True,0,B,mlx
0.86,2704.50341796875,0.982144296169281,16389.359206267687,16.0092149735736,True,0,B,mlx
0.88,2764.580078125,1.0695278644561768,16429.292387941652,16.00954639780814,True,0,B,mlx
0.9,2824.62890625,1.074765920639038,16441.51357979171,16.008138732046977,True,0,B,mlx
0.92,2885.78759765625,1.0787074565887451,16444.341140513243,16.00793240402747,True,0,B,mlx
0.9400000000000001,2945.778076171875,1.1921589374542236,16440.326429086424,16.008181682247457,True,0,B,mlx
0.96,3005.765380859375,1.3263654708862305,16426.76504134354,16.006887740251273,True,0,B,mlx
0.98,3064.2802734375,1.0804390907287598,16431.28172285064,16.005422807011293,True,0,B,mlx
1.0,3122.16357421875,1.2363592386245728,16442.17459793536,16.005888049706193,True,0,B,mlx
1.02,3179.7294921875,1.5036243200302124,16458.52826287431,16.00409086085345,True,0,B,mlx
1.04,3238.8720703125,1.7686657905578613,16471.818392011304,16.002356260274677,True,0,B,mlx
1.06,3300.388671875,2.00192928314209,16466.274773629284,16.003753361672644,True,0,B,mlx
1.08,3356.224365234375,2.0727217197418213,16445.568804614282,16.00472252759293,True,0,B,mlx
1.1,3414.15625,2.16686749458313,16420.842449083473,16.003397861328676,True,0,B,mlx
1.12,3472.644775390625,1.972580075263977,16422.296165068914,16.000639802664423,True,0,B,mlx
1.1400000000000001,3529.9296875,1.676279902458191,16442.71760097752,16.00147259059585,True,0,B,mlx
1.16,3585.08447265625,1.3685314655303955,16468.189234491678,16.0009258434237,True,0,B,mlx
1.18,3641.89599609375,1.5713096857070923,16499.519778167298,16.003072264259025,True,0,B,mlx
1.2,3700.809814453125,1.5531076192855835,16493.722910982848,16.003565004428523,True,0,B,mlx
1.22,3758.692626953125,1.3913729190826416,16477.965192933418,16.002420179914186,True,0,B,mlx
1.24,3818.870849609375,1.428212285041809,16450.328612632245,16.00145426354782,True,0,B,mlx
1.26,3875.647216796875,1.3481981754302979,16451.31647018108,16.000762355857546,True,0,B,mlx
1.28,3933.75341796875,1.3904478549957275,16452.443635950833,16.00125771585518,True,0,B,mlx
1.3,3991.861572265625,1.3586959838867188,16468.07141376794,15.99939402492285,True,0,B,mlx
1.32,4052.2421875,1.3565802574157715,16479.200899937303,15.997715349554158,True,0,B,mlx
1.34,4109.80078125,1.44921875,16466.56891671062,15.999937316658405,True,0,B,mlx
1.36,4166.97314453125,1.508073091506958,16474.893740664244,16.001182555701945,True,0,B,mlx
1.3800000000000001,4221.83251953125,1.4373829364776611,16492.70405735773,15.999648716123938,True,0,B,mlx
1.4000000000000001,4281.06591796875,1.6286531686782837,16515.10909867653,15.999423094983168,True,0,B,mlx
1.42,4338.06982421875,1.6186717748641968,16527.454957259208,16.00003963813139,True,0,B,mlx
1.44,4393.962890625,1.856139063835144,16513.206703007316,15.995209313630543,True,0,B,mlx
1.46,4453.556640625,2.0821876525878906,16502.79411697063,15.993954417826986,True,0,B,mlx
1.48,4511.23046875,1.90179443359375,16487.108705117393,15.993414592831769,True,0,B,mlx
1.5,4571.12451171875,1.6414594650268555,16501.78461456463,15.99445456011173,True,0,B,mlx
1.52,4628.212890625,1.637819528579712,16521.521698585228,15.995712075041775,True,0,B,mlx
1.54,4686.86474609375,1.5430543422698975,16537.290009620083,15.99407148805041,True,0,B,mlx
1.56,4746.470703125,1.6703710556030273,16550.354456464614,15.992444609547817,True,0,B,mlx
1.58,4800.61865234375,1.6932201385498047,16549.02641538095,15.988861232590095,True,0,B,mlx
1.6,4856.34375,1.8683158159255981,16534.978386674982,15.987868069083804,True,0,B,mlx
1.62,4909.41015625,1.7553954124450684,16533.08954899112,15.987813990837468,True,0,B,mlx
1.6400000000000001,4965.453125,1.6723518371582031,16554.566265041478,15.985833297182149,True,0,B,mlx
1.6600000000000001,5019.947265625,1.665841817855835,16588.462106863186,15.984067962653077,True,0,B,mlx
1.68,5074.45556640625,1.7689952850341797,16600.47143729336,15.983366864309218,True,0,B,mlx
1.7,5130.603515625,1.9484506845474243,16605.647001223733,15.982159210004138,True,0,B,mlx
1.72,5187.869140625,1.8701525926589966,16615.58498632656,15.980341078922732,True,0,B,mlx
1.74,5242.5390625,2.022305488586426,16630.519816996155,15.982733802896167,True,0,B,mlx
1.76,5302.0224609375,1.7839802503585815,16636.22211948956,15.98355467210115,True,0,B,mlx
1.78,5355.7509765625,1.913330078125,16631.431391633294,15.983135202579277,True,0,B,mlx
1.8,5411.568359375,1.8763065338134766,16631.207861737385,15.984251580280473,True,0,B,mlx
1.82,5464.8798828125,1.9671480655670166,16630.652335308183,15.985983705676784,True,0,B,mlx
1.84,5519.08203125,1.9899957180023193,16629.87013380011,15.986149538559419,True,0,B,mlx
1.86,5569.9892578125,2.104185104370117,16608.752315537036,15.987007201556366,True,0,B,mlx
1.8800000000000001,5624.2822265625,1.9984744787216187,16598.162822814527,15.987819957075994,True,0,B,mlx
1.9000000000000001,5678.35498046875,1.7468750476837158,16609.517913568623,15.98788449729083,True,0,B,mlx
1.92,5731.4951171875,2.1905441284179688,16625.089482758223,15.987931089388166,True,0,B,mlx
1.94,5784.265625,2.713076114654541,16617.79074800993,15.986976599938018,True,0,B,mlx
1.96,5836.52734375,2.956998586654663,16621.918474484075,15.987891939151758,True,0,B,mlx
1.98,5890.8173828125,2.9016153812408447,16624.187628526164,15.98791339957821,True,0,B,mlx
2.0,5946.01953125,2.330653429031372,16667.26944702878,15.987625920264552,True,0,B,mlx
2.02,5998.060546875,1.824750304222107,16686.887730700935,15.989979497584653,True,0,B,mlx
2.04,6053.716796875,1.868884801864624,16715.634965450907,15.990399492099789,True,0,B,mlx
2.06,6107.73681640625,1.930161714553833,16732.259057730378,15.991257198203702,True,0,B,mlx
2.08,6159.431640625,2.0781915187835693,16737.376455467303,15.991658165264978,True,0,B,mlx
2.1,6214.0390625,1.9789810180664062,16743.1568144291,15.992860945364956,True,0,B,mlx
2.12,6265.21826171875,1.9097404479980469,16761.446951815306,15.994465892432725,True,0,B,mlx
2.14,6318.7451171875,1.9723912477493286,16765.931822965973,15.993860388567189,True,0,B,mlx
2.16,6370.19091796875,2.19020414352417,16774.225133471646,15.992566346959407,True,0,B,mlx
2.18,6422.39501953125,2.2965712547302246,16772.990120085808,15.994219596105761,True,0,B,mlx
2.2,6472.0673828125,2.295846700668335,16787.824972739538,15.995139073150268,True,0,B,mlx
2.22,6526.41015625,2.115415096282959,16808.719402868006,15.994141616530818,True,0,B,mlx
2.24,6580.79150390625,2.2324113845825195,16844.209706448284,15.993118004486986,True,0,B,mlx
2.2600000000000002,6633.82763671875,2.701934576034546,16837.00685301071,15.992965115904653,True,0,B,mlx
2.2800000000000002,6686.880859375,2.6183488368988037,16838.763926809068,15.992835416249177,True,0,B,mlx
2.3000000000000003,6741.0849609375,2.3608362674713135,16833.254912706685,15.99243508872045,True,0,B,mlx
2.32,6795.375,2.521150827407837,16832.854049251153,15.991254555756798,True,0,B,mlx
2.34,6849.89453125,2.506159782409668,16835.07776001768,15.992700720159457,True,0,B,mlx
2.36,6903.5986328125,2.300633192062378,16840.776894444614,15.993917950614527,True,0,B,mlx
2.38,6953.5322265625,2.494807720184326,16864.08997580625,15.992751357183748,True,0,B,mlx
2.4,7003.373046875,2.297273874282837,16890.52035581482,15.992501768607225,True,0,B,mlx
2.42,7057.14453125,2.184387683868408,16922.10399734237,15.992779343805848,True,0,B,mlx
2.44,7105.791015625,2.3541038036346436,16952.836991818003,15.992491406025817,True,0,B,mlx
2.46,7157.3408203125,2.3040771484375,16953.955629521643,15.994776332126449,True,0,B,mlx
2.48,7211.666015625,2.433058738708496,16930.248111459547,15.995630958019943,True,0,B,mlx
2.5,7259.80615234375,2.674889326095581,16922.426366609536,15.995313045850713,True,0,B,mlx
2.52,7310.33837890625,2.4288065433502197,16938.58293868259,15.995600703851823,True,0,B,mlx
2.54,7357.8623046875,2.144852876663208,16971.549841535732,15.99375141073739,True,0,B,mlx
2.56,7412.0810546875,2.3186354637145996,17009.31631480785,15.99536606406209,True,0,B,mlx
2.58,7462.18896484375,2.4399867057800293,17012.65632604733,15.998872095204012,True,0,B,mlx
2.6,7511.5732421875,2.2796921730041504,16996.89251354812,15.999017562135998,True,0,B,mlx
2.62,7560.33203125,2.596811294555664,16977.88520065713,15.999756642450711,True,0,B,mlx
2.64,7610.18505859375,2.596416711807251,16989.526982284533,15.99907665985909,True,0,B,mlx
2.66,7661.9970703125,2.293921947479248,17023.53452450362,15.997761742757035,True,0,B,mlx
2.68,7712.9814453125,2.3486037254333496,17052.28191855387,15.99774610796847,True,0,B,mlx
2.7,7764.109375,2.2620344161987305,17075.61034994779,15.998872385206466,True,0,B,mlx
2.72,7814.52734375,2.5072948932647705,17084.682732990503,16.000950622824327,True,0,B,mlx
2.74,7864.49609375,2.570507287979126,17085.169426810102,16.002363491198068,True,0,B,mlx
2.7600000000000002,7919.6552734375,2.181056022644043,17071.83313697365,16.001408549355393,True,0,B,mlx
2.7800000000000002,7967.787109375,2.5532000064849854,17075.31893272968,16.00159774861937,True,0,B,mlx
2.8000000000000003,8020.40185546875,2.6335997581481934,17074.028949173746,16.002949621804312,True,0,B,mlx
2.82,8068.5888671875,2.821516275405884,17065.239491563716,16.00338140691678,True,0,B,mlx
2.84,8118.6259765625,2.6653501987457275,17063.2096266454,16.002105312171608,True,0,B,mlx
2.86,8164.888671875,2.511901378631592,17077.48832664901,15.99997685852154,True,0,B,mlx
2.88,8218.4599609375,2.8794009685516357,17087.447551105586,16.000600901377233,True,0,B,mlx
2.9,8268.931640625,2.8098859786987305,17102.215721605113,16.001763705328674,True,0,B,mlx
2.92,8316.5751953125,2.9127042293548584,17132.70878555109,16.00083781597044,True,0,B,mlx
2.94,8361.0009765625,2.589414596557617,17137.47077208322,16.000937452189977,True,0,B,mlx
2.96,8407.20703125,2.3654112815856934,17120.30120004547,16.00027824353881,True,0,B,mlx
2.98,8453.9619140625,2.6664912700653076,17126.49049930628,16.001214864694614,True,0,B,mlx
3.0,8502.5029296875,2.533369541168213,17153.05516847034,16.00190853875943,True,0,B,mlx
3.02,8551.6591796875,2.540724992752075,17184.21678436947,16.00301706113746,True,0,B,mlx
3.04,8600.21875,2.6594414710998535,17216.75178725294,16.001856921696277,True,0,B,mlx
3.06,8650.130859375,2.586864948272705,17255.335719351093,16.003486187637744,True,0,B,mlx
3.08,8697.755859375,2.630880355834961,17280.75426495333,16.00341924820946,True,0,B,mlx
3.1,8746.0390625,2.732593536376953,17294.650231776668,16.003832760685135,True,0,B,mlx
3.12,8795.6611328125,2.634206771850586,17267.807199081668,16.004791131428902,True,0,B,mlx
3.14,8843.048828125,3.0654618740081787,17267.74125191331,16.004027527707187,True,0,B,mlx
3.16,8886.8330078125,3.305953025817871,17287.33397089557,16.004490406758144,True,0,B,mlx
3.18,8935.423828125,2.8056204319000244,17320.619829785457,16.003419615509294,True,0,B,mlx
3.2,8982.138671875,3.0489444732666016,17348.70520294408,16.000293692054566,True,0,B,mlx
3.22,9028.646484375,3.0609281063079834,17363.539003073754,16.001312819562628,True,0,B,mlx
3.24,9073.5634765625,2.920687437057495,17376.833639684297,16.001130184416823,True,0,B,mlx
3.2600000000000002,9118.560546875,2.839913845062256,17386.27523350768,16.001228961998937,True,0,B,mlx
3.2800000000000002,9165.345703125,2.8370373249053955,17400.07353743386,16.002628493621785,True,0,B,mlx
3.3000000000000003,9213.599609375,2.624689817428589,17395.767133362602,16.002118379284372,True,0,B,mlx
3.3200000000000003,9262.994140625,2.77616548538208,17385.489319473952,16.001940295770748,True,0,B,mlx
3.34,9312.59375,2.71693754196167,17405.1219090528,16.0022168195871,True,0,B,mlx
3.36,9359.591796875,2.807382345199585,17446.548862014573,16.003019272415138,True,0,B,mlx
3.38,9403.8330078125,2.9092352390289307,17474.008576134198,16.004100979287898,True,0,B,mlx
3.4,9448.841796875,2.7972519397735596,17476.8841155292,16.006318183651462,True,0,B,mlx
3.42,9495.74609375,2.615222215652466,17469.845953670992,16.008068115981978,True,0,B,mlx
3.44,9540.9345703125,2.8682544231414795,17473.466685971503,16.008064298313013,True,0,B,mlx
3.46,9584.955078125,3.144735097885132,17488.492575985405,16.008164365668193,True,0,B,mlx
3.48,9626.861328125,2.766666889190674,17519.383153803996,16.008773262942537,True,0,B,mlx
3.5,9676.107421875,2.684030294418335,17537.091483619133,16.009233119132023,True,0,B,mlx
3.52,9724.3173828125,2.7529985904693604,17543.876053264645,16.00925214470332,True,0,B,mlx
3.54,9764.583984375,3.460846185684204,17548.53609570163,16.009387069387042,True,0,B,mlx
3.56,9811.28515625,3.5576436519622803,17550.945889627503,16.009218316613417,True,0,B,mlx
3.58,9856.51171875,3.262334108352661,17556.037116684183,16.009579042041086,True,0,B,mlx
3.6,9901.119140625,2.770345449447632,17549.689041980586,16.00988205392755,True,0,B,mlx
3.62,9947.185546875,2.77374267578125,17564.62229212863,16.01042358420571,True,0,B,mlx
3.64,9994.060546875,2.930994987487793,17579.762008392783,16.0105463516021,True,0,B,mlx
3.66,10038.943359375,2.725651502609253,17602.00367501018,16.011119648309823,True,0,B,mlx
3.68,10083.115234375,2.7585983276367188,17620.097974520435,16.01176685345924,True,0,B,mlx
3.7,10129.8095703125,3.002354145050049,17648.84253098352,16.011397259061585,True,0,B,mlx
3.72,10174.05859375,2.9544339179992676,17672.537325983645,16.011948303016183,True,0,B,mlx
3.74,10217.21484375,2.856264591217041,17690.437528136004,16.011903845660274,True,0,B,mlx
3.7600000000000002,10265.611328125,2.817599296569824,17691.95757887913,16.012338308284544,True,0,B,mlx
3.7800000000000002,10307.384765625,2.7556331157684326,17689.46014210294,16.012685048850138,True,0,B,mlx
3.8000000000000003,10353.958984375,2.815246343612671,17703.498153283686,16.013447911003706,True,0,B,mlx
3.8200000000000003,10400.607421875,2.766404867172241,17729.106125614817,16.012985191003803,True,0,B,mlx
3.84,10447.59765625,2.9999520778656006,17749.158277068404,16.012284716690733,True,0,B,mlx
3.86,10493.62890625,3.268582344055176,17760.17597230794,16.010296828759515,True,0,B,mlx
3.88,10532.158203125,3.073474168777466,17765.84129625294,16.01033243692509,True,0,B,mlx
3.9,10579.7578125,3.043048620223999,17766.433978716188,16.00941239907439,True,0,B,mlx
3.92,10619.640625,2.770468235015869,17754.49332577288,16.011200913064133,True,0,B,mlx
3.94,10660.890625,3.030606269836426,17766.40886224489,16.011688510286948,True,0,B,mlx
3.96,10699.2275390625,3.004260301589966,17793.80451682189,16.013526186407752,True,0,B,mlx
3.98,10743.65234375,2.955146074295044,17820.909507009572,16.01356114692347,True,0,B,mlx
4.0,10784.30859375,3.128349781036377,17833.129159847645,16.014771066262817,True,0,B,mlx
4.0200000000000005,10828.833984375,2.8816473484039307,17840.331530335337,16.014467244920503,True,0,B,mlx
4.04,10874.30859375,2.7172176837921143,17841.368597077544,16.013723926959514,True,0,B,mlx
4.0600000000000005,10920.2705078125,2.997227907180786,17863.53068456535,16.01562498560455,True,0,B,mlx
4.08,10963.82421875,2.9131226539611816,17902.02696256731,16.017678864253156,True,0,B,mlx
4.1,11007.12109375,2.924529790878296,17929.244891414004,16.017949145597633,True,0,B,mlx
4.12,11052.330078125,3.009416341781616,17940.88600383692,16.017898477850764,True,0,B,mlx
4.14,11096.103515625,2.8326056003570557,17956.116582145904,16.017338278010044,True,0,B,mlx
4.16,11137.470703125,2.9968113899230957,17951.75646140613,16.01805371340963,True,0,B,mlx
4.18,11182.626953125,2.918586254119873,17960.52489576516,16.016790664298128,True,0,B,mlx
4.2,11226.4072265625,3.0850133895874023,17985.563340288416,16.016936117615103,True,0,B,mlx
4.22,11270.9443359375,2.9686079025268555,18031.059708231936,16.01716832092445,True,0,B,mlx
4.24,11315.1318359375,3.0003278255462646,18048.01932479816,16.01821942472796,True,0,B,mlx
4.26,11357.2421875,3.0988857746124268,18017.007495646056,16.017841101079792,True,0,B,mlx
4.28,11398.015625,3.063304901123047,17985.167566312277,16.017501422274503,True,0,B,mlx
4.3,11440.802734375,3.3532440662384033,17996.956105591613,16.018365074039412,True,0,B,mlx
4.32,11483.693359375,3.080850601196289,18027.39070805722,16.020804579945015,True,0,B,mlx
4.34,11519.484375,3.2641677856445312,18042.511174853375,16.018661780544726,True,0,B,mlx
4.36,11563.546875,3.785332679748535,18048.37262841649,16.01721345322332,True,0,B,mlx
4.38,11605.712890625,3.1672379970550537,18061.80663914154,16.017144206758196,True,0,B,mlx
4.4,11649.2734375,2.8508174419403076,18091.03395445447,16.017247882882124,True,0,B,mlx
4.42,11689.341796875,2.772705554962158,18113.736082389085,16.017863629408524,True,0,B,mlx
4.44,11732.34375,3.094183921813965,18112.091593049165,16.01839793598739,True,0,B,mlx
4.46,11775.2734375,2.9863438606262207,18098.14731356726,16.018146057640347,True,0,B,mlx
4.48,11818.064453125,3.340214252471924,18092.033554734156,16.01697312097325,True,0,B,mlx
4.5,11858.73046875,3.152554512023926,18112.46881049285,16.016064510887333,True,0,B,mlx
4.5200000000000005,11901.244140625,3.2046358585357666,18127.049326078024,16.01597364017112,True,0,B,mlx
4.54,11942.1396484375,3.087324619293213,18154.44402760331,16.01605541985938,True,0,B,mlx
4.5600000000000005,11983.83203125,3.226874589920044,18178.520618654053,16.015346046649775,True,0,B,mlx
4.58,12020.767578125,3.2674174308776855,18187.276505179852,16.014955068580125,True,0,B,mlx
4.6000000000000005,12059.3671875,2.9549977779388428,18177.160860281612,16.01514627041504,True,0,B,mlx
4.62,12099.2001953125,2.9699299335479736,18173.77614509632,16.01582152370299,True,0,B,mlx
4.64,12140.84375,3.0662903785705566,18164.486194827266,16.015619621777454,True,0,B,mlx
4.66,12184.1318359375,3.0733776092529297,18154.93784518207,16.015435717291517,True,0,B,mlx
4.68,12224.2890625,2.855741262435913,18161.339935169075,16.01630004325518,True,0,B,mlx
4.7,12265.720703125,3.0695106983184814,18184.200272031085,16.018173149511018,True,0,B,mlx
4.72,12308.2353515625,2.9053213596343994,18204.70076763962,16.018621796741076,True,0,B,mlx
4.74,12345.115234375,3.16268253326416,18222.57474520283,16.020578529040794,True,0,B,mlx
4.76,12389.0078125,3.0944154262542725,18269.472806867987,16.019023567539694,True,0,B,mlx
4.78,12427.548828125,2.8634636402130127,18306.98559541009,16.018946230134322,True,0,B,mlx
4.8,12466.8046875,3.124342441558838,18313.6158238288,16.019934775570054,True,0,B,mlx
4.82,12507.830078125,3.3085238933563232,18282.981620819526,16.019380827587696,True,0,B,mlx
4.84,12548.4072265625,3.4621496200561523,18249.825471426077,16.019365136228828,True,0,B,mlx
4.86,12583.91796875,3.614609718322754,18271.164984521096,16.019152715123465,True,0,B,mlx
4.88,12621.51171875,3.2057371139526367,18326.98725168707,16.01964299351153,True,0,B,mlx
4.9,12664.0048828125,3.1743152141571045,18380.098312771606,16.01949827184525,True,0,B,mlx
4.92,12703.28515625,3.4934206008911133,18404.452164289734,16.01974566109022,True,0,B,mlx
4.94,12743.1015625,3.1245675086975098,18397.0123737199,16.020941174704976,True,0,B,mlx
4.96,12783.0966796875,3.1761512756347656,18382.292791600612,16.019773787798563,True,0,B,mlx
4.98,12824.7783203125,3.52848219871521,18384.971896809067,16.019635276806426,True,0,B,mlx
5.0,12862.666015625,3.219724178314209,18395.184656940746,16.020138726838344,True,0,B,mlx
5.0200000000000005,12901.8125,3.0999386310577393,18394.99973656944,16.019279913495478,True,0,B,mlx
5.04,12943.83984375,3.1041784286499023,18377.04402152896,16.019732215336337,True,0,B,mlx
5.0600000000000005,12983.8076171875,3.284447193145752,18370.59958557237,16.01877552624043,True,0,B,mlx
5.08,13024.376953125,3.6548972129821777,18383.62867515199,16.01757152540327,True,0,B,mlx
5.1000000000000005,13065.458984375,3.503453493118286,18407.706214512513,16.017095507283166,True,0,B,mlx
5.12,13104.6083984375,3.310387134552002,18434.34733116725,16.017207882585605,True,0,B,mlx
5.14,13145.373046875,3.5685625076293945,18467.52721968176,16.017105880386055,True,0,B,mlx
5.16,13187.134765625,3.4626517295837402,18495.171330730027,16.01758190990371,True,0,B,mlx
5.18,13225.7578125,3.668637990951538,18521.7132483653,16.017343694164595,True,0,B,mlx
5.2,13267.56640625,3.1221156120300293,18509.706213953203,16.017919531766566,True,0,B,mlx
5.22,13305.072265625,3.2916362285614014,18489.123967558393,16.017656417681756,True,0,B,mlx
5.24,13343.931640625,3.356501817703247,18485.651592509905,16.01670456659007,True,0,B,mlx
5.26,13381.763671875,3.291114091873169,18500.873525086994,16.01629774187733,True,0,B,mlx
5.28,13418.11328125,3.538084030151367,18522.361419258843,16.015963585409388,True,0,B,mlx
5.3,13455.5234375,3.3698887825012207,18527.342724892555,16.01455898739392,True,0,B,mlx
5.32,13491.8046875,3.158952474594116,18532.640932500955,16.016387439771798,True,0,B,mlx
5.34,13527.966796875,3.3228886127471924,18537.066502389556,16.016525657660665,True,0,B,mlx
5.36,13565.7998046875,3.323010206222534,18544.66209475697,16.01545984236129,True,0,B,mlx
5.38,13603.0625,3.2206029891967773,18558.14411887909,16.014534480640542,True,0,B,mlx
5.4,13639.15234375,3.2505075931549072,18571.772094495012,16.014525829930797,True,0,B,mlx
5.42,13674.84765625,3.440920352935791,18574.85986354592,16.01485345009332,True,0,B,mlx
5.44,13713.2294921875,3.634658098220825,18587.738939103925,16.015132193741454,True,0,B,mlx
5.46,13750.95703125,3.191678762435913,18617.2385226557,16.015494536787255,True,0,B,mlx
5.48,13790.5986328125,3.147498607635498,18647.975242407174,16.015679083378668,True,0,B,mlx
5.5,13824.6103515625,3.2533345222473145,18659.72728611174,16.014671623518,True,0,B,mlx
5.5200000000000005,13863.498046875,3.2002763748168945,18647.98772038776,16.01485242234056,True,0,B,mlx
5.54,13901.7060546875,3.325289011001587,18651.231534539147,16.015371843697782,True,0,B,mlx
5.5600000000000005,13942.2294921875,3.7412493228912354,18654.556639547707,16.01580717501885,True,0,B,mlx
5.58,13978.37109375,3.324561595916748,18657.404220578894,16.015884200266072,True,0,B,mlx
5.6000000000000005,14014.787109375,3.589402198791504,18647.257439445257,16.015359238960265,True,0,B,mlx
5.62,14051.4091796875,3.357089042663574,18646.12786943941,16.016703542362116,True,0,B,mlx
5.64,14087.455078125,3.8697283267974854,18659.1948802341,16.017703044638097,True,0,B,mlx
5.66,14125.005859375,3.4571917057037354,18664.303498588848,16.017641129226053,True,0,B,mlx
5.68,14163.4736328125,3.1608355045318604,18669.918096576952,16.017647019401384,True,0,B,mlx
5.7,14204.7978515625,3.5168020725250244,18692.300406429375,16.01900972895325,True,0,B,mlx
5.72,14241.4775390625,3.483222484588623,18730.207168119356,16.018963992002718,True,0,B,mlx
5.74,14275.0166015625,3.5304012298583984,18742.360874861024,16.01831309542574,True,0,B,mlx
5.76,14314.9736328125,3.235102415084839,18733.231933541265,16.017697341235415,True,0,B,mlx
5.78,14350.5791015625,3.1727678775787354,18706.81629075238,16.01779644584187,True,0,B,mlx
5.8,14388.54296875,3.4865119457244873,18687.73944905353,16.017239464367268,True,0,B,mlx
5.82,14420.7890625,3.886897087097168,18686.295051532932,16.017772786479906,True,0,B,mlx
5.84,14458.11328125,3.784999132156372,18713.18986017606,16.017202900804527,True,0,B,mlx
5.86,14492.4482421875,3.4603805541992188,18748.218546044387,16.017787897331754,True,0,B,mlx
5.88,14530.8828125,3.6414294242858887,18772.24914918821,16.01795945876019,True,0,B,mlx
5.9,14571.09375,3.7592217922210693,18786.37389919325,16.018458147400356,True,0,B,mlx
5.92,14607.525390625,3.9342217445373535,18766.28414445943,16.018825668074747,True,0,B,mlx
5.94,14641.751953125,3.629091262817383,18737.28912065399,16.01746621179451,True,0,B,mlx
5.96,14673.935546875,3.3803651332855225,18733.67178565114,16.018586395485446,True,0,B,mlx
5.98,14709.275390625,3.44627046585083,18772.847085934904,16.018772728996193,True,0,B,mlx
6.0,14742.298828125,3.4433274269104004,18815.356524117946,16.018780155567754,True,0,B,mlx
6.0200000000000005,14778.0537109375,3.3998897075653076,18835.961626585442,16.018790448588522,True,0,B,mlx
6.04,14805.9609375,3.5131261348724365,18844.78102835767,16.019597908187162,True,0,B,mlx
6.0600000000000005,14842.3046875,3.8172006607055664,18825.714633044463,16.020206368292516,True,0,B,mlx
6.08,14879.490234375,3.6766462326049805,18817.020842644284,16.020735447517122,True,0,B,mlx
6.1000000000000005,14915.10546875,3.7093019485473633,18827.801878403716,16.020453184900695,True,0,B,mlx
6.12,14952.8515625,3.3697128295898438,18849.536346021614,16.019972250284216,True,0,B,mlx
6.140000000000001,14988.2333984375,3.8153059482574463,18855.359913373548,16.02048739592118,True,0,B,mlx
6.16,15023.703125,3.4871602058410645,18858.030418949515,16.02097786242789,True,0,B,mlx
6.18,15055.0078125,3.959203004837036,18853.61638393065,16.020384341550816,True,0,B,mlx
6.2,15092.9052734375,3.3129804134368896,18858.511379901767,16.019535707503632,True,0,B,mlx
6.22,15131.62890625,3.9475209712982178,18856.264974160702,16.019797868770986,True,0,B,mlx
6.24,15162.154296875,3.5104153156280518,18882.144688303117,16.01895639065929,True,0,B,mlx
6.26,15196.27734375,3.434262990951538,18910.734415459217,16.018582628031858,True,0,B,mlx
6.28,15232.55859375,4.060550212860107,18903.041032362096,16.018549627359178,True,0,B,mlx
6.3,15268.7890625,3.7779765129089355,18892.570040896044,16.01729238312637,True,0,B,mlx
6.32,15305.564453125,3.7575480937957764,18889.67489648539,16.015341261057046,True,0,B,mlx
6.34,15340.8369140625,3.4071836471557617,18874.080406566663,16.015827806646165,True,0,B,mlx
6.36,15371.7529296875,3.4253668785095215,18864.277368537412,16.01562047912586,True,0,B,mlx
6.38,15411.8623046875,3.8232288360595703,18878.802691695913,16.01537709656807,True,0,B,mlx
6.4,15444.8203125,3.8483505249023438,18881.673826352253,16.01426802775837,True,0,B,mlx
6.42,15481.138671875,4.202603340148926,18893.536510305894,16.013479397458347,True,0,B,mlx
6.44,15514.6533203125,3.6579184532165527,18902.380796572874,16.012097682609717,True,0,B,mlx
6.46,15546.498046875,3.845064640045166,18919.351082365218,16.011501598570852,True,0,B,mlx
6.48,15580.29296875,3.739668607711792,18944.01291510549,16.011395632069476,True,0,B,mlx
6.5,15613.1416015625,3.8160758018493652,18963.435905669296,16.01121182945874,True,0,B,mlx
6.5200000000000005,15645.80859375,3.922565221786499,18960.568472129977,16.011349484233484,True,0,B,mlx
6.54,15680.1513671875,3.7162108421325684,18948.700845812826,16.010531861646502,True,0,B,mlx
6.5600000000000005,15714.8642578125,3.8209238052368164,18955.162056989044,16.01084991295481,True,0,B,mlx
6.58,15744.85546875,3.4291720390319824,18979.935190955628,16.009720592005227,True,0,B,mlx
6.6000000000000005,15782.1650390625,3.4680521488189697,19002.6726136943,16.00967800259256,True,0,B,mlx
6.62,15812.3671875,3.838104248046875,19008.715680565303,16.010227173894837,True,0,B,mlx
6.640000000000001,15848.2197265625,3.930464506149292,19010.66944127138,16.00998038828103,True,0,B,mlx
6.66,15885.3154296875,3.754795551300049,18990.988832180014,16.0091819569751,True,0,B,mlx
6.68,15917.107421875,3.764678478240967,18999.255297478703,16.00771076925733,True,0,B,mlx
6.7,15952.1279296875,3.604923963546753,19002.958891441787,16.00658977783944,True,0,B,mlx
6.72,15985.66015625,3.455265760421753,18994.600167350764,16.005984697549774,True,0,B,mlx
6.74,16020.5390625,3.775979995727539,19013.72876399167,16.004125389987436,True,0,B,mlx
6.76,16048.103515625,3.8032803535461426,19035.91028835325,16.003827292980926,True,0,B,mlx
6.78,16080.607421875,3.9281787872314453,19064.421079105945,16.00319173826611,True,0,B,mlx
6.8,16116.599609375,4.7069573402404785,19075.743214741553,16.002655238420257,True,0,B,mlx
6.82,16150.8154296875,3.763455867767334,19068.16438667189,16.002441921693435,True,0,B,mlx
6.84,16185.51953125,3.527506113052368,19055.089302645258,16.000839231333853,True,0,B,mlx
6.86,16215.5546875,3.567944288253784,19058.813545751615,15.99970324404366,True,0,B,mlx
6.88,16247.16015625,3.845012664794922,19074.774294068862,15.997695449374195,True,0,B,mlx
6.9,16280.44140625,3.896488666534424,19066.98952792503,15.997607788668104,True,0,B,mlx
6.92,16307.8642578125,3.66865873336792,19057.44340803183,15.996478737569136,True,0,B,mlx
6.94,16344.044921875,3.856649398803711,19079.738956097128,15.995559659234747,True,0,B,mlx
6.96,16376.1474609375,4.475383281707764,19070.516397506006,15.994636026709232,True,0,B,mlx
6.98,16407.205078125,3.824313163757324,19056.872676477476,15.993607253185674,True,0,B,mlx
7.0,16437.912109375,3.592417001724243,19050.78541571548,15.993531696260979,True,0,B,mlx
7.0200000000000005,16468.2734375,3.6835811138153076,19056.354760560364,15.993247205891523,True,0,B,mlx
7.04,16502.576171875,3.918581485748291,19073.136812624118,15.992408564591502,True,0,B,mlx
7.0600000000000005,16532.97265625,3.566295623779297,19105.16914420824,15.989093560798807,True,0,B,mlx
7.08,16569.59375,4.074029922485352,19118.97672092991,15.987747867171532,True,0,B,mlx
7.1000000000000005,16600.46484375,3.7862143516540527,19125.556229331185,15.98632908183517,True,0,B,mlx
7.12,16635.005859375,3.407726287841797,19138.019017479975,15.986548631386334,True,0,B,mlx
7.140000000000001,16667.65234375,3.835891008377075,19118.88100861415,15.985418778743577,True,0,B,mlx
7.16,16699.62890625,4.212777614593506,19131.692904053525,15.982433986478123,True,0,B,mlx
7.18,16730.12890625,3.7126874923706055,19174.702411821687,15.98231400379293,True,0,B,mlx
7.2,16755.87109375,3.92060923576355,19154.755231827614,15.980459867300365,True,0,B,mlx
7.22,16791.412109375,3.629446029663086,19120.237396522363,15.977416244694403,True,0,B,mlx
7.24,16826.30078125,3.79868221282959,19149.715899875453,15.976813896335743,True,0,B,mlx
7.26,16853.12109375,3.8801064491271973,19190.917084656427,15.974659353603641,True,0,B,mlx
7.28,16888.18359375,3.523103952407837,19196.83074729668,15.972675742981238,True,0,B,mlx
7.3,16921.421875,3.8399791717529297,19170.33447238559,15.971344192310633,True,0,B,mlx
7.32,16947.37109375,3.7353367805480957,19170.555062111656,15.971400345812222,True,0,B,mlx
7.34,16980.23828125,3.9314401149749756,19202.16474774952,15.9704426245086,True,0,B,mlx
7.36,17007.51953125,3.8070669174194336,19202.769283696558,15.969794851052301,True,0,B,mlx
7.38,17037.23046875,3.9603424072265625,19194.96163278657,15.966902539001802,True,0,B,mlx
7.4,17072.44921875,3.9066922664642334,19222.857048994458,15.965762250899337,True,0,B,mlx
7.42,17104.083984375,3.9459996223449707,19252.268529649682,15.964194288467551,True,0,B,mlx
7.44,17131.349609375,3.949913501739502,19253.10213462097,15.964314502465653,True,0,B,mlx
7.46,17162.53125,4.107343673706055,19256.675564427005,15.963506213341573,True,0,B,mlx
7.48,17191.3828125,4.23079252243042,19282.594174308204,15.96090035069018,True,0,B,mlx
7.5,17223.20703125,3.796567916870117,19279.022291590387,15.958823183561556,True,0,B,mlx
7.5200000000000005,17255.619140625,4.055528163909912,19280.66368767629,15.959218927269008,True,0,B,mlx
7.54,17285.78125,4.014071464538574,19287.609038686936,15.957233937299252,True,0,B,mlx
7.5600000000000005,17320.33203125,3.623830795288086,19286.94824129785,15.95696206365208,True,0,B,mlx
7.58,17358.88671875,3.5847156047821045,19314.967981505266,15.956121279052956,True,0,B,mlx
7.6000000000000005,17390.0078125,3.7206690311431885,19335.503420100395,15.955947133332092,True,0,B,mlx
7.62,17420.65625,3.7141809463500977,19329.065865774406,15.954695227484654,True,0,B,mlx
7.640000000000001,17454.76171875,3.8297016620635986,19348.62768947882,15.953608090557243,True,0,B,mlx
7.66,17488.515625,3.7513508796691895,19376.30123903052,15.95259728121198,True,0,B,mlx
7.68,17519.66015625,3.88545823097229,19370.773352889035,15.952633179571828,True,0,B,mlx
7.7,17548.73828125,3.603574752807617,19396.462056196222,15.952598904052445,True,0,B,mlx
7.72,17573.75390625,3.649528980255127,19409.207476827818,15.95403003773045,True,0,B,mlx
7.74,17603.259765625,3.8163840770721436,19387.397331316195,15.952924133411802,True,0,B,mlx
7.76,17636.6171875,3.931553602218628,19381.823033144014,15.953013456119637,True,0,B,mlx
7.78,17662.38671875,4.513368606567383,19414.615763672704,15.952413967219172,True,0,B,mlx
7.8,17690.05859375,3.886803388595581,19459.82943436889,15.951418836915405,True,0,B,mlx
7.82,17720.58984375,4.0506134033203125,19467.512553385048,15.950998155065815,True,0,B,mlx
7.84,17750.998046875,3.8010683059692383,19453.822445468868,15.949181997040988,True,0,B,mlx
7.86,17790.552734375,4.059763431549072,19452.069413179703,15.948497769191398,True,0,B,mlx
7.88,17816.546875,3.8171026706695557,19474.07962186821,15.948988568401237,True,0,B,mlx
7.9,17849.89453125,4.012372970581055,19472.938796799404,15.94864568304817,True,0,B,mlx
7.92,17882.109375,4.314990520477295,19471.500100213514,15.948274314578889,True,0,B,mlx
7.94,17907.861328125,3.826854705810547,19522.93893448517,15.946926105347698,True,0,B,mlx
7.96,17936.1796875,3.7762198448181152,19540.402239180094,15.947047702427497,True,0,B,mlx
7.98,17964.765625,4.049967288970947,19531.33730243839,15.947242759137673,True,0,B,mlx
8.0,17994.552734375,3.8414862155914307,19558.692163341657,15.94759342080895,True,0,B,mlx
