t,R_lin_field,R_lin_Pi,leak_A,leak_B,leak_S,pair_sep,n_det,two_blobs,norm_A,norm_B,norm_S,finite
0.0,6.619925332835169e-09,7.125234585754469e-10,1.1920929310349493e-07,1.1920929310349493e-07,5.893687768931954e-07,6.0,2,True,0.9999999403953552,0.9999999403953552,0.9999999403953552,True
0.02,0.2907032239616102,0.03409310030539703,0.9852394221087439,0.9843359333280093,0.9846736036366546,6.0,2,True,8.136966705322266,8.140721321105957,8.139220237731934,True
0.04,0.2918856369605788,0.0736449489752002,0.9926280521087053,0.992088708782271,0.9922333010546894,6.0,2,True,11.473136901855469,11.476595878601074,11.475234031677246,True
0.06,0.292363664955909,0.11807480000650027,0.9951508752118667,0.99490655954385,0.9949072490899602,6.0,2,True,14.028406143188477,14.030767440795898,14.02968978881836,True
0.08,0.2927037373829612,0.17419548377993543,0.9966006200712819,0.9961518079913801,0.9961962871492509,6.0,2,True,16.18490982055664,16.18980598449707,16.187074661254883,True
0.1,0.2930220516211139,0.23979408682637296,0.99736507001961,0.9970741603199824,0.996858521775278,6.0,2,True,18.08468246459961,18.08930015563965,18.0869197845459,True
0.12,0.29339330758989773,0.3308968389300699,0.9980194756706978,0.9980013740622419,0.9974214443316359,6.0,2,True,19.808006286621094,19.811983108520508,19.81022834777832,True
0.14,0.2938561746174097,0.47501044702227496,0.9985126860678669,0.9988170765783347,0.9978074230479265,6.0,2,True,21.374794006347656,21.378387451171875,21.37688446044922,True
0.16,0.2944184457482443,0.7599742917626491,0.9989947148991697,0.9995185819518477,0.99817139217836,6.0,2,True,22.850290298461914,22.853605270385742,22.851778030395508,True
0.18,0.2949049000949203,1.3482745453365488,0.9994249168165382,0.9998903479049897,0.9984039819130489,6.0,2,True,24.216100692749023,24.218530654907227,24.21743392944336,True
0.2,0.29513822666893,2.571021972810396,0.9997452434272838,0.999987071952204,0.9985407870813777,6.0,2,True,25.505760192871094,25.50766372680664,25.50741195678711,True
0.22,0.29510189991622987,2.9877649831424957,0.9999286006942598,0.9999188871233237,0.9986509414236172,6.0,2,True,26.732994079589844,26.734722137451172,26.735027313232422,True
0.24,0.2948907684472552,2.6748330142893035,0.9999780283276576,0.999778795212958,0.9987664080132674,nan,3,False,27.889972686767578,27.892717361450195,27.892637252807617,True
0.26,0.2946224828592513,2.027937440647135,0.999955086202067,0.9996579778595336,0.9988582300136261,6.0,2,True,29.01938247680664,29.020967483520508,29.021936416625977,True
0.28,0.29440512658542206,1.637302279053434,0.9999055482834864,0.999579649627533,0.9989305924343871,nan,1,False,30.091033935546875,30.093017578125,30.094100952148438,True
0.3,0.2942612268629555,1.4610094356671226,0.9998452852084961,0.9995809881847698,0.9990483293873706,nan,3,False,31.141250610351562,31.143117904663086,31.143505096435547,True
0.32,0.2941224759430822,1.3725012422729725,0.999787618448482,0.9996320218784268,0.9991395571438286,nan,1,False,32.16078567504883,32.16191482543945,32.16297149658203,True
0.34,0.2940039867091833,1.3230027056500462,0.9997405701317721,0.9996898673703536,0.9991875085611106,nan,1,False,33.13835525512695,33.13937759399414,33.141021728515625,True
0.36,0.2938831556102634,1.318677925694606,0.9997111328624807,0.9997590408015705,0.9992463260721074,nan,1,False,34.083465576171875,34.08350372314453,34.085933685302734,True
0.38,0.2937762349104398,1.2886303941948327,0.9996737690999078,0.9998063405463945,0.9992629189493584,nan,1,False,35.010169982910156,35.01072692871094,35.013126373291016,True
0.4,0.29369799457596785,1.2682762103545908,0.9996384688865397,0.9998444535427103,0.9992949168274923,nan,1,False,35.88801193237305,35.88840103149414,35.890926361083984,True
0.42,0.2936639158485846,1.2628277073275598,0.9996229571744059,0.9998665021281745,0.9993519550146106,nan,1,False,36.75389862060547,36.753597259521484,36.75595474243164,True
0.44,0.29363342550937926,1.3000049484645713,0.9996483832877117,0.9998920853616358,0.9994028103590975,nan,1,False,37.600040435791016,37.59992980957031,37.601924896240234,True
0.46,0.29359427955785183,1.3735050699226816,0.9997040655768012,0.9999127841015932,0.9994546502520448,nan,1,False,38.431427001953125,38.43143844604492,38.433441162109375,True
0.48,0.2935489649821279,1.4754752248575729,0.999763990957661,0.9999319030222994,0.9995016095813333,nan,1,False,39.2314338684082,39.23137664794922,39.23330307006836,True
0.5,0.29349909374070343,1.5253468727433004,0.9998023350603827,0.9999373948473896,0.9995540011655419,nan,1,False,40.01791763305664,40.01853942871094,40.019866943359375,True
0.52,0.29345344948293256,1.5296485145965653,0.9998266363923708,0.999938925436329,0.9995872448926975,nan,3,False,40.8035888671875,40.804100036621094,40.805301666259766,True
0.54,0.2934111399771167,1.499523420056524,0.9998334197282184,0.999942231187993,0.9996132265888653,nan,1,False,41.53903579711914,41.53936004638672,41.54084396362305,True
0.56,0.2933835061919914,1.5095901447809186,0.9998470575747991,0.9999500610258992,0.999653423258967,nan,1,False,42.28749465942383,42.2869758605957,42.288761138916016,True
0.58,0.2933521660531866,1.4386821426439291,0.9998495365798733,0.9999527137977068,0.9996718838414205,nan,1,False,43.02222442626953,43.02170944213867,43.023704528808594,True
0.6,0.29333966090680974,1.4402636231418335,0.9998675805768014,0.9999609567219706,0.9997153958729906,nan,1,False,43.737361907958984,43.73714828491211,43.738975524902344,True
0.62,0.29335356953316943,1.4224781108979276,0.9998828427034882,0.999967254758825,0.9997579808228263,nan,1,False,44.428314208984375,44.42823791503906,44.43013381958008,True
0.64,0.2933847853135769,1.3479747783264895,0.999893959472052,0.999967046548901,0.99980528187649,nan,1,False,45.100406646728516,45.100563049316406,45.102535247802734,True
0.66,0.2934092922407562,1.280531386970201,0.999906781967035,0.9999696735257931,0.9998353693131915,nan,1,False,45.797325134277344,45.79752731323242,45.799415588378906,True
0.68,0.2934033825209934,1.1878210395940472,0.9999120569488227,0.9999700994959096,0.9998556633979154,nan,1,False,46.45682144165039,46.457035064697266,46.4586067199707,True
0.7000000000000001,0.2933527854439024,1.0839684017954847,0.9999146527394364,0.9999666370072334,0.9998711079886735,nan,1,False,47.116737365722656,47.1168212890625,47.11884307861328,True
0.72,0.2933030215733485,1.0739295172541559,0.9999294749609962,0.9999709819231908,0.9998796643547913,nan,1,False,47.782413482666016,47.78239822387695,47.78437042236328,True
0.74,0.2932687926926745,0.9770510451060587,0.999928680351575,0.9999674112371041,0.9998677497666372,nan,1,False,48.416717529296875,48.417015075683594,48.4187126159668,True
0.76,0.2932431560110846,0.9538386913417175,0.9999369918008643,0.9999688367463212,0.9998492924951659,nan,4,False,49.01787185668945,49.01862335205078,49.02045822143555,True
0.78,0.2932462064056369,0.9719941323848889,0.9999395392442259,0.9999702067393348,0.9998351962013866,nan,7,False,49.64122772216797,49.642066955566406,49.64352035522461,True
0.8,0.2932449169943051,1.0102810028821756,0.9999448546592875,0.9999705340357058,0.9998217097068263,nan,9,False,50.243831634521484,50.24480438232422,50.246273040771484,True
0.8200000000000001,0.29323822644712144,1.0203714240230248,0.9999496577434103,0.9999685947395861,0.9998043085341161,nan,52,False,50.83129119873047,50.832218170166016,50.833683013916016,True
0.84,0.2932239319195546,1.054897098012758,0.999952557602735,0.9999702213846221,0.9998035870142605,nan,185,False,51.4218864440918,51.422298431396484,51.42375183105469,True
0.86,0.29320051143171505,1.0616118693512642,0.9999569444933181,0.9999699001032867,0.999802424840518,nan,385,False,52.004512786865234,52.00484085083008,52.006492614746094,True
0.88,0.29318018234723553,1.1415923600316953,0.9999639685857163,0.9999725497294373,0.9998165820545598,nan,600,False,52.579200744628906,52.57927322387695,52.5809440612793,True
0.9,0.29316249008095596,1.1861842094094535,0.999968404997636,0.9999742484850485,0.9998275384746411,nan,813,False,53.14765167236328,53.147239685058594,53.149051666259766,True
0.92,0.29315415265186584,1.2543759925437032,0.9999741132242643,0.9999756049912122,0.9998426661776288,nan,1637,False,53.720184326171875,53.71952819824219,53.72108459472656,True
0.9400000000000001,0.2931494389853502,1.2766828821551781,0.9999777540027162,0.9999763819495034,0.9998523344787241,nan,3641,False,54.27553939819336,54.2750244140625,54.27634811401367,True
0.96,0.29314097272408984,1.1793549474432485,0.9999794463331002,0.9999733095073647,0.9998501409186664,nan,6295,False,54.825775146484375,54.824859619140625,54.826663970947266,True
0.98,0.2931369390408018,1.098688702868224,0.9999798521185864,0.999972438970154,0.9998593832428763,nan,9067,False,55.356327056884766,55.35594177246094,55.35745620727539,True
1.0,0.2931358952825759,1.1053650927087428,0.9999842485573847,0.9999749847493029,0.9998797884103966,nan,8403,False,55.876583099365234,55.87632369995117,55.87760925292969,True
1.02,0.2931329232380688,1.0670008048375812,0.9999863612329074,0.9999768670745012,0.999896994640949,nan,6799,False,56.389678955078125,56.38909149169922,56.390602111816406,True
1.04,0.2931319394879195,0.957625780979249,0.9999874488351103,0.9999767909449699,0.9999048521740713,nan,5115,False,56.912254333496094,56.91109085083008,56.91276168823242,True
1.06,0.2931313763302746,0.8767094143131737,0.9999875447481418,0.9999779103647871,0.9999166808001478,nan,3773,False,57.45011901855469,57.449012756347656,57.450443267822266,True
1.08,0.2931279091301579,0.7588782231000878,0.9999869085748541,0.9999782111574924,0.9999220317982143,nan,3612,False,57.93428039550781,57.93292999267578,57.934547424316406,True
1.1,0.2931221651577167,0.6404233340561035,0.9999861087836758,0.9999772718450519,0.9999260676278605,nan,3353,False,58.43208694458008,58.430782318115234,58.43263626098633,True
1.12,0.29312229329643563,0.5745372851114251,0.9999864555111225,0.9999777376158644,0.9999333846054739,nan,4684,False,58.92997360229492,58.92914962768555,58.93058395385742,True
1.1400000000000001,0.2931199826456692,0.5141288484395559,0.9999858829020554,0.999978414065382,0.9999392992819894,nan,6884,False,59.41423034667969,59.413211822509766,59.41481018066406,True
1.16,0.2931205042687895,0.44289391918188975,0.999983057064852,0.9999779656288134,0.9999419105560804,nan,8736,False,59.87627029418945,59.87557601928711,59.87687683105469,True
1.18,0.2931207131963836,0.43760197519319516,0.9999846938036147,0.9999793371090737,0.9999494903987071,nan,7834,False,60.34891891479492,60.34812545776367,60.34934616088867,True
1.2,0.2931126912582853,0.395214205478015,0.9999839509755065,0.9999795423625987,0.9999525354086775,nan,8068,False,60.83549499511719,60.83428192138672,60.83625793457031,True
1.22,0.293115401030801,0.33115807781297424,0.9999833209604181,0.9999798514181458,0.9999536922031036,nan,8934,False,61.30918884277344,61.30817794799805,61.3096809387207,True
1.24,0.2931111856743612,0.3344593738232208,0.9999852379420704,0.9999818766886682,0.9999601628110473,nan,8817,False,61.798187255859375,61.79701232910156,61.79880142211914,True
1.26,0.2931061052613603,0.2943271259331319,0.9999856739171749,0.9999830365608061,0.9999628624983704,nan,9136,False,62.25584030151367,62.254695892333984,62.2567253112793,True
1.28,0.29310265773642824,0.2894535258472337,0.999986522846403,0.9999854945019143,0.9999676426102305,nan,9142,False,62.72093200683594,62.719642639160156,62.721824645996094,True
1.3,0.2930994628106993,0.274160151403864,0.9999859248401797,0.9999850150063291,0.9999691323133365,nan,9263,False,63.182735443115234,63.181182861328125,63.183563232421875,True
1.32,0.29309946690077354,0.27866224241414034,0.9999882327363562,0.9999874406449398,0.9999737619122241,nan,9235,False,63.65934371948242,63.657222747802734,63.659690856933594,True
1.34,0.29309494919059303,0.3085605018318617,0.999990528850524,0.9999887946574637,0.9999782196646605,nan,8985,False,64.10997772216797,64.10772705078125,64.11051177978516,True
1.36,0.29309223735149487,0.28217334009605194,0.9999891658453572,0.9999873844007068,0.9999775654497242,nan,8900,False,64.5543212890625,64.55209350585938,64.55500030517578,True
1.3800000000000001,0.29309484918795614,0.3178069569270143,0.9999904424812047,0.9999892897386254,0.9999815407903223,nan,9281,False,64.97745513916016,64.97563171386719,64.97797393798828,True
1.4000000000000001,0.2930911915273307,0.31551755340787047,0.9999897004169906,0.9999900100935064,0.9999825361571479,nan,8723,False,65.43185424804688,65.42985534667969,65.43244934082031,True
1.42,0.29309095164774596,0.3327307565287464,0.999989768756746,0.9999893969199938,0.9999838040991462,nan,8903,False,65.86563873291016,65.86402893066406,65.86629486083984,True
1.44,0.29308776992371066,0.34955762387030664,0.9999901157609024,0.9999886789873699,0.9999850671912558,nan,8023,False,66.28858184814453,66.28697204589844,66.2894287109375,True
1.46,0.2930857561459386,0.37650399847797317,0.9999918533999416,0.9999906503714362,0.9999881401845929,nan,6944,False,66.73651123046875,66.73497009277344,66.73746490478516,True
1.48,0.2930841532302909,0.4008627480020517,0.9999927236277192,0.9999921683002024,0.9999902828832768,nan,8037,False,67.16728210449219,67.16569519042969,67.16824340820312,True
1.5,0.29308545187107743,0.4186623727639779,0.999993725945202,0.9999924730804994,0.9999916680060361,nan,9106,False,67.61161041259766,67.61009216308594,67.61231994628906,True
1.52,0.2930851728300929,0.431562577993253,0.9999941221783903,0.9999931188448793,0.9999927983284571,nan,9135,False,68.03209686279297,68.03096771240234,68.03287506103516,True
1.54,0.29308306432955833,0.4610455379046635,0.9999961447618169,0.99999501990749,0.9999948217451812,nan,9363,False,68.46202850341797,68.46068572998047,68.46276092529297,True
1.56,0.2930786636950442,0.47567962814054005,0.9999967222975509,0.9999959980077399,0.9999956990690261,nan,9182,False,68.89569091796875,68.89463806152344,68.89688873291016,True
1.58,0.2930787957646104,0.4758676579773346,0.9999967946719922,0.9999953049566983,0.9999958024529106,nan,9143,False,69.28729248046875,69.28649139404297,69.28851318359375,True
1.6,0.2930774259684158,0.4486370419625662,0.9999971556888801,0.9999963220758789,0.9999958392508995,nan,8628,False,69.68830108642578,69.68746948242188,69.6895523071289,True
1.62,0.2930772117405869,0.42447298977136494,0.9999974464484002,0.9999968571050811,0.9999958824604931,nan,9056,False,70.06807708740234,70.06718444824219,70.06924438476562,True
1.6400000000000001,0.2930770759181526,0.33649939482401015,0.9999964467075834,0.999996129816623,0.9999943183269404,nan,9357,False,70.46642303466797,70.46597290039062,70.4677505493164,True
1.6600000000000001,0.2930773355693491,0.3300810913285379,0.9999963214894934,0.999995826422953,0.9999941567372994,nan,9341,False,70.8521957397461,70.8515853881836,70.8533706665039,True
1.68,0.29307275954072665,0.28811504199294236,0.9999965270830723,0.9999958547133783,0.9999939438865477,nan,9170,False,71.23601531982422,71.23521423339844,71.23750305175781,True
1.7,0.29307326032303865,0.21674437437221253,0.9999961929979718,0.9999965951105415,0.9999936982225572,nan,8797,False,71.62922668457031,71.62822723388672,71.63050842285156,True
1.72,0.29307332400027025,0.16319351329578205,0.999994544583128,0.9999955027948909,0.9999916875964281,nan,9056,False,72.02800750732422,72.02686309814453,72.02914428710938,True
1.74,0.29307248104889166,0.12130789132045668,0.9999948432461564,0.9999962840876632,0.9999922003859828,nan,8721,False,72.4064712524414,72.40538024902344,72.40767669677734,True
1.76,0.29307079013209464,0.09995573582552615,0.999994665611992,0.9999961082271152,0.9999919586364119,nan,9421,False,72.81609344482422,72.81498718261719,72.81743621826172,True
1.78,0.2930696366137043,0.10323577843032475,0.9999937302075664,0.9999954907342511,0.9999910268910347,nan,9053,False,73.18418884277344,73.18299865722656,73.18563079833984,True
1.8,0.2930727099447833,0.09937306396583305,0.9999944213327405,0.9999961662740133,0.9999920483597822,nan,9183,False,73.56459045410156,73.56336212158203,73.56571197509766,True
1.82,0.2930728442400463,0.11015403446745187,0.9999953621753827,0.9999969340829616,0.9999933492159453,nan,9057,False,73.92560577392578,73.9248275756836,73.92696380615234,True
1.84,0.29307390813145867,0.11642254215753066,0.9999960118164322,0.9999974334450931,0.999994219106556,nan,9007,False,74.29154205322266,74.29052734375,74.29268646240234,True
1.86,0.29307511307034284,0.12155868997958158,0.9999954711521555,0.9999967593898829,0.9999934814158741,nan,8877,False,74.63336944580078,74.63236236572266,74.63442993164062,True
1.8800000000000001,0.2930751768855046,0.1501595287662057,0.9999951919536164,0.9999965435203645,0.9999933510401531,nan,9142,False,74.99588775634766,74.9952163696289,74.99711608886719,True
1.9000000000000001,0.2930754076814799,0.18027233177384178,0.9999958111989747,0.9999972405795295,0.9999944011014595,nan,9494,False,75.35529327392578,75.35486602783203,75.35663604736328,True
1.92,0.2930779851034785,0.16871354413517814,0.9999949585734884,0.9999962252736967,0.9999931641154508,nan,8705,False,75.70637512207031,75.7066421508789,75.70783233642578,True
1.94,0.29307906887439256,0.1773505537926834,0.9999952610577264,0.9999963617371137,0.9999935383513491,nan,6871,False,76.05358123779297,76.05435943603516,76.05525970458984,True
1.96,0.2930811267129243,0.20096623691798382,0.9999957582418798,0.9999963838541943,0.9999940669924738,nan,5960,False,76.39622497558594,76.39717102050781,76.3978500366211,True
1.98,0.2930800993350921,0.21878762547068367,0.9999958679610644,0.9999961480233315,0.999994173065651,nan,6358,False,76.75071716308594,76.75166320800781,76.75255584716797,True
2.0,0.2930852352320078,0.23920232107839007,0.9999965300479563,0.9999963886139044,0.9999949270181321,nan,8543,False,77.1093521118164,77.11043548583984,77.11080169677734,True
2.02,0.29308259728706715,0.266928082929893,0.9999963253396389,0.9999958426891816,0.9999948458727606,nan,9379,False,77.44647979736328,77.4471435546875,77.44811248779297,True
2.04,0.29308252910324695,0.25087399473873195,0.9999969349360245,0.9999962165674692,0.9999953205441819,nan,9410,False,77.8046875,77.80563354492188,77.80654907226562,True
2.06,0.29308189944696006,0.2598252137194713,0.9999965384890805,0.9999958018979577,0.9999950366311511,nan,9385,False,78.15103149414062,78.15200805664062,78.153076171875,True
2.08,0.2930838575371681,0.24555577322682318,0.9999958838463632,0.9999951611098782,0.9999942506822432,nan,9220,False,78.48160552978516,78.48204803466797,78.48326873779297,True
2.1,0.29308447476894717,0.24621045210409093,0.9999940988331929,0.9999934254716528,0.9999923478104221,nan,9394,False,78.82906341552734,78.82917785644531,78.83061218261719,True
2.12,0.2930859124086567,0.24001128936202734,0.9999938214325199,0.9999933449293366,0.9999921054243744,nan,9503,False,79.15300750732422,79.15313720703125,79.15455627441406,True
2.14,0.2930887850464808,0.2502699676273151,0.9999938144851807,0.999993634606532,0.9999924764470195,nan,9520,False,79.49024963378906,79.49053192138672,79.49170684814453,True
2.16,0.2930925578413217,0.2530716832838455,0.9999929897119494,0.9999931223615423,0.9999918307392983,nan,9139,False,79.8133316040039,79.8134765625,79.8144760131836,True
2.18,0.2930961023191725,0.2567157332604057,0.9999925857118689,0.9999929963230544,0.9999916298082734,nan,9049,False,80.1398696899414,80.13984680175781,80.14070129394531,True
2.2,0.29309906141671177,0.24831512142732712,0.9999926381342582,0.9999932823321752,0.9999916776457949,nan,9100,False,80.44927978515625,80.44915771484375,80.44990539550781,True
2.22,0.29310265759282755,0.2523181864478834,0.9999913309173186,0.9999922729879005,0.999990462410714,nan,9346,False,80.78609466552734,80.78619384765625,80.7865982055664,True
2.24,0.2931052519309046,0.25842383703709193,0.9999916723852754,0.99999275994022,0.9999910289654891,nan,9178,False,81.12176513671875,81.12207794189453,81.12226104736328,True
2.2600000000000002,0.29310413513755673,0.27029488272215835,0.9999916506863158,0.9999929064665884,0.9999913238024194,nan,8288,False,81.44817352294922,81.44831085205078,81.44892120361328,True
2.2800000000000002,0.2931074139450114,0.27088839572150986,0.999991169322484,0.9999925790444372,0.99999091493199,nan,8494,False,81.77336120605469,81.77335357666016,81.77387237548828,True
2.3000000000000003,0.293108629048761,0.27782066396209787,0.9999893836441697,0.9999909806267427,0.9999893102062241,nan,9009,False,82.10430145263672,82.10411071777344,82.10482788085938,True
2.32,0.2931102678286286,0.28656599648880243,0.9999903764477827,0.9999919411260657,0.9999905111496513,nan,8892,False,82.4345474243164,82.43406677246094,82.43500518798828,True
2.34,0.2931139022155157,0.2894741628009897,0.9999918537581152,0.9999932654485473,0.9999919418180158,nan,8883,False,82.76460266113281,82.76409149169922,82.7649154663086,True
2.36,0.29311513080820545,0.28807788366270487,0.9999907051819908,0.9999921870547896,0.9999907291922543,nan,9303,False,83.08849334716797,83.08789825439453,83.08891296386719,True
2.38,0.29311737016525036,0.292094769205214,0.9999894963218791,0.999990968147428,0.9999895680128298,nan,9094,False,83.38880920410156,83.3878402709961,83.38910675048828,True
2.4,0.29311824059452757,0.28774617895668025,0.9999881706057008,0.9999897552979171,0.9999881381030579,nan,9325,False,83.68727111816406,83.6861572265625,83.68772888183594,True
2.42,0.29311932737599045,0.2873068530822767,0.9999886231916497,0.9999901296960731,0.9999885294907779,nan,9456,False,84.00784301757812,84.0068130493164,84.00853729248047,True
2.44,0.2931203638588773,0.2840428464749357,0.9999888982541186,0.9999903686938992,0.999988683997109,nan,9245,False,84.29656982421875,84.29586029052734,84.29766082763672,True
2.46,0.2931245974957706,0.2901699760567323,0.9999891953740151,0.999990598318106,0.9999891193853078,nan,9308,False,84.60225677490234,84.60106658935547,84.60295867919922,True
2.48,0.29312773234569484,0.2920838125090207,0.9999904345722651,0.9999917782543921,0.9999903881025497,nan,9260,False,84.92249298095703,84.9215316772461,84.92327117919922,True
2.5,0.29312975117455536,0.281814530978896,0.9999905297701005,0.9999918809872212,0.9999902305261792,nan,8883,False,85.20571899414062,85.20449829101562,85.20649719238281,True
2.52,0.2931338262810523,0.277869770289909,0.9999915595744868,0.9999928234495109,0.9999911443504639,nan,9246,False,85.50210571289062,85.50051879882812,85.50260162353516,True
2.54,0.2931356220777048,0.2601086154188716,0.9999930593661802,0.9999941812048736,0.9999923118560883,nan,9464,False,85.77931213378906,85.77798461914062,85.7801742553711,True
2.56,0.2931401052010357,0.25073151160794493,0.9999930800663567,0.9999941995617309,0.9999921765957359,nan,9344,False,86.09475708007812,86.09343719482422,86.09555053710938,True
2.58,0.29314121949212396,0.2635637165192921,0.9999932544240727,0.999994346173868,0.9999925739554875,nan,9330,False,86.3853988647461,86.38396453857422,86.38646697998047,True
2.6,0.29314365028807365,0.2710801258160661,0.9999940165816763,0.9999949548960594,0.9999934730490525,nan,9564,False,86.6707534790039,86.6693344116211,86.67198944091797,True
2.62,0.2931484469858518,0.2860032151811536,0.9999946680941455,0.999995483151934,0.9999943572533119,nan,9222,False,86.95164489746094,86.9501724243164,86.95272064208984,True
2.64,0.29315075116869616,0.2866120724855911,0.9999952703991483,0.9999960670293742,0.9999950252083393,nan,9275,False,87.23743438720703,87.23637390136719,87.2388916015625,True
2.66,0.2931557543216976,0.27009468989257224,0.9999965823257546,0.9999971404375263,0.9999961469507991,nan,9569,False,87.53396606445312,87.53282928466797,87.53524780273438,True
2.68,0.2931606684440079,0.24494019879785986,0.9999969210241179,0.9999973639652747,0.9999963023190829,nan,9483,False,87.8240737915039,87.82357788085938,87.82559204101562,True
2.7,0.2931671271789983,0.23073472506359627,0.999996914050736,0.9999973368375269,0.999996211560312,nan,9557,False,88.11499786376953,88.11418151855469,88.1161117553711,True
2.72,0.2931707351556289,0.19349815366436296,0.9999977196492343,0.9999980454311356,0.999996953991398,nan,9330,False,88.40026092529297,88.39981079101562,88.40169525146484,True
2.74,0.29317578231739094,0.19225268803737278,0.9999973904333543,0.9999977737890944,0.999996611064031,nan,9193,False,88.6830825805664,88.68199157714844,88.68414306640625,True
2.7600000000000002,0.2931836725689287,0.1638060634706479,0.999997779808831,0.9999981463489969,0.9999970238419545,nan,9560,False,88.9930191040039,88.99244689941406,88.99391174316406,True
2.7800000000000002,0.2931887990524689,0.14518596320461025,0.9999981362892527,0.9999984876160415,0.9999974783561002,nan,9249,False,89.26335144042969,89.26245880126953,89.2640380859375,True
2.8000000000000003,0.29319326781424593,0.14727987274426962,0.9999984311698382,0.999998755120973,0.9999979085523771,nan,9250,False,89.55814361572266,89.55669403076172,89.55856323242188,True
2.82,0.29319908261829447,0.19333622404393047,0.9999984834934933,0.9999987377817404,0.9999980776778365,nan,8976,False,89.82654571533203,89.82532501220703,89.82696533203125,True
2.84,0.29320445525451144,0.21539474098461014,0.9999972848007986,0.9999975894437799,0.9999967664155612,nan,9174,False,90.10496520996094,90.1034164428711,90.10517883300781,True
2.86,0.2932102261317935,0.2351221617323582,0.9999963922126349,0.9999967136573851,0.9999958756368043,nan,9337,False,90.36117553710938,90.35977172851562,90.3614273071289,True
2.88,0.2932167602713919,0.24519676883983169,0.9999955413413001,0.9999958648691039,0.9999950096383983,nan,9091,False,90.65707397460938,90.65572357177734,90.6572494506836,True
2.9,0.2932234399168888,0.2595102666774461,0.99999436738143,0.9999947534881506,0.9999939318855249,nan,9197,False,90.9351577758789,90.93366241455078,90.9352035522461,True
2.92,0.2932311327459509,0.2654123729094974,0.9999941907578679,0.9999946109418187,0.9999938654672395,nan,8934,False,91.19664001464844,91.19525909423828,91.19659423828125,True
2.94,0.29323720189020663,0.27127532523807235,0.9999936155348983,0.9999941238683953,0.9999934058935068,nan,9335,False,91.439697265625,91.43851470947266,91.4398422241211,True
2.96,0.29324585835173966,0.2776491901000484,0.9999931696831226,0.9999937496248814,0.9999930916573965,nan,9586,False,91.69172668457031,91.69082641601562,91.69178009033203,True
2.98,0.2932510404539308,0.27988662113570495,0.999993429483319,0.9999940719034758,0.9999934368308618,nan,9410,False,91.94612884521484,91.9454345703125,91.946533203125,True
3.0,0.29325928332283885,0.28397516434114783,0.9999933448454237,0.9999940139259147,0.9999934329693071,nan,9502,False,92.20968627929688,92.20901489257812,92.20997619628906,True
3.02,0.2932657169201932,0.28807909255709163,0.9999916061681652,0.9999923510880611,0.9999917736546824,nan,9507,False,92.47594451904297,92.47518157958984,92.476318359375,True
3.04,0.2932740276031389,0.28859306174443916,0.9999904916331276,0.9999912650070126,0.999990661363711,nan,9409,False,92.73811340332031,92.73736572265625,92.7384033203125,True
3.06,0.2932815168781291,0.2891629800597216,0.999990749820234,0.9999914531687567,0.9999908902451614,nan,9494,False,93.00662231445312,93.0060806274414,93.00709533691406,True
3.08,0.2932904029607365,0.29016264018534965,0.9999910895538556,0.9999917083089443,0.999991199962246,nan,9442,False,93.26245880126953,93.26175689697266,93.26276397705078,True
3.1,0.29330077436951313,0.2869486057496784,0.9999927495210948,0.9999931800335233,0.9999927010346233,nan,9336,False,93.52094268798828,93.520263671875,93.52098846435547,True
3.12,0.29330970833486814,0.2842891149904837,0.9999938460236913,0.9999940992722317,0.9999936752971547,nan,9417,False,93.78568267822266,93.78518676757812,93.78579711914062,True
3.14,0.2933178632252216,0.282395640212695,0.9999946829078633,0.9999947800599118,0.9999944277365845,nan,9066,False,94.03802490234375,94.03748321533203,94.03826904296875,True
3.16,0.29332689253581923,0.2762359210283588,0.9999958381930792,0.999995853389426,0.9999955184549942,nan,8658,False,94.27079010009766,94.2699966430664,94.27103424072266,True
3.18,0.29333616028516585,0.27027766727137537,0.9999968621106464,0.999996791371359,0.9999965133918041,nan,9370,False,94.52809143066406,94.52737426757812,94.52841186523438,True
3.2,0.2933441358229637,0.2729287986967392,0.9999973651956676,0.9999972218306332,0.9999970477800584,nan,9073,False,94.77474975585938,94.7741470336914,94.77536010742188,True
3.22,0.2933515727840826,0.2781391322003997,0.999998250197605,0.9999980672780405,0.9999980009394523,nan,9016,False,95.01991271972656,95.0191879272461,95.02075958251953,True
3.24,0.29335937525397465,0.2881998585337423,0.999998305747398,0.999998084935469,0.9999980975048737,nan,9220,False,95.2563705444336,95.25525665283203,95.25733184814453,True
3.2600000000000002,0.2933701672719203,0.2867904901530002,0.9999981361152901,0.9999979421978707,0.9999979411905487,nan,9415,False,95.49207305908203,95.49115753173828,95.49310302734375,True
3.2800000000000002,0.29338336600810955,0.28518300332142926,0.9999980033826764,0.999997833868158,0.9999978231489057,nan,9401,False,95.73729705810547,95.73580932617188,95.73776245117188,True
3.3000000000000003,0.29339238644703325,0.28200190834544164,0.9999970791157164,0.9999969643385479,0.9999968973073109,nan,9494,False,95.98882293701172,95.98749542236328,95.98966979980469,True
3.3200000000000003,0.29340291453180295,0.28394145311966584,0.9999966341179315,0.9999966169953488,0.9999965207530686,nan,9476,False,96.2459716796875,96.24445343017578,96.24684143066406,True
3.34,0.2934125654855622,0.2847058165577447,0.9999960889001659,0.9999961510465412,0.9999960181229538,nan,9481,False,96.50294494628906,96.50177764892578,96.50426483154297,True
3.36,0.29342537238083727,0.28833539161740446,0.9999951068467774,0.9999952750010951,0.9999951155147222,nan,9373,False,96.74546813964844,96.74497985839844,96.74700927734375,True
3.38,0.29343463626465677,0.2961523115009354,0.9999940302963349,0.9999943492647428,0.9999942212513643,nan,9312,False,96.97453308105469,96.9733657836914,96.9761734008789,True
3.4,0.29344599940092575,0.3038996003153697,0.9999945711773282,0.9999949140126565,0.9999948729634479,nan,9380,False,97.20690155029297,97.20515441894531,97.2084732055664,True
3.42,0.29345818806122054,0.30404663570619705,0.9999934302724393,0.999993805513582,0.9999937713217618,nan,9566,False,97.44789123535156,97.44612121582031,97.44962310791016,True
3.44,0.2934702954443194,0.303697380138262,0.9999925684266998,0.9999930212557139,0.9999929521831707,nan,9422,False,97.67916107177734,97.67770385742188,97.68133544921875,True
3.46,0.29348769620406995,0.306380611428954,0.9999918502773737,0.9999924160598348,0.9999923528486679,nan,9200,False,97.9041519165039,97.90278625488281,97.90596771240234,True
3.48,0.2935029665555531,0.3080846884136968,0.9999923062027939,0.9999929605096384,0.999992848219161,nan,9413,False,98.11918640136719,98.11656951904297,98.12039947509766,True
3.5,0.29351615482907095,0.3118664079892342,0.9999933634811338,0.9999940077705295,0.9999939042912546,nan,9521,False,98.37068939208984,98.3672103881836,98.37183380126953,True
3.52,0.2935370616838734,0.3180332120063254,0.9999932863496482,0.9999939437839317,0.9999939368872659,nan,9421,False,98.61483764648438,98.6119613647461,98.61563110351562,True
3.54,0.29355351106586036,0.31851846357538055,0.9999926325437034,0.9999933529877285,0.9999933485889839,nan,8904,False,98.81948852539062,98.81591033935547,98.82002258300781,True
3.56,0.29356931474978687,0.3245520018059547,0.9999923613094801,0.9999931830907826,0.9999932549079203,nan,8669,False,99.05554962158203,99.05192565917969,99.05622863769531,True
3.58,0.29358526564823745,0.3294997271679602,0.999992558537732,0.9999935096371294,0.9999935724253217,nan,9219,False,99.28373718261719,99.27995300292969,99.2845230102539,True
3.6,0.29359814009937496,0.3387399849108332,0.9999929320591853,0.9999939708537412,0.9999941095067809,nan,9471,False,99.50831604003906,99.50436401367188,99.50968933105469,True
3.62,0.2936175248454832,0.3468131614681212,0.9999933088330741,0.9999943762027118,0.9999945691622635,nan,9537,False,99.7381820678711,99.73558044433594,99.74003601074219,True
3.64,0.293635125719082,0.35779084688184637,0.99999422871747,0.9999952303041546,0.999995456713586,nan,9465,False,99.97334289550781,99.97029876708984,99.97511291503906,True
3.66,0.293653196927147,0.3631398752679078,0.9999941622333055,0.9999952113273269,0.9999954895605686,nan,9486,False,100.19706726074219,100.19452667236328,100.19930267333984,True
3.68,0.2936726989315625,0.36485965733862663,0.9999935977208194,0.9999947283172966,0.9999951291323155,nan,9551,False,100.41693115234375,100.41471099853516,100.41944885253906,True
3.7,0.29368876596407933,0.3622587500501216,0.9999923671608704,0.9999935184531777,0.9999941681410534,nan,9403,False,100.64979553222656,100.6469497680664,100.65265655517578,True
3.72,0.2937098727513301,0.35409285845369903,0.9999908966931452,0.9999921571439864,0.9999928718610939,nan,9413,False,100.86986541748047,100.86653900146484,100.87250518798828,True
3.74,0.2937284738853988,0.35003751462882654,0.9999906755556613,0.9999918940535657,0.9999925810781022,nan,9444,False,101.08454895019531,101.08024597167969,101.08723449707031,True
3.7600000000000002,0.29375143225653644,0.34690346933386274,0.9999907003972536,0.9999918705822588,0.9999924968248258,nan,9540,False,101.32359313964844,101.31935119628906,101.32636260986328,True
3.7800000000000002,0.2937792840516223,0.34795694463604293,0.9999908124881179,0.9999919777671258,0.9999926061711257,nan,9586,False,101.52944946289062,101.5252914428711,101.5318832397461,True
3.8000000000000003,0.2938041125761211,0.35014067136404803,0.9999910906684913,0.9999923318352366,0.9999928954487448,nan,9450,False,101.75838470458984,101.75440216064453,101.76104736328125,True
3.8200000000000003,0.2938269333849571,0.3562408881294066,0.9999914284480176,0.9999927104587711,0.9999933332315193,nan,9489,False,101.98672485351562,101.98336791992188,101.99018859863281,True
3.84,0.2938528927069093,0.3589400986264164,0.9999917865296506,0.9999930906799802,0.9999937191701582,nan,9385,False,102.2171401977539,102.21349334716797,102.2204818725586,True
3.86,0.29388641956912953,0.3514413687564635,0.9999909119546718,0.9999922648130468,0.9999928658201858,nan,9273,False,102.4413070678711,102.43841552734375,102.44400024414062,True
3.88,0.29391302173502887,0.3514004565337654,0.9999916982076504,0.999992861205381,0.9999934489014985,nan,9435,False,102.62910461425781,102.62630462646484,102.63204956054688,True
3.9,0.2939352065534446,0.34873938039152474,0.999991570226732,0.9999925255329698,0.99999319677016,nan,9409,False,102.86139678955078,102.85795593261719,102.86488342285156,True
3.92,0.29396554021207405,0.3510813826465935,0.9999922191736016,0.9999928950333323,0.9999936871403902,nan,9481,False,103.05499267578125,103.05164337158203,103.0584716796875,True
3.94,0.293996518430436,0.35170942411515294,0.9999921984147913,0.999992646366997,0.9999935966449454,nan,9465,False,103.25537872314453,103.2515869140625,103.25862884521484,True
3.96,0.2940267477791011,0.349871554200647,0.9999918592023588,0.9999921971962156,0.9999932270774206,nan,9418,False,103.44143676757812,103.43707275390625,103.44468688964844,True
3.98,0.29405923080422297,0.3501324775018538,0.9999924449318044,0.9999924011288811,0.9999935797972753,nan,9479,False,103.65611267089844,103.6515884399414,103.65925598144531,True
4.0,0.29409330276328405,0.3488679043301859,0.9999930628004953,0.999992815473178,0.9999939969348066,nan,9307,False,103.8525619506836,103.84752655029297,103.85536193847656,True
4.0200000000000005,0.29412988015547165,0.3491468469202205,0.9999937128732571,0.999993341364577,0.9999945044712102,nan,9421,False,104.066162109375,104.06168365478516,104.06889343261719,True
4.04,0.2941711254585181,0.3439476760002339,0.9999934969370227,0.9999931290205162,0.9999942349907471,nan,9446,False,104.28457641601562,104.27995300292969,104.286376953125,True
4.0600000000000005,0.2942059064960913,0.33960644993490924,0.999994204567023,0.9999939669512781,0.9999948285335446,nan,9325,False,104.50422668457031,104.5000991821289,104.50653076171875,True
4.08,0.29424204780403784,0.33634875658485586,0.9999940197873964,0.9999937332237487,0.9999945823473231,nan,9413,False,104.714599609375,104.70828247070312,104.71599578857422,True
4.1,0.2942803549697434,0.3273195635065204,0.9999912816347819,0.9999909874525256,0.9999919195102553,nan,9489,False,104.92045593261719,104.91482543945312,104.9221420288086,True
4.12,0.294315207952697,0.32230392319913764,0.9999902293178997,0.9999901995845571,0.9999909154678366,nan,9420,False,105.13611602783203,105.13007354736328,105.13818359375,True
4.14,0.29435906193632755,0.3161029830772141,0.9999887396281798,0.9999892094944437,0.9999895512695238,nan,9411,False,105.344482421875,105.33804321289062,105.34602355957031,True
4.16,0.29440919587147857,0.3136515683613107,0.9999890142963384,0.9999896840285702,0.9999898036930468,nan,9442,False,105.5400619506836,105.53421783447266,105.54114532470703,True
4.18,0.29445890922546486,0.3129800443896304,0.9999893441880038,0.999989830808353,0.9999900074964673,nan,9430,False,105.75413513183594,105.74794006347656,105.75457000732422,True
4.2,0.2945059767574018,0.310312439512956,0.9999893156150326,0.9999895858261644,0.9999898064731765,nan,9420,False,105.9616470336914,105.95474243164062,105.96173095703125,True
4.22,0.2945543146915558,0.30638591913430463,0.9999891404591319,0.9999894784650007,0.9999895530728579,nan,9357,False,106.1706771850586,106.16471099853516,106.17102813720703,True
4.24,0.2946042518062604,0.31107230253279994,0.9999902378032738,0.999990525838857,0.9999907221840094,nan,9399,False,106.37995147705078,106.37261199951172,106.37930297851562,True
4.26,0.294657389784099,0.3150224571619995,0.9999903793807144,0.9999905614408285,0.9999909334976458,nan,9273,False,106.57772827148438,106.57036590576172,106.57653045654297,True
4.28,0.2947083022471,0.3161928309541941,0.9999905930860885,0.9999908652076864,0.9999912369355458,nan,9400,False,106.76881408691406,106.76148986816406,106.76777648925781,True
4.3,0.29476144667229076,0.31338722618861836,0.9999913559204927,0.999991814922012,0.9999919911077032,nan,9208,False,106.96906280517578,106.96168518066406,106.96806335449219,True
4.32,0.2948160976255268,0.3138444703657978,0.9999916864344586,0.9999920936444028,0.999992307027995,nan,9342,False,107.16940307617188,107.16199493408203,107.16844940185547,True
4.34,0.2948709419144956,0.31925696928692077,0.9999922375073966,0.9999923854868911,0.9999928438985557,nan,9277,False,107.33707427978516,107.328857421875,107.33609008789062,True
4.36,0.29492888141179174,0.3234416939783504,0.9999926806775207,0.9999926797848594,0.9999932996389983,nan,8955,False,107.54287719726562,107.533935546875,107.54139709472656,True
4.38,0.29499246588579536,0.3236614109542027,0.999992685420865,0.999992606445264,0.9999932947324041,nan,9385,False,107.73731994628906,107.72981262207031,107.73578643798828,True
4.4,0.2950558482058763,0.3187247327420624,0.9999930759682286,0.9999931983813408,0.9999936410894346,nan,9440,False,107.9389419555664,107.93180084228516,107.93695831298828,True
4.42,0.29511188934709953,0.31427288327272845,0.9999936843924349,0.9999941041406273,0.9999942397881134,nan,9389,False,108.1235122680664,108.11725616455078,108.12287139892578,True
4.44,0.29517952587085294,0.308594484361848,0.9999941131582522,0.9999949383780617,0.9999947098340034,nan,9369,False,108.32080078125,108.3159408569336,108.3204345703125,True
4.46,0.29524818234223277,0.29557910862273923,0.9999951684245281,0.9999962296734968,0.9999956323434959,nan,9459,False,108.51766967773438,108.51393127441406,108.517822265625,True
4.48,0.2953156480353372,0.2983482669856221,0.9999956846264425,0.9999968191654851,0.999996180401185,nan,9357,False,108.715087890625,108.7109146118164,108.71565246582031,True
4.5,0.29539301638850635,0.2916249155884242,0.999996070414791,0.999997207510476,0.9999964788031607,nan,9390,False,108.90184783935547,108.89779663085938,108.90201568603516,True
4.5200000000000005,0.29546955693876276,0.290015168437422,0.9999955904720289,0.9999967779578864,0.9999959947460442,nan,9410,False,109.09761810302734,109.09282684326172,109.09712982177734,True
4.54,0.2955412653172046,0.29401852788378474,0.9999950837451876,0.999996252763261,0.9999955233782372,nan,9378,False,109.28607177734375,109.28009033203125,109.28564453125,True
4.5600000000000005,0.2956266071791695,0.300184547851648,0.9999944457753139,0.9999956346417386,0.9999949839431642,nan,9264,False,109.47773742675781,109.47068786621094,109.47586059570312,True
4.58,0.2957101650966011,0.2991644751752245,0.9999947195505968,0.9999958673528014,0.9999952234179162,nan,9223,False,109.6454086303711,109.6392593383789,109.64425659179688,True
4.6000000000000005,0.29579785637521333,0.3061442480641944,0.9999960225156546,0.9999970515367292,0.9999965380347112,nan,9395,False,109.82105255126953,109.81514739990234,109.82007598876953,True
4.62,0.2958862432166479,0.3189457567132787,0.9999966488446761,0.9999975572521824,0.9999972231197339,nan,9319,False,110.00262451171875,109.9963607788086,110.00167083740234,True
4.64,0.29597882157527494,0.31966459105744127,0.9999972009721239,0.9999980753598595,0.999997725894252,nan,9366,False,110.19085693359375,110.18549346923828,110.19009399414062,True
4.66,0.29607347702560854,0.3297237642330793,0.999997427785193,0.9999982638052293,0.9999979609532266,nan,9290,False,110.3858413696289,110.38175964355469,110.38533020019531,True
4.68,0.29617501335819296,0.3331402803066328,0.9999973347187541,0.9999982354126643,0.9999979050898201,nan,9333,False,110.56636810302734,110.56350708007812,110.56534576416016,True
4.7,0.2962713486711201,0.3423700473917606,0.9999976067462396,0.9999985036026509,0.9999981912522913,nan,9394,False,110.7536849975586,110.75071716308594,110.75269317626953,True
4.72,0.29637315747211357,0.36038524766881747,0.9999980003492375,0.9999988422324179,0.9999985716093471,nan,9421,False,110.94677734375,110.9424819946289,110.94501495361328,True
4.74,0.29647603307232784,0.42553038724395703,0.9999986832491295,0.9999993391156065,0.9999992386767871,nan,9233,False,111.11549377441406,111.10857391357422,111.1134033203125,True
4.76,0.29659348075292796,0.4820993154069262,0.9999989442868507,0.9999994997322957,0.9999995357355151,nan,9194,False,111.3123779296875,111.30592346191406,111.30972290039062,True
4.78,0.2967069490882674,0.4909707125292772,0.9999990515786863,0.999999536251955,0.9999996250842226,nan,9202,False,111.48712158203125,111.47892761230469,111.48410034179688,True
4.8,0.2968221812924983,0.4943419820598046,0.9999991460828506,0.9999995191324985,0.9999996781325163,nan,9324,False,111.66434478759766,111.65483856201172,111.66128540039062,True
4.82,0.29694101100592424,0.5017477440615192,0.9999991822665473,0.9999994845152783,0.9999996920416212,nan,9352,False,111.84636688232422,111.83840942382812,111.8447265625,True
4.84,0.2970694480685869,0.4810600013998785,0.9999991710458901,0.9999992958347854,0.9999995920220022,nan,9289,False,112.02899169921875,112.01966857910156,112.02647399902344,True
4.86,0.29720766552529926,0.4850124437394529,0.9999992619021398,0.9999994214674195,0.9999996579868737,nan,9309,False,112.18724822998047,112.17806243896484,112.18392944335938,True
4.88,0.29734532043414785,0.45511487783405663,0.9999991753610263,0.9999994035510832,0.9999995895805295,nan,9406,False,112.35356903076172,112.34550476074219,112.35072326660156,True
4.9,0.29747977494124084,0.4785964749311323,0.9999993756454711,0.9999996310297974,0.9999997462646076,nan,9388,False,112.54181671142578,112.53446197509766,112.54021453857422,True
4.92,0.2976282077776117,0.4792141221560008,0.9999994118917513,0.9999996724318687,0.9999997494359254,nan,9325,False,112.7148666381836,112.70885467529297,112.71309661865234,True
4.94,0.29777562360283233,0.46930607670469787,0.9999993737286669,0.9999996161590401,0.9999997170078404,nan,9327,False,112.8944320678711,112.88534545898438,112.890625,True
4.96,0.29793422072592546,0.44103802510307305,0.9999988111984082,0.9999992111737639,0.9999994151358311,nan,9345,False,113.07091522216797,113.06236267089844,113.06582641601562,True
4.98,0.2980838474058591,0.4630074250296143,0.9999988507349918,0.9999991690118829,0.9999994659958577,nan,9244,False,113.25426483154297,113.24653625488281,113.25031280517578,True
5.0,0.29825039358120675,0.46985705883985046,0.9999988977844659,0.9999992014850456,0.999999478870515,nan,9328,False,113.42237854003906,113.4136962890625,113.41677856445312,True
5.0200000000000005,0.2984177396357481,0.43478574474398973,0.9999986071500986,0.9999988981732925,0.9999991801403723,nan,9315,False,113.59580993652344,113.58614349365234,113.5888900756836,True
5.04,0.2985867298797201,0.46772363678252443,0.9999989166107565,0.9999992234085855,0.9999993987187574,nan,9227,False,113.7799301147461,113.77099609375,113.77294158935547,True
5.0600000000000005,0.29875249426683353,0.5887539866462658,0.9999995691003428,0.9999996497156816,0.9999997035728447,nan,9297,False,113.95486450195312,113.9465103149414,113.94949340820312,True
5.08,0.29892173464311667,0.4967380178324636,0.999999517248224,0.9999994542878946,0.9999993929634854,nan,9102,False,114.13064575195312,114.12439727783203,114.12831115722656,True
5.1000000000000005,0.29911069938426316,0.3578704189824129,0.9999991427779499,0.9999989937181121,0.9999987320217291,nan,9332,False,114.31136322021484,114.30423736572266,114.30830383300781,True
5.12,0.2993023571004075,0.31885620985448765,0.9999989890144925,0.9999988732791534,0.9999984468487927,nan,9304,False,114.48245239257812,114.4753646850586,114.47954559326172,True
5.14,0.2994924039998772,0.2920887720123653,0.999998935918471,0.999998871471495,0.9999982479134444,nan,9187,False,114.66171264648438,114.65327453613281,114.65919494628906,True
5.16,0.29970054128598794,0.23390031976331888,0.9999988373091935,0.999998778199798,0.9999978765066758,nan,9222,False,114.8436508178711,114.83525085449219,114.8404312133789,True
5.18,0.29991952364862473,0.2498305891411075,0.9999988074910758,0.9999986582726856,0.9999978010419975,nan,9202,False,115.01332092285156,115.0032958984375,115.00843048095703,True
5.2,0.30014194099273694,0.22966025428954376,0.9999988051951295,0.9999986984694615,0.9999978433096463,nan,9257,False,115.19133758544922,115.18492126464844,115.18789672851562,True
5.22,0.3003767548416308,0.2872055216483952,0.9999993866664106,0.9999994257269732,0.9999987831722459,nan,9196,False,115.3527603149414,115.34761810302734,115.34874725341797,True
5.24,0.3006046558108625,0.34526121464924275,0.9999994462268144,0.9999996354713898,0.9999988324725344,nan,9077,False,115.51937866210938,115.51593780517578,115.51644134521484,True
5.26,0.3008487730908787,0.21046989989545328,0.9999991602325082,0.9999993977281535,0.9999980724916925,nan,9180,False,115.68487548828125,115.67957305908203,115.67906188964844,True
5.28,0.30109438785898135,0.19465094256763904,0.9999989473101476,0.9999991713313316,0.9999976111881832,nan,9084,False,115.84266662597656,115.83657836914062,115.83563995361328,True
5.3,0.3013435342516272,0.2025195392031475,0.9999987428534934,0.9999989891093871,0.9999973552722702,nan,9138,False,116.00504302978516,115.99794006347656,115.99746704101562,True
5.32,0.30160061388849685,0.17771725059802362,0.9999986091456328,0.999998832340522,0.9999971738414973,nan,9227,False,116.16226959228516,116.15422821044922,116.1537857055664,True
5.34,0.30185562208727124,0.20410285306690482,0.9999983561290701,0.9999984999552592,0.9999970630876434,nan,9153,False,116.31756591796875,116.3097915649414,116.30985260009766,True
5.36,0.30211682779778776,0.23103102227325456,0.9999980941754223,0.9999981957736229,0.9999970328629612,nan,9118,False,116.4774398803711,116.4723129272461,116.47235107421875,True
5.38,0.30239753415863047,0.27476551323471676,0.999997816370241,0.9999978142763677,0.9999969767903345,nan,9169,False,116.63644409179688,116.63216400146484,116.63172912597656,True
5.4,0.3026887851343256,0.33781215873838183,0.9999981898814395,0.9999978221490067,0.999997520983626,nan,9133,False,116.79042053222656,116.78678131103516,116.78536224365234,True
5.42,0.30297359573273214,0.37427275092994383,0.9999985094561649,0.9999976972207952,0.9999977278701714,nan,9119,False,116.94342041015625,116.93950653076172,116.94027709960938,True
5.44,0.3032695569382017,0.36535348328568623,0.9999983254568409,0.9999969766790493,0.9999972381869878,nan,9069,False,117.10820770263672,117.1034927368164,117.10658264160156,True
5.46,0.3035752095234153,0.33021680519828295,0.9999978442896484,0.9999959204117629,0.9999963533166795,nan,9196,False,117.2689208984375,117.26447296142578,117.26956176757812,True
5.48,0.3038961212103006,0.31634262839559535,0.9999975282680501,0.9999953478496851,0.9999960191213947,nan,9203,False,117.44151306152344,117.4333724975586,117.44095611572266,True
5.5,0.30423564330716896,0.3031933629195146,0.9999964129788173,0.9999939117268132,0.9999948652479154,nan,9052,False,117.58686065673828,117.57810974121094,117.58518981933594,True
5.5200000000000005,0.30455876898188317,0.3051347769384588,0.9999961338319491,0.9999936087465358,0.9999947032168063,nan,9156,False,117.75028228759766,117.74335479736328,117.75198364257812,True
5.54,0.30489305778870635,0.3051714827775079,0.9999959333063058,0.9999934834536732,0.9999945587839746,nan,9209,False,117.91329956054688,117.9054946899414,117.91648864746094,True
5.5600000000000005,0.30524554369172113,0.3015171281025953,0.9999954569759508,0.9999929658592515,0.999994094842643,nan,9035,False,118.08782196044922,118.07721710205078,118.09010314941406,True
5.58,0.30561947027467895,0.30517809882282554,0.9999956766475147,0.9999930086789435,0.9999943962398673,nan,9174,False,118.24113464355469,118.23016357421875,118.2435073852539,True
5.6000000000000005,0.30601382005874195,0.30292774706022624,0.999995932218023,0.999992857126403,0.9999944480069652,nan,9128,False,118.39613342285156,118.38407135009766,118.39730834960938,True
5.62,0.30642157295727884,0.2972452624306353,0.99999629756619,0.9999932869593021,0.9999946921312757,nan,9114,False,118.5519790649414,118.53864288330078,118.55107879638672,True
5.64,0.3068231906683102,0.2913133531150514,0.9999962671224514,0.9999932211211424,0.9999945113078883,nan,9143,False,118.707275390625,118.69058227539062,118.70500946044922,True
5.66,0.30722604831767647,0.2929298234668484,0.9999968464650665,0.9999940296220765,0.9999952706522861,nan,9162,False,118.8671875,118.84866333007812,118.86463165283203,True
5.68,0.3076306749218975,0.2916419040841078,0.999996741691267,0.9999938378957044,0.9999952034049696,nan,9137,False,119.03256225585938,119.01039123535156,119.02896881103516,True
5.7,0.30803124485898836,0.29251026479287867,0.9999960804891057,0.999993164585213,0.9999946697343984,nan,9078,False,119.2075424194336,119.18388366699219,119.20528411865234,True
5.72,0.3084502863460144,0.29607419299491244,0.9999966532321457,0.999993959398675,0.9999954908719889,nan,9109,False,119.36326599121094,119.33766174316406,119.36180114746094,True
5.74,0.3089067402720899,0.304651504390379,0.9999974393155416,0.9999948930250105,0.9999964710315523,nan,9059,False,119.49772644042969,119.47809600830078,119.49844360351562,True
5.76,0.30936145979805707,0.30772509373188345,0.9999977331025658,0.9999952295699363,0.9999968040635127,nan,9084,False,119.6661376953125,119.64520263671875,119.66717529296875,True
5.78,0.3098383073288683,0.3008896214910713,0.9999973243835452,0.99999477134081,0.9999963065616716,nan,9046,False,119.81463623046875,119.79390716552734,119.81684875488281,True
5.8,0.3103369505583746,0.292209836175945,0.9999975663795908,0.9999950776128715,0.9999964378863877,nan,9083,False,119.96981811523438,119.95225524902344,119.97396850585938,True
5.82,0.31087315390721154,0.28301381510952944,0.9999976278419341,0.9999953228374215,0.9999963863184117,nan,8886,False,120.10540771484375,120.08659362792969,120.10646057128906,True
5.84,0.31139505676018026,0.27013480799735073,0.9999978707728086,0.9999961224070284,0.9999966757380657,nan,9060,False,120.2578125,120.24189758300781,120.26107788085938,True
5.86,0.31191865710567074,0.24634887966457963,0.9999976731334459,0.9999963232111593,0.9999964192177039,nan,8986,False,120.39702606201172,120.38458251953125,120.4031753540039,True
5.88,0.31245803469194916,0.24124095474406446,0.9999979543440816,0.9999967946812379,0.9999967344930186,nan,8962,False,120.55296325683594,120.54411315917969,120.5584487915039,True
5.9,0.31301904403943603,0.27897074014800266,0.9999974679783535,0.9999967256960874,0.9999964117233093,nan,8923,False,120.7203369140625,120.71078491210938,120.72222137451172,True
5.92,0.31360137813349237,0.2966385662231872,0.9999973624593488,0.9999972903017167,0.9999964812643932,nan,8877,False,120.87415313720703,120.8615951538086,120.8733901977539,True
5.94,0.3141987216723121,0.31456061575183425,0.9999984196901467,0.9999983148629398,0.9999974982106149,nan,8986,False,121.01652526855469,121.00310516357422,121.01589965820312,True
5.96,0.31482233477785193,0.3830880251700825,0.9999989180479695,0.9999987535652906,0.9999981267745918,nan,9018,False,121.14502716064453,121.13602447509766,121.14431762695312,True
5.98,0.3154435748355987,0.34875840272295344,0.9999991594279659,0.999998777966681,0.9999981199104143,nan,8998,False,121.29093170166016,121.28179931640625,121.29019165039062,True
6.0,0.3160756669668901,0.2245617965064545,0.9999985268262355,0.999998549480246,0.9999976149708316,nan,8977,False,121.42879486083984,121.4178695678711,121.43006134033203,True
6.0200000000000005,0.316734989477734,0.2071430336976668,0.9999985383146783,0.9999985796037321,0.9999976900462938,nan,8985,False,121.57475280761719,121.56501770019531,121.5762939453125,True
6.04,0.31740475129509704,0.17137569376688888,0.9999979083691539,0.9999979215430931,0.9999964732645246,nan,9063,False,121.69093322753906,121.67974090576172,121.69197845458984,True
6.0600000000000005,0.3180681517273156,0.14863700447381323,0.999997854324095,0.9999975133159685,0.9999959457941789,nan,8923,False,121.83842468261719,121.82899475097656,121.84109497070312,True
6.08,0.31875835103780475,0.1282974802377804,0.9999983245761315,0.999997660554821,0.9999961436733168,nan,8949,False,121.99147033691406,121.98151397705078,121.99413299560547,True
6.1000000000000005,0.31950114401217744,0.10950806198058213,0.9999979890953488,0.9999972279230255,0.9999952323190515,nan,8912,False,122.13602447509766,122.1274185180664,122.13748168945312,True
6.12,0.3202601050781301,0.11869299443386633,0.9999978334520181,0.9999972701848139,0.9999951477644656,nan,8884,False,122.28694152832031,122.28185272216797,122.28861236572266,True
6.140000000000001,0.32102482539894683,0.13777194053813685,0.9999976927006037,0.9999975275122818,0.9999953740474069,nan,8819,False,122.43209075927734,122.42643737792969,122.43011474609375,True
6.16,0.3217730636565176,0.09332780398770794,0.9999968436144174,0.9999966120175771,0.9999940577681459,nan,8869,False,122.58402252197266,122.57122802734375,122.57877349853516,True
6.18,0.3225583911681705,0.10097003128036117,0.9999965407868805,0.9999961439263658,0.9999938151119331,nan,8674,False,122.71131134033203,122.6988525390625,122.70800018310547,True
6.2,0.323372789021475,0.13390206891589176,0.9999959479926822,0.9999952166575743,0.9999932033478555,nan,8908,False,122.86640930175781,122.85318756103516,122.86490631103516,True
6.22,0.3242319998718739,0.16516416634929654,0.999995016585424,0.9999938886914295,0.9999920466438934,nan,8748,False,123.02507781982422,123.01068878173828,123.02073669433594,True
6.24,0.325089501019195,0.19036932827972483,0.9999944485643772,0.9999933214250387,0.9999916924526311,nan,8932,False,123.15348815917969,123.13469696044922,123.14491271972656,True
6.26,0.32591912376540433,0.22013682505701263,0.9999933175674206,0.9999923648024999,0.9999909933240332,nan,8857,False,123.2927474975586,123.27317810058594,123.2840805053711,True
6.28,0.3267923664564972,0.23516065946248296,0.9999918295363888,0.9999909265413158,0.9999896107673983,nan,8688,False,123.43123626708984,123.42024993896484,123.42381286621094,True
6.3,0.32767742139301587,0.24580295496586682,0.999992048730391,0.9999912352206665,0.9999900785947659,nan,8865,False,123.57626342773438,123.56694793701172,123.5712890625,True
6.32,0.3285734373616853,0.2587890646113772,0.9999924107130089,0.999992125384138,0.9999909454794998,nan,8846,False,123.72866821289062,123.71565246582031,123.72374725341797,True
6.34,0.32948261828540343,0.2646878631064287,0.9999929797998051,0.999992990865352,0.9999916781268575,nan,8830,False,123.87073516845703,123.8581314086914,123.868896484375,True
6.36,0.3304361078236056,0.2513243500139463,0.9999930966068866,0.9999932301107413,0.9999915026780064,nan,8778,False,123.99049377441406,123.98287200927734,123.99229431152344,True
6.38,0.33138525853937295,0.2440258073574326,0.9999920998034936,0.9999923746965278,0.9999903089584721,nan,8822,False,124.15031433105469,124.14452362060547,124.1532974243164,True
6.4,0.33238591967751,0.24552828363808435,0.9999931164669117,0.999993256559865,0.999991408521841,nan,8757,False,124.28265380859375,124.27719116210938,124.2851333618164,True
6.42,0.33341089210924163,0.25352531402480083,0.9999938451550484,0.9999942355208172,0.9999924462205702,nan,8786,False,124.43138885498047,124.42322540283203,124.4305648803711,True
6.44,0.3344370876092792,0.25125851916374264,0.9999940622830252,0.9999955617818251,0.9999934167164813,nan,8701,False,124.57108306884766,124.5578384399414,124.56785583496094,True
6.46,0.33546386171298137,0.2783712621930443,0.9999950637634346,0.9999974456119662,0.9999955874635226,nan,8664,False,124.71214294433594,124.68560028076172,124.70309448242188,True
6.48,0.33649305814274416,0.3099971851369802,0.9999950687813981,0.9999971543167551,0.9999958926607937,nan,8636,False,124.84786987304688,124.821044921875,124.841552734375,True
6.5,0.33756813524299406,0.32898348089541246,0.9999950777298431,0.9999969814128222,0.9999960980884463,nan,8733,False,124.98199462890625,124.95256042480469,124.97576904296875,True
6.5200000000000005,0.33870521185441427,0.37710793383204255,0.9999963590681394,0.9999975529004839,0.9999974039283681,nan,8672,False,125.11309814453125,125.08320617675781,125.10317993164062,True
6.54,0.3398388491406079,0.4032390613730776,0.9999969439708238,0.9999973373626794,0.9999975354592021,nan,8750,False,125.25245666503906,125.22041320800781,125.2383041381836,True
6.5600000000000005,0.3409754415053757,0.38915238181663564,0.999996058610541,0.9999965604665375,0.9999964879586676,nan,8665,False,125.38516998291016,125.35894012451172,125.3717269897461,True
6.58,0.3421568962819706,0.4305722987468314,0.9999960651727099,0.9999968317248824,0.9999970184374121,nan,8704,False,125.50072479248047,125.47850799560547,125.4886703491211,True
6.6000000000000005,0.34334859290826875,0.44616054010745365,0.9999957057440887,0.9999966028152317,0.9999971048091753,nan,8683,False,125.64801025390625,125.62709045410156,125.63731384277344,True
6.62,0.3445758246532565,0.4639961211392477,0.9999958962616654,0.9999971946249904,0.999997535858662,nan,8556,False,125.76411437988281,125.74723815917969,125.75363159179688,True
6.640000000000001,0.34574979265955263,0.49281317455747525,0.999996042525788,0.9999980029764215,0.9999981085044605,nan,8665,False,125.9000244140625,125.88970947265625,125.8965072631836,True
6.66,0.34695116000289017,0.4938477172380436,0.9999952513058697,0.99999786897164,0.9999980483941492,nan,8754,False,126.05229949951172,126.03695678710938,126.04777526855469,True
6.68,0.34820084249066335,0.47381011328744527,0.9999942041387244,0.9999974837439141,0.9999975764675726,nan,8752,False,126.17916107177734,126.16301727294922,126.17388153076172,True
6.7,0.34942668637862684,0.44714298551220233,0.9999933969947568,0.9999971533613782,0.9999970137040669,nan,8658,False,126.31755828857422,126.3017349243164,126.31205749511719,True
6.72,0.3506700691548989,0.46034953274869655,0.9999943985848548,0.9999977097409302,0.9999976513724634,nan,8771,False,126.45661163330078,126.43441009521484,126.44717407226562,True
6.74,0.35194182484224534,0.5022631580801475,0.9999953204265607,0.9999979083042314,0.9999982275740378,nan,8726,False,126.5912094116211,126.572265625,126.58941650390625,True
6.76,0.35331961692571345,0.5257938405230068,0.9999958224520167,0.9999976141773141,0.9999981831889391,nan,8662,False,126.6928939819336,126.68110656738281,126.69672393798828,True
6.78,0.3546744762424898,0.5072041325883896,0.9999948831458287,0.9999965057912702,0.9999971275653287,nan,8658,False,126.82057189941406,126.80933380126953,126.82848358154297,True
6.8,0.35601305398808697,0.5497828607816647,0.9999953705587692,0.9999969159023643,0.9999975613288737,nan,8371,False,126.96357727050781,126.951171875,126.97215270996094,True
6.82,0.3573784472456155,0.6041367776368585,0.9999956109260768,0.9999974498101348,0.9999979592556861,nan,8634,False,127.09838104248047,127.08586120605469,127.10562896728516,True
6.84,0.358744578365106,0.6710590844098825,0.9999954758168393,0.9999977820735751,0.9999982295126981,nan,8591,False,127.23377990722656,127.22232818603516,127.24160766601562,True
6.86,0.36011426897061266,0.6734397775655725,0.9999956162576232,0.9999972606237282,0.9999979784158202,nan,8638,False,127.35456085205078,127.3403091430664,127.3548812866211,True
6.88,0.36145982527245146,0.7175895389712637,0.9999964397179042,0.9999975183402983,0.9999982707516951,nan,8623,False,127.47831726074219,127.46434783935547,127.47850799560547,True
6.9,0.36288304585362996,0.6765260797923855,0.9999958630261095,0.9999968696534347,0.99999803969564,nan,8588,False,127.60957336425781,127.59484100341797,127.60465240478516,True
6.92,0.3643463984831894,0.6691074761027844,0.9999961697028384,0.9999966560150808,0.9999979400251853,nan,8533,False,127.72190856933594,127.70225524902344,127.71277618408203,True
6.94,0.36577118565112887,0.6999630808167032,0.9999961958048194,0.999997180087502,0.999997921534819,nan,8615,False,127.85981750488281,127.84383392333984,127.85326385498047,True
6.96,0.36720116707319084,0.6838999465912177,0.9999966925838227,0.999997177265975,0.9999978761293186,nan,8500,False,127.98255157470703,127.96932220458984,127.97888946533203,True
6.98,0.3686629122891065,0.7538174631168236,0.9999980908450516,0.9999970681734606,0.999998987577537,nan,8590,False,128.0982208251953,128.09060668945312,128.0977325439453,True
7.0,0.370182319967026,0.8103272408787309,0.999998891520452,0.9999980927446213,0.9999995458251917,nan,8634,False,128.2149658203125,128.21041870117188,128.21771240234375,True
7.0200000000000005,0.37178981824282964,0.7440647433759027,0.999998729060196,0.9999984298474751,0.9999993926474425,nan,8633,False,128.3304443359375,128.32876586914062,128.33058166503906,True
7.04,0.3733345787179452,0.8038227613332016,0.9999989439417397,0.9999984184483808,0.9999992327538796,nan,8603,False,128.45989990234375,128.4623565673828,128.46560668945312,True
7.0600000000000005,0.37478289571040324,0.7550115529150531,0.9999985758239032,0.9999986890893098,0.9999990862791399,nan,8514,False,128.58895874023438,128.5806121826172,128.59613037109375,True
7.08,0.37619136178972035,0.666139554447386,0.999997985350892,0.9999979423175911,0.9999986279070108,nan,8522,False,128.72987365722656,128.72293090820312,128.73439025878906,True
7.1000000000000005,0.37764979076776967,0.692483227205587,0.999998396853855,0.9999978919596357,0.9999987260990731,nan,8568,False,128.84335327148438,128.84278869628906,128.85440063476562,True
7.12,0.37915409489145935,0.6679892971936877,0.9999977320589228,0.999997809193728,0.9999987144535958,nan,8607,False,128.97866821289062,128.9767608642578,128.9889678955078,True
7.140000000000001,0.3806656629899438,0.5890142894483529,0.9999966338118311,0.999996613416489,0.9999978335735844,nan,8599,False,129.10337829589844,129.10325622558594,129.11558532714844,True
7.16,0.3821397406056661,0.5644176825375761,0.9999970703441396,0.9999970473370926,0.9999976558219665,nan,8402,False,129.21990966796875,129.22705078125,129.23440551757812,True
7.18,0.383612528163061,0.6364806850266707,0.9999965920412913,0.9999972128822401,0.9999976870052552,nan,8608,False,129.34327697753906,129.34500122070312,129.35211181640625,True
7.2,0.3851064165375874,0.6577161238310029,0.9999969887966058,0.9999969135168169,0.99999749403004,nan,8467,False,129.44485473632812,129.44447326660156,129.45257568359375,True
7.22,0.38658202650552614,0.7153857434503312,0.9999975924188511,0.9999972309619174,0.9999980894394628,nan,8524,False,129.57247924804688,129.58168029785156,129.58670043945312,True
7.24,0.38811972039480847,0.7002542417445842,0.9999974747536049,0.9999969538521327,0.9999978941054316,nan,8380,False,129.70413208007812,129.71621704101562,129.71876525878906,True
7.26,0.38970524119419425,0.6976675817477324,0.9999979217520553,0.9999974543350821,0.9999981706932536,nan,8438,False,129.81370544433594,129.81956481933594,129.82479858398438,True
7.28,0.3912704900733219,0.7451460823903042,0.9999982144790402,0.9999982924359406,0.9999984673108867,nan,8552,False,129.95004272460938,129.9545440673828,129.96234130859375,True
7.3,0.39289492023425304,0.753899814097345,0.9999986861333156,0.9999985550767765,0.9999987171710645,nan,8422,False,130.0698699951172,130.08236694335938,130.0843048095703,True
7.32,0.3945184084754154,0.7541943564378296,0.9999988264587252,0.9999987200426891,0.9999991189963503,nan,8478,False,130.16966247558594,130.18206787109375,130.18702697753906,True
7.34,0.3961189023817535,0.7207613834296871,0.9999990313978256,0.9999984798207691,0.9999991744695872,nan,8396,False,130.28651428222656,130.30824279785156,130.30592346191406,True
7.36,0.39774157372106106,0.6018182705218283,0.9999992886518165,0.9999981497468862,0.9999991359940039,nan,8479,False,130.40286254882812,130.4128875732422,130.4180908203125,True
7.38,0.3993757168962077,0.5326400115535377,0.9999992226688668,0.9999982322216143,0.999999227535166,nan,8529,False,130.50411987304688,130.5267333984375,130.52835083007812,True
7.4,0.40090484249714176,0.5402338481621569,0.9999993021372074,0.9999979463298536,0.9999992932407867,nan,8456,False,130.62918090820312,130.6615753173828,130.65907287597656,True
7.42,0.40248097389904,0.5534831165968869,0.9999993484560008,0.999997488811695,0.9999994503038256,nan,8384,False,130.75437927246094,130.78257751464844,130.78323364257812,True
7.44,0.40410147915406447,0.582730337218363,0.9999991695047536,0.9999975936089144,0.9999996736500459,nan,8425,False,130.86328125,130.88677978515625,130.89263916015625,True
7.46,0.40555933425839935,0.6404888758106144,0.9999991316976721,0.9999980799804281,0.9999999030486073,nan,8510,False,130.9779510498047,131.005859375,131.011962890625,True
7.48,0.4070201366331689,0.6549804511612771,0.9999991727128571,0.999998514033546,0.9999999711185577,nan,8452,False,131.08624267578125,131.1159210205078,131.1280975341797,True
7.5,0.4086060134172384,0.6752227117459765,0.9999988306361254,0.9999987884218211,0.9999999352014923,nan,8541,False,131.20806884765625,131.23721313476562,131.24893188476562,True
7.5200000000000005,0.41013591573002584,0.6793773711396429,0.9999985881873642,0.9999988041757035,0.9999999468152857,nan,8464,False,131.32171630859375,131.3606414794922,131.3662109375,True
7.54,0.411632414648654,0.620151017385066,0.9999985334063362,0.9999985645699114,0.9999998688550568,nan,8310,False,131.4314422607422,131.47540283203125,131.48748779296875,True
7.5600000000000005,0.413160369009323,0.5803977618142897,0.9999983164799023,0.999998812600863,0.9999998604263339,nan,8417,False,131.55665588378906,131.6067352294922,131.6144256591797,True
7.58,0.41460917978142175,0.5903369901543615,0.9999980978667753,0.9999988881265607,0.9999997808055088,nan,8411,False,131.69544982910156,131.7531280517578,131.76113891601562,True
7.6000000000000005,0.41616063414150534,0.5851134655752676,0.999997680952725,0.9999985933623103,0.9999996008976058,nan,8512,False,131.81484985351562,131.8711700439453,131.87429809570312,True
7.62,0.4176469798418122,0.5505165431887153,0.9999976592275267,0.9999989049324424,0.9999995504939286,nan,8419,False,131.93003845214844,131.98733520507812,131.9851531982422,True
7.640000000000001,0.4191185311985098,0.5355033616934022,0.9999974319323672,0.9999992911443181,0.9999994770100399,nan,8470,False,132.05899047851562,132.11647033691406,132.10931396484375,True
7.66,0.42062624642816243,0.4918105906450369,0.9999968963254792,0.9999989732309638,0.9999988806133733,nan,8562,False,132.1920928955078,132.24415588378906,132.24063110351562,True
7.68,0.4221362919287126,0.5127819291052497,0.999996787841013,0.9999989833248655,0.9999988057908764,nan,8448,False,132.3111114501953,132.36184692382812,132.3535614013672,True
7.7,0.4236898910757514,0.5035244302221882,0.9999961726982944,0.9999990479128005,0.999998635452289,nan,8532,False,132.4192352294922,132.47164916992188,132.45645141601562,True
7.72,0.4251747513461585,0.5262349489406655,0.9999964101104454,0.9999992434353626,0.9999988258474921,nan,8339,False,132.5215606689453,132.5660400390625,132.5706024169922,True
7.74,0.42659132175514447,0.58173842335744,0.9999964158256726,0.9999991005580573,0.9999988657085555,nan,8428,False,132.6399688720703,132.67727661132812,132.69102478027344,True
7.76,0.4280279756134539,0.6230884633262275,0.9999960206932647,0.9999988926978106,0.9999986834611726,nan,8406,False,132.75662231445312,132.8029327392578,132.8153839111328,True
7.78,0.4295478709448509,0.6523790174293012,0.9999969455736847,0.9999987394516632,0.9999985057350753,nan,8440,False,132.8554229736328,132.89991760253906,132.91351318359375,True
7.8,0.43099211030981055,0.7159404248581785,0.9999975827094392,0.9999987260426328,0.9999983179434466,nan,8392,False,132.96778869628906,133.0039825439453,133.02407836914062,True
7.82,0.43234814849313186,0.7192410578635364,0.9999970841075355,0.9999989149582765,0.9999985195600466,nan,8506,False,133.0853271484375,133.1186981201172,133.14068603515625,True
7.84,0.4336753847312705,0.6873205029389315,0.9999971790300414,0.9999989515112662,0.9999979936030219,nan,8465,False,133.19659423828125,133.2328643798828,133.2607421875,True
7.86,0.4349733316533841,0.8408383022848473,0.9999984515063486,0.9999990395476134,0.9999979684972314,nan,8471,False,133.34640502929688,133.3812255859375,133.4070587158203,True
7.88,0.43636022903814053,1.0057697361874687,0.9999988030499227,0.9999993604391607,0.9999986119609232,nan,8537,False,133.44107055664062,133.47865295410156,133.5022735595703,True
7.9,0.4377149657467748,1.0042020618109662,0.9999991370806212,0.9999995166333443,0.9999986264938676,nan,8579,False,133.57168579101562,133.60350036621094,133.63526916503906,True
7.92,0.4390784151828442,0.9476836366346959,0.9999992227607835,0.9999994977370421,0.999998667362828,nan,8514,False,133.69244384765625,133.7239990234375,133.75904846191406,True
7.94,0.440520095940394,0.9486063411197071,0.9999993107753107,0.9999996125311035,0.9999987948890545,nan,8519,False,133.7969207763672,133.82025146484375,133.86131286621094,True
7.96,0.4419293907517752,0.8212736180467779,0.9999990311550789,0.9999995070624937,0.9999985664403142,nan,8436,False,133.90252685546875,133.926025390625,133.9658966064453,True
7.98,0.4432533629770617,0.8745621261040375,0.9999987130742359,0.9999995258257349,0.9999986060575273,nan,8433,False,134.00746154785156,134.03269958496094,134.07037353515625,True
8.0,0.4445455814222955,0.7375818282457163,0.9999984979691429,0.9999990785958913,0.9999979372275135,nan,8431,False,134.12625122070312,134.14378356933594,134.1900634765625,True
