t,norm,peak,PR,R_rms,r50,r80,r90,Vmem_peak,Vmem_mean,k_star,k_star_L,crystallinity,M1,M2,M3,finite,r90_over_r50,peak_n_cells_half,peak_r_cells,peak_width_phys,artifact_1_2_cells,rho_core,rho_mid,rho_far,mass_core,mass_mid,mass_far,mass_core_frac,mass_mid_frac,mass_far_frac,contrast_im,contrast_mf,two_scale,N,dx
0.0,0.9999999999999998,0.08190339203884786,87.07920985868627,2.3516116187649283,2.0615528128088303,2.958039891549808,3.5,0.0,0.0,0.2945243112740431,9.42477796076938,0.9370255260122592,0.0,0.0,0.0,True,1.697749375254331,7,1.1866877982896216,0.5933438991448108,False,0.04246729177081002,0.005383268522423376,1.6215221008622218e-11,0.1008598179556738,0.5396726693729434,4.967269458650026e-07,0.10085981795567382,0.5396726693729436,4.967269458650027e-07,7.888755984197607,331988600.0666225,True,64,0.5
0.01,33.677666642670495,0.06450919875656332,14125.833668994534,15.764077810160277,15.580436450882884,19.150718002205558,20.83266665599966,0.022542713434093642,0.00012143945448437484,0.2945243112740431,9.42477796076938,0.9981279546157179,0.002403476013403615,6.340006056652577e-06,6.35618013295615e-08,True,1.3371041768742717,21,1.711499967172251,0.8557499835861255,False,0.045593441393061,0.006253844322681903,0.0009963128575283867,0.10828442330851987,0.6269478933488607,30.520425381988645,0.00321531846185925,0.018616132168566012,0.906251187346764,7.290466318085238,6.276988473476284,True,64,0.5
0.02,66.24467965608613,0.0696853124378022,15677.185708702307,15.87640588718037,15.644487847162015,19.196353820452465,20.868636754709208,0.03725835057611163,0.0005240925417745732,0.2945243112740431,9.42477796076938,0.9990503203554513,0.007145817750077587,1.9865634824576008e-05,1.9966964189722262e-07,True,1.333929046357045,19,1.655344272701427,0.8276721363507135,False,0.049292733466881705,0.007393579630044586,0.0019907700617611173,0.11707024198384405,0.7412063579119698,60.98400584070147,0.001767239914082495,0.011188919046178412,0.9205872253787653,6.666964573773645,3.713929484906921,True,64,0.5
0.03,99.0505235454375,0.09887500145436219,16103.52173079372,15.914822548491868,15.692354826475215,19.196353820452465,20.868636754709208,0.0548747975035957,0.0011824751972832378,0.2945243112740431,9.42477796076938,0.9993520236061743,0.014804278874443697,4.343882193302628e-05,4.377605343711725e-07,True,1.329860112486169,10,1.3365046175719757,0.6682523087859878,False,0.047652984834106155,0.008475122523938346,0.0029932444260826045,0.11317583898100211,0.8496310330248191,91.69317897084821,0.001142607175913461,0.00857775408562144,0.9257212954435899,5.622689784071943,2.831416789784229,False,64,0.5
0.04,131.66395178001665,0.10643714372224214,16249.32478322984,15.933798254755747,15.692354826475215,19.20286436967152,20.89258241577618,0.07705591117669143,0.002071465471803209,0.2945243112740431,9.42477796076938,0.9995006665720559,0.02483652980742751,7.701225304140326e-05,7.782374368773326e-07,True,1.3313860568923312,9,1.2903810207421493,0.6451905103710747,False,0.05232966936616664,0.009471768686973097,0.00398634637468345,0.12428296474464577,0.949544810869053,122.11524337556864,0.0009439407147090422,0.007211881445390207,0.9274766686298317,5.524804405130557,2.376052604742666,False,64,0.5
0.05,164.18419604447183,0.12731421347090052,16298.096458232198,15.948324376538707,15.700318468107582,19.20286436967152,20.886598574205422,0.10193679269446222,0.0031684391331367905,0.2945243112740431,9.42477796076938,0.9996181611863793,0.03670210847604019,0.00012026362910622997,1.2187103620291915e-06,True,1.3303296118886283,6,1.1272516517868265,0.5636258258934133,False,0.05268297991799733,0.010487224807958925,0.004978566816671247,0.12512207730524366,1.0513442869978822,152.51030425764657,0.0007620835641900175,0.006403443890014294,0.9288975914364912,5.023538722848333,2.106474653075131,False,64,0.5
0.06,196.84985527070256,0.14327926104454078,16336.811418886218,15.950776787856803,15.700318468107582,19.20286436967152,20.868636754709208,0.12342715489339316,0.004455020105619112,0.2945243112740431,9.42477796076938,0.9996965072252127,0.049962251468128514,0.0001728913285587057,1.7569536952205724e-06,True,1.3291855701589843,3,0.8947002289396495,0.44735011446982476,False,0.05310989452640557,0.011736977137200766,0.005976132328103364,0.12613599950021323,1.1766319580043767,183.0691026564134,0.0006407726301182921,0.005977306695939931,0.9299935852361271,4.525006218004112,1.963975443115014,False,64,0.5
0.07,229.4367420907684,0.13659217158832807,16386.319837416875,15.968909632659328,15.724185193516387,19.215878850575635,20.89258241577618,0.15527047557336063,0.0059133685500757874,0.2945243112740431,9.42477796076938,0.9997391246977735,0.06444891248256768,0.00023531246639995097,2.3980308990662025e-06,True,1.3286909406530583,16,1.563185283593544,0.781592641796772,False,0.05356718922504062,0.012775434720117615,0.006971113025530852,0.12722207440947148,1.2807373306917909,213.54871947847116,0.0005544973889105374,0.005582093430289004,0.9307520562421004,4.192983675200327,1.8326248151950977,False,64,0.5
0.08,261.99312843892943,0.10570504465252066,16391.313982362924,15.977763356199217,15.724185193516387,19.222382786741086,20.89258241577618,0.1786355747224209,0.007525511717740068,0.2945243112740431,9.42477796076938,0.9997813778477364,0.07953765219999026,0.00030616346555521843,3.12888266436105e-06,True,1.3286909406530583,345,4.350877227410777,2.1754386137053885,False,0.05331059253083944,0.013518977000467301,0.007965499305336717,0.12661265726074367,1.355277444296847,244.01012728261912,0.000483267091832361,0.005172950345576571,0.9313607907830982,3.9433895426404444,1.6971914103877797,False,64,0.5
0.09,294.54011397669876,0.1374232075556449,16410.66350849701,15.982348433094238,15.724185193516387,19.222382786741086,20.89258241577618,0.19134448031389711,0.009277868659994887,0.2945243112740431,9.42477796076938,0.9998050633840634,0.09520665495113374,0.0003859945747701248,3.955880334278861e-06,True,1.3286909406530583,133,3.1665596774742406,1.5832798387371203,False,0.058775437682581755,0.014601002589094062,0.008958681170369227,0.13959166449613167,1.4637505095566796,274.4346397973594,0.00047393091084080606,0.004969613441761884,0.9317394364119452,4.025438480949448,1.6298160757619964,False,64,0.5
0.1,327.10274082446097,0.1392534762530299,16387.594863395967,15.984810869642324,15.732132722552274,19.222382786741086,20.89258241577618,0.20019722467919984,0.011158819306956952,0.2945243112740431,9.42477796076938,0.9998091562775797,0.1109079445032619,0.0004731217928433723,4.862500458277105e-06,True,1.3280197150781925,245,3.8817344776970533,1.9408672388485266,False,0.061728570949656274,0.015521703079043507,0.00995395870661316,0.14660535600543365,1.5560507336741116,304.9233497941959,0.0004481936031349524,0.004757070300762668,0.9321944200945488,3.97691997039929,1.5593497558645968,False,64,0.5
0.11,359.7855338881993,0.14088637584752936,16381.344451821182,15.984739874855242,15.732132722552274,19.222382786741086,20.886598574205422,0.2118770972173843,0.0131536336424392,0.2945243112740431,9.42477796076938,0.9998349033054927,0.12674128051968886,0.0005682785431282055,5.856930809280676e-06,True,1.3276393571396798,446,4.739677037827816,2.369838518913908,False,0.0644389589590234,0.016423752940742446,0.010948844309960196,0.1530425275276806,1.6464812323094302,335.4000535636269,0.00042537154252354526,0.004576285251149264,0.9322221767478011,3.923522181046058,1.5000444317033268,False,64,0.5
0.12,392.4062419357724,0.19060454410654018,16389.397131088586,15.987614539775127,15.732132722552274,19.222382786741086,20.886598574205422,0.22173954778646982,0.015254960244994994,0.2945243112740431,9.42477796076938,0.9998469436003402,0.1427589939054252,0.000672028761582863,6.94567692151587e-06,True,1.3276393571396798,93,2.810593988881165,1.4052969944405824,False,0.06457090872046524,0.017696131092925057,0.011943396033127817,0.15335590821110495,1.7740371420657368,365.8665294563168,0.0003908090438485066,0.004520919782810449,0.9323667423114042,3.648871517813337,1.4816666083784442,False,64,0.5
0.13,425.0590174546321,0.17829652698554377,16388.27317257911,15.987491298112962,15.732132722552274,19.222382786741086,20.89258241577618,0.23890595048549695,0.01745258351410906,0.2945243112740431,9.42477796076938,0.9998512349397247,0.15856434987968432,0.0007829059139984137,8.114322671326868e-06,True,1.3280197150781925,295,4.129629937082089,2.0648149685410444,False,0.06337470438285858,0.018953605687547136,0.012935754149711308,0.15051492290928914,1.9000989701766002,396.26580777591266,0.0003541035873338555,0.004470200353717714,0.9322606779379933,3.3436753632844076,1.4652107227911508,False,64,0.5
0.14,456.94450493247734,0.1734625967616456,16402.466642450094,15.996542800970719,15.732132722552274,19.235384061671343,20.89258241577618,0.25509105896202555,0.01973314035343022,0.2945243112740431,9.42477796076938,0.9998739711786211,0.17481833773139008,0.000904657549598494,9.402533403233696e-06,True,1.3280197150781925,524,5.001276810859449,2.5006384054297244,False,0.060255115936705586,0.01991426692415069,0.013911997721193097,0.14310590034967577,1.9964052591461066,426.1714431924536,0.00031318004441441424,0.004369032207622489,0.9326547066266371,3.025726036826001,1.431445528043318,False,64,0.5
0.15,489.67760164929564,0.17410731510310604,16416.53567843554,15.996793421115326,15.732132722552274,19.222382786741086,20.89258241577618,0.26496031428797184,0.022090392409630483,0.2945243112740431,9.42477796076938,0.9998864464564453,0.1900908912822339,0.001030102556594528,1.0736421928429678e-05,True,1.3280197150781925,759,5.658713708270934,2.829356854135467,False,0.061579507002005984,0.021030289362670613,0.014914268495461505,0.1462513291297642,2.108286508607729,456.87437967215806,0.0002986686110150258,0.004305458329126665,0.933010572942989,2.928134080328511,1.4100785009382288,False,64,0.5
0.16,522.1903600127249,0.18107567075043374,16416.344078588892,15.995193234027601,15.732132722552274,19.222382786741086,20.89258241577618,0.27142743908858463,0.024518595946287802,0.2945243112740431,9.42477796076938,0.9998923586365432,0.2050156800888189,0.0011623384120517666,1.2148676616415627e-05,True,1.3280197150781925,886,5.958199456187754,2.979099728093877,False,0.05960669835866935,0.021749711120418687,0.015905351210205188,0.1415659086018397,2.1804085398219732,487.23458812891937,0.00027110019533564347,0.004175505154420775,0.9330593313079282,2.7405742553844967,1.367446140168451,False,64,0.5
0.17,554.5312364181599,0.20393437388070856,16429.12590403546,15.998523593671523,15.732132722552274,19.235384061671343,20.89258241577618,0.2830588010412722,0.0270112927281884,0.2945243112740431,9.42477796076938,0.999893415473379,0.21984591833747213,0.00130286092056366,1.3655591986880174e-05,True,1.3280197150781925,603,5.240944583646434,2.620472291823217,False,0.06108775096602487,0.02256347832012828,0.016891633891792247,0.14508340854430907,2.26198870159286,517.4477553699813,0.00026163252674715846,0.004079100604329426,0.9331264343417172,2.707372954617999,1.3357783187032024,False,64,0.5
0.18,586.4838302400938,0.23984320910028978,16423.846775473805,16.001521040631403,15.732132722552274,19.235384061671343,20.89258241577618,0.29697381133648576,0.029559861741189998,0.2945243112740431,9.42477796076938,0.9999104946728433,0.23426031581879705,0.001449996688363049,1.5240397733138401e-05,True,1.3280197150781925,311,4.202979385469123,2.1014896927345617,False,0.06445385234544633,0.023415446151861218,0.017864986886957188,0.15307789932043503,2.347398476724087,547.2648426782422,0.00026100958189719957,0.004002494793016054,0.9331286123510069,2.7526211513301915,1.3106892437159465,False,64,0.5
0.19,618.4153381942598,0.2900353334883766,16425.755522986117,15.995607931058085,15.732132722552274,19.235384061671343,20.89258241577618,0.32187966803966395,0.032158556957566795,0.2945243112740431,9.42477796076938,0.9999153984537034,0.24830545491748926,0.001603908955626836,1.6905407765756627e-05,True,1.3280197150781925,111,2.981339653545337,1.4906698267726686,False,0.06810040655923111,0.024336573231183423,0.018832127682525717,0.1617384655781739,2.4397414664261383,576.8916293466913,0.0002615369567812495,0.003945150315239681,0.9328546588627386,2.7982742645119543,1.2922901565586382,False,64,0.5
0.2,650.6259539735264,0.29191119510271185,16432.2714783182,15.99677340619269,15.732132722552274,19.235384061671343,20.89258241577618,0.3460830036404947,0.03480260071509594,0.2945243112740431,9.42477796076938,0.9999173737508926,0.26170469997021184,0.0017626703545285734,1.863087770021224e-05,True,1.3280197150781925,149,3.2887628124766306,1.6443814062383153,False,0.07325767834043413,0.025515865009115162,0.01981452445822572,0.17398698605853105,2.557965467163795,606.9857581755003,0.00026741476419123985,0.003931545385703868,0.9329258300694814,2.871063877876134,1.2877354217058996,False,64,0.5
0.21,682.3230356729453,0.3115068506296076,16446.560542517174,15.998343355395415,15.732132722552274,19.235384061671343,20.89258241577618,0.37014357562708905,0.03748780944861756,0.2945243112740431,9.42477796076938,0.9999193809099349,0.2751399861692878,0.001930882021463947,2.046607994965051e-05,True,1.3280197150781925,127,3.118207682606165,1.5591038413030824,False,0.07737373302524472,0.02645471165954058,0.0207854892642015,0.1837626159349562,2.652084843868943,636.7296871887587,0.0002693190854295564,0.003886846413229048,0.9331792331483872,2.92476191088406,1.272749047341555,False,64,0.5
0.22,714.7376379207028,0.2713003844768904,16461.74738740654,15.997613124655981,15.732132722552274,19.235384061671343,20.89258241577618,0.412879024837561,0.040209655906541845,0.2945243112740431,9.42477796076938,0.9999210415355017,0.2875256506707754,0.002100844445210088,2.2330051632508563e-05,True,1.3280197150781925,494,4.903950899738635,2.4519754498693174,False,0.08154896316863088,0.026948041256506648,0.021778616804142704,0.19367878752549833,2.7015411359647916,667.152535542605,0.00027097885608619115,0.003779766158424298,0.933422979491424,3.0261554965127844,1.2373623861815055,False,64,0.5
0.23,746.1661293618367,0.2942744004546185,16458.50640736889,15.998670247103803,15.732132722552274,19.235384061671343,20.89258241577618,0.4530064910536799,0.04296804983575533,0.2945243112740431,9.42477796076938,0.9999216297732091,0.29995952363620837,0.0022800367357828006,2.4302613233637246e-05,True,1.3280197150781925,379,4.489350705424529,2.2446753527122647,False,0.08312769077234128,0.027606447051610607,0.02274481059697783,0.19742826558431054,2.7675463169239634,696.7503123211957,0.0002645902270492528,0.003709021634754347,0.9337737065566025,3.011169478525541,1.2137470626059537,False,64,0.5
0.24,778.0021837618285,0.3181909715626663,16468.821457097696,15.994551640190018,15.732132722552274,19.235384061671343,20.89258241577618,0.4856309615340228,0.04575278778915018,0.2945243112740431,9.42477796076938,0.9999234092239763,0.3118045483546856,0.0024639816994978378,2.633690458413195e-05,True,1.3280197150781925,299,4.148211199396802,2.074105599698401,False,0.08448952638062267,0.02859558217030288,0.02371148013152425,0.20066262515397884,2.866707112572864,726.3626626740316,0.00025792038806848406,0.003684703169741301,0.9336254805377187,2.954635645374859,1.2059804791471136,False,64,0.5
0.25,810.1132895876045,0.32820516062568184,16484.984616212096,15.995845595967186,15.732132722552274,19.222382786741086,20.89258241577618,0.5086319153403472,0.04856641776234051,0.2945243112740431,9.42477796076938,0.99992532698723,0.3231000850525827,0.0026524930172308926,2.843134087976106e-05,True,1.3280197150781925,306,4.180333582940752,2.090166791470376,False,0.08521227399953368,0.029152147977145337,0.0246907279787906,0.2023791507488925,2.92250283470882,756.3603291972845,0.00024981586322564273,0.0036075236294377377,0.9336476007970645,2.9230187108798393,1.1806921206287277,False,64,0.5
0.26,842.2408976720651,0.3103119199878688,16483.929299104904,15.996472637475689,15.732132722552274,19.222382786741086,20.89258241577618,0.5262566058913918,0.05140783310915413,0.2945243112740431,9.42477796076938,0.9999321058351079,0.33359824152083395,0.0028432232697925127,3.056118324040591e-05,True,1.3280197150781925,569,5.140529854094314,2.570264927047157,False,0.08179668105797039,0.029877641293344144,0.02567368714580793,0.19426711751267967,2.9952335396577503,786.4716859702139,0.00023065505136313092,0.00355626703468866,0.9337847261323975,2.7377221734097286,1.163745632781953,False,64,0.5
0.27,873.6424218177353,0.3620721131195506,16493.769898112594,15.993046025800888,15.732132722552274,19.222382786741086,20.89258241577618,0.5353673837888172,0.05427170307032819,0.2945243112740431,9.42477796076938,0.9999346626388325,0.344456206442138,0.0030457848942696476,3.2830285646470076e-05,True,1.3280197150781925,259,3.954307012542302,1.977153506271151,False,0.07851890552295185,0.030568768242095687,0.02663393297586929,0.18648240061701063,3.0645190162700926,815.8872565746699,0.00021345392114660355,0.003507749783823377,0.9338915283865249,2.5685989340854407,1.1477376724568396,False,64,0.5
0.28,905.5786353364745,0.3558385334981516,16470.902572407555,15.993554925853358,15.732132722552274,19.222382786741086,20.89258241577618,0.5458690595491472,0.057158205478625934,0.2945243112740431,9.42477796076938,0.9999378947471129,0.35381366548941573,0.0032434776701869756,3.50591799873786e-05,True,1.3280197150781925,401,4.574587312169345,2.2872936560846724,False,0.07673779193487879,0.031173521437583607,0.02761320478131455,0.1822522558453371,3.1251455241177566,845.8856570178016,0.00020125503046747556,0.0034509929918527566,0.9340830536527692,2.4616337326062148,1.1289352932578935,False,64,0.5
0.29,937.6455263846075,0.420015847650508,16459.958021463302,15.991234370624314,15.724185193516387,19.222382786741086,20.89258241577618,0.5486636600181656,0.06006511498670606,0.2945243112740431,9.42477796076938,0.9999365113711416,0.3629708386397334,0.0034470992043921793,3.736442523760277e-05,True,1.3286909406530583,168,3.422999934344502,1.711499967172251,False,0.07194196577354811,0.032276155284407526,0.02858949445381718,0.17086216871217677,3.235684567261855,875.7927046642018,0.00018222469355875942,0.0034508612009679957,0.934033896627333,2.2289509125116576,1.1289515922202016,False,64,0.5
0.3,969.856738297897,0.4149462549360653,16465.260774083603,15.991025210261286,15.724185193516387,19.222382786741086,20.89258241577618,0.5531087204808068,0.06299395401142305,0.2945243112740431,9.42477796076938,0.9999382399874112,0.37209191380443685,0.0036579995590159914,3.976116038702077e-05,True,1.3286909406530583,222,3.7562525863880585,1.8781262931940292,False,0.07299316153392854,0.03305561084515861,0.02957551922230965,0.17335875864308029,3.3138249872271506,905.9979711567199,0.00017874676928813807,0.003416819058289917,0.9341564948517557,2.208192789897249,1.1176679806258085,False,64,0.5
0.31,1002.321977164841,0.3364593922449729,16456.775438457313,15.992897622426254,15.724185193516387,19.222382786741086,20.89258241577618,0.6159913534962181,0.06594028288411266,0.2945243112740431,9.42477796076938,0.9999371009983445,0.38037109742767367,0.003868474154483648,4.2166267245988674e-05,True,1.3286909406530583,1014,6.232320541076913,3.1161602705384563,False,0.07652797769503256,0.03410961729866419,0.03056705348856159,0.18175394702570233,3.4194891341910854,936.3720121601655,0.00018133289618153431,0.0034115675522384753,0.9342028145574329,2.2435894552833213,1.1158948412030703,False,64,0.5
0.32,1034.4514231712424,0.3422244088701571,16464.33088278853,15.993107366093636,15.724185193516387,19.222382786741086,20.89258241577618,0.6479876809815992,0.06890640122582209,0.2945243112740431,9.42477796076938,0.9999411625376865,0.3890064703057119,0.0040900824833638725,4.470596791834167e-05,True,1.3286909406530583,1122,6.446164971584579,3.2230824857922893,False,0.07735868272800264,0.03491379902414634,0.03154330677789876,0.18372687147900627,3.5001083521706704,966.2779452674145,0.0001776080223426714,0.0033835405643704787,0.9340969750954246,2.215705104864168,1.106852850589817,False,64,0.5
0.33,1066.446617614572,0.38326124057253946,16451.280743277213,15.994196182102112,15.724185193516387,19.222382786741086,20.89258241577618,0.6616784140157834,0.0718859535079649,0.2945243112740431,9.42477796076938,0.9999447049202428,0.39691949318029734,0.004312060445715824,4.726352148394373e-05,True,1.3286909406530583,697,5.500236827296143,2.7501184136480714,False,0.07898003777480614,0.03599535082586515,0.03252266056159444,0.18757758971516458,3.608533920292981,996.278856981033,0.00017589027581590364,0.003383698593713533,0.9342041509864879,2.194173301904687,1.1067775576876253,False,64,0.5
0.34,1098.29092779369,0.4199776765509602,16446.33937948604,15.99365774227729,15.724185193516387,19.222382786741086,20.89258241577618,0.6848507088450788,0.07487930582310467,0.2945243112740431,9.42477796076938,0.9999488258619356,0.40485645823451794,0.004541745725917755,4.9919547997955744e-05,True,1.3286909406530583,488,4.884015919923077,2.4420079599615385,False,0.0813158004030618,0.03711533030454057,0.03348931355844325,0.19312502595727177,3.720811863030192,1025.8907007283765,0.00017584141056799262,0.0033878199016946936,0.9340791904648114,2.1908952375162856,1.1082738450213212,False,64,0.5
0.35000000000000003,1130.4116030696252,0.4251299021134704,16443.46379180011,15.996367974454321,15.732132722552274,19.241881404893856,20.898564544006366,0.7095234417691123,0.07789018352521092,0.2945243112740431,9.42477796076938,0.9999496993673906,0.4123480486415769,0.004774079410456693,5.261912220525814e-05,True,1.3283999641096293,555,5.098019096435963,2.5490095482179815,False,0.08590507973949046,0.03788632128718922,0.03446630633185159,0.20402456438128985,3.798103709040719,1055.8192867284843,0.00018048696937227334,0.003359929868666416,0.9340131363314159,2.267443151534963,1.0992277769021355,False,64,0.5
0.36,1161.7629859565611,0.4470869556414194,16416.569752529394,15.996143678934912,15.732132722552274,19.241881404893856,20.904544960366874,0.728111105651073,0.080907874525,0.2945243112740431,9.42477796076938,0.9999500373769745,0.4194527472299183,0.005009751254672938,5.537031653224956e-05,True,1.3287801043274865,477,4.847039845730981,2.4235199228654905,False,0.08665527606446881,0.03884429285454166,0.0354175392548944,0.20580628065311343,3.8941403586678014,1084.9587615724008,0.0001771499721896017,0.003351923245739734,0.933889936835161,2.23083675094724,1.0967530119748146,False,64,0.5
0.37,1193.9594750431702,0.47848266978973053,16385.94302207537,15.994513397277101,15.732132722552274,19.235384061671343,20.89258241577618,0.7391695659959756,0.08393381412551887,0.2945243112740431,9.42477796076938,0.9999486697106504,0.42559779245118073,0.005240594238279855,5.808271366358069e-05,True,1.3280197150781925,365,4.4333778968365785,2.2166889484182892,False,0.08579573185354038,0.04068565543155505,0.0363995939924834,0.2037648631521584,4.078736957013394,1115.0424126194912,0.00017066313171541339,0.00341614354780837,0.9339030644898348,2.1087464597411594,1.11775025402637,False,64,0.5
0.38,1225.769776356884,0.47496994929295683,16391.297386565016,15.997716089326268,15.732132722552274,19.241881404893856,20.89258241577618,0.7568863849051104,0.08697428405527817,0.2945243112740431,9.42477796076938,0.9999499478862129,0.43279438644096746,0.005490692933426117,6.102334612831128e-05,True,1.3280197150781925,481,4.860550828081968,2.430275414040984,False,0.09133843848285027,0.04137434234208722,0.03736776746431675,0.21692879139676938,4.147777819794244,1144.700833647214,0.00017697351948218568,0.0033838147258956515,0.9338628311177525,2.207610642548826,1.1072200762755344,False,64,0.5
0.39,1257.0214829371937,0.47726761421650854,16387.867979521525,16.00156668367244,15.732132722552274,19.241881404893856,20.89258241577618,0.7948168047799049,0.09002139883222646,0.2945243112740431,9.42477796076938,0.9999481135481341,0.4398930984385157,0.005747283273941536,6.405214045660021e-05,True,1.3280197150781925,547,5.073405464511547,2.5367027322557734,False,0.08948319746036482,0.0422687889220122,0.03832768139175713,0.21252259396836642,4.237446089431723,1174.106236954218,0.00016906838654163637,0.003371021217179503,0.9340383222494866,2.1170040529305276,1.1028266617532114,False,64,0.5
0.4,1287.9991853807865,0.4947766344528143,16393.17212042334,16.001977492277362,15.732132722552274,19.241881404893856,20.898564544006366,0.828422527253764,0.09306663115431787,0.2945243112740431,9.42477796076938,0.9999440252404012,0.447075107410444,0.00601344021245078,6.720445208849086e-05,True,1.3283999641096293,498,4.917151369608337,2.4585756848041687,False,0.09258473960881229,0.043082900382661875,0.039271037984018674,0.21988875657092918,4.319060763361853,1203.004433203688,0.00017072119226994764,0.0033533101669508884,0.9340102438403558,2.1489904065528456,1.097065486280104,False,64,0.5
0.5,1601.4427574910965,0.600644853426853,16400.173854730067,16.004210987222844,15.748015748023622,19.241881404893856,20.89258241577618,1.078297633337549,0.12377752382586951,0.2945243112740431,9.42477796076938,0.9999471850382695,0.5009461723136276,0.008831296554385287,0.00010148297308517194,True,1.3266803100827607,550,5.082663524214308,2.541331762107154,False,0.10089622371123415,0.052434600781917834,0.048835212636098656,0.2396285313141811,5.256568728387263,1495.9873818863487,0.00014963290457511926,0.0032823956421786046,0.9341497689433748,1.9242298445424304,1.0737047706260736,False,64,0.5
0.6,1913.0477389795376,0.7149668688127776,16385.62247680529,16.00715873775416,15.75595125658873,19.241881404893856,20.904544960366874,1.2950790474848302,0.1548071958256366,0.2945243112740431,9.42477796076938,0.9999528670659076,0.5384313161202846,0.011997374053200673,0.00014176008544517665,True,1.32677136530396,595,5.217664123107867,2.6088320615539335,False,0.09970968759651508,0.06062840730466571,0.05835018544627537,0.23681050804172332,6.077997832292738,1787.4631120952959,0.00012378703532408623,0.0031771281544363747,0.9343536366995048,1.6446034462931014,1.0390439523193626,False,64,0.5
0.7000000000000001,2220.221434330716,0.8181968641655808,16406.09966481683,16.004175765680685,15.75595125658873,19.241881404893856,20.904544960366874,1.591365683572879,0.18595919921386445,0.2945243112740431,9.42477796076938,0.9999572099434483,0.5685629884400979,0.015548374556195602,0.00018888892654951426,True,1.32677136530396,624,5.301091821273772,2.650545910636886,False,0.09010158640289002,0.07035951800244979,0.06770068854634487,0.2139912677068638,7.0535416797455905,2073.900579998387,9.638284920502595e-05,0.003176954141005253,0.9340962788351617,1.2805884542835109,1.0392733000682084,False,64,0.5
0.8,2524.79908222389,0.9750457363617406,16415.983172368175,16.01026371766688,15.763882770434446,19.241881404893856,20.904544960366874,1.770684085272036,0.21728543307981393,0.2945243112740431,9.42477796076938,0.9999644824378763,0.590769030015358,0.019387724014008657,0.00024214730898305012,True,1.3261038073420508,460,4.788760024594249,2.3943800122971246,False,0.11376310739421587,0.07980096248211345,0.07702067153280552,0.2701873800612627,8.000046488831874,2359.4031138162563,0.00010701341820168781,0.0031685873720237907,0.9344914335670822,1.4255856553072863,1.0360979837487359,False,64,0.5
0.9,2825.0860539181454,1.0749060928975067,16440.755602728514,16.008323887628258,15.763882770434446,19.241881404893856,20.89258241577618,2.2917470027915767,0.24850702747774556,0.2945243112740431,9.42477796076938,0.9999698965235806,0.6098696145500597,0.023543691359882293,0.00030226516985169176,True,1.325344949593303,486,4.877334631253601,2.4386673156268004,False,0.1008377235382644,0.09041776542576241,0.08616839737819394,0.23948959340337794,9.064380983932681,2639.6288300352317,8.477249500815276e-05,0.003208532699866322,0.9343534248715359,1.1152423759140266,1.0493146928208257,False,64,0.5
1.0,3122.8493352502946,1.2365857011153247,16439.551309862185,16.00579262682625,15.75595125658873,19.235384061671343,20.89258241577618,2.36887276893779,0.27985181656599745,0.2945243112740431,9.42477796076938,0.9999757204505886,0.6241480139651108,0.02790638832685246,0.00036823454275946237,True,1.3260121255477635,379,4.489350705424529,2.2446753527122647,False,0.0913182810885531,0.10563173133320641,0.09520035217982624,0.2168809175853136,10.589581066153944,2916.308088456685,6.944968978720541e-05,0.0033909996702755417,0.9338612835200851,0.8644966804576671,1.1095729050841754,False,64,0.5
1.1,3414.9018557067257,2.167410304711521,16421.376609042796,16.003452362644154,15.748015748023622,19.235384061671343,20.89258241577618,4.265243427297135,0.31102650078291894,0.2945243112740431,9.42477796076938,0.9999789358955794,0.6347184976027945,0.032483201653911074,0.0004405106344889412,True,1.3266803100827607,10,1.3365046175719757,0.6682523087859878,False,0.08319299248720774,0.11576213266816053,0.10413044233854524,0.1975833571571184,11.605153799983093,3189.866889072533,5.785916126020783e-05,0.003398385748799614,0.9341020690658705,0.7186546288472908,1.1117030723042427,False,64,0.5
1.2,3701.670403717156,1.5543373346172384,16491.720882088805,16.00367097949524,15.748015748023622,19.235384061671343,20.904544960366874,4.349759253921055,0.3419221183131304,10.30835089459151,329.8672286269283,0.999979618635362,0.6471050267703091,0.037464957001035,0.0005221142743124107,True,1.3274399324238926,235,3.828186472892078,1.914093236446039,False,0.08428366487435461,0.12382069271006105,0.11286339923838641,0.2001737040765922,12.41302444418362,3457.3868326442052,5.4076587660419765e-05,0.003353357563039288,0.9340072063607702,0.6806912724330619,1.0970845601462968,False,64,0.5
1.3,3992.8909970542727,1.3592757177119115,16469.462998513813,15.999470709472716,15.748015748023622,19.222382786741086,20.89258241577618,3.199128414401016,0.37298891468804174,10.30835089459151,329.8672286269283,0.99998108635753,0.6530614213083037,0.042266705463877834,0.0006051951633049495,True,1.3266803100827607,942,6.081174016104588,3.040587008052294,False,0.0849475827701428,0.13078371276529827,0.12176429559895487,0.20175050907908917,13.11106720472115,3730.051328693634,5.0527427176932505e-05,0.0032836025862949298,0.9341730919891009,0.6495272306773242,1.074072757715857,False,64,0.5
1.4000000000000001,4282.342139532982,1.6286908001496905,16515.711936591608,15.999341613023926,15.732132722552274,19.235384061671343,20.89258241577618,3.2195984399699746,0.4043334693648192,10.30835089459151,329.8672286269283,0.9999799947122199,0.6612793702577857,0.04737823080576558,0.0006968200758468042,True,1.3280197150781925,471,4.826631015183052,2.413315507591526,False,0.12144099170400607,0.14148906080959125,0.1306087043878544,0.28842235529701443,14.184278346161523,4000.9854197772897,6.735154406146278e-05,0.003312271155360887,0.9342984024657178,0.8583065786791472,1.0833049870047453,False,64,0.5
1.5,4572.491262389602,1.6421802700497143,16503.511264956862,15.99451098787485,15.732132722552274,19.222382786741086,20.89258241577618,4.1420695079057905,0.4356949297744854,10.112001353742146,323.5840433197487,0.9999805304241646,0.664825406727219,0.052375238573955,0.0007910763868392477,True,1.3280197150781925,706,5.52380955887326,2.76190477943663,False,0.1270609552172238,0.15200654443028694,0.1394606183757697,0.30176976864090654,15.238656079136266,4272.149420436845,6.59967950344864e-05,0.0033326812900616645,0.9343154913333181,0.8358913472669353,1.0899603501019397,False,64,0.5
1.6,4857.845242596828,1.8678921355436333,16536.385082469194,15.987974744521098,15.732132722552274,19.215878850575635,20.886598574205422,3.4249373954137683,0.46738999641991597,10.112001353742146,323.5840433197487,0.9999801283842049,0.6714969941943664,0.05770726207463891,0.0008948150635231088,True,1.3276393571396798,421,4.649409823159996,2.324704911579998,False,0.09592338342983428,0.15736661280526118,0.1481095362263098,0.22781803564585643,15.776002933727433,4537.0949642966325,4.689693151362582e-05,0.003247530982541995,0.9339727261198766,0.6095535877647569,1.0625015567181757,False,64,0.5
1.7,5132.201418595736,1.948836980950226,16602.7253831271,15.982399758117076,15.732132722552274,19.215878850575635,20.8806130178211,3.7258083629951457,0.4985175399781957,10.701049976290232,342.4335992412874,0.9999801977627022,0.678526786497903,0.06345711271648562,0.0010100855109765649,True,1.3272588902004618,420,4.645725661693962,2.322862830846981,False,0.1636156667236882,0.1573961112365735,0.15644435397696294,0.3885872084687595,15.778960151466492,4792.418562009047,7.571550233020357e-05,0.00307450134250263,0.9337939358039342,1.0395153059262465,1.0060836791831471,False,64,0.5
1.8,5413.439522067576,1.8774202972192997,16632.383206791776,15.984402378973634,15.732132722552274,19.215878850575635,20.886598574205422,3.7168382201765833,0.52972431092876,10.701049976290232,342.4335992412874,0.9999792286455708,0.6811877204573461,0.06892348900199456,0.0011260880231342995,True,1.3276393571396798,752,5.641263819521383,2.8206319097606913,False,0.1623567114147011,0.16014992017855334,0.16508046777940216,0.38559718960991507,16.055029497899973,5056.971874661844,7.122961068245987e-05,0.0029657723952493725,0.9341513568309736,1.0137795337873874,0.9701324592353497,False,64,0.5
1.9000000000000001,5680.447606547312,1.7471454931702768,16609.515342642066,15.988024999619949,15.732132722552274,19.222382786741086,20.8806130178211,4.743831370880924,0.5605971509199137,10.701049976290232,342.4335992412874,0.9999812900912262,0.6847654694907428,0.07452654515814597,0.001249604038911503,True,1.3272588902004618,1463,7.042365678302303,3.5211828391511517,False,0.14548649227262303,0.16088597223881143,0.1732935724777826,0.34553041914747973,16.128818716940845,5308.566990801593,6.0828026782470394e-05,0.0028393570074215085,0.9345332196503164,0.9042832650236893,0.9284012669277627,False,64,0.5
2.0,5948.159990699744,2.329589554798588,16668.03951683992,15.987956938797598,15.732132722552274,19.222382786741086,20.886598574205422,6.3007276538599095,0.5911100665600861,10.701049976290232,342.4335992412874,0.9999804152327187,0.6901033920804208,0.08045655631449296,0.0013842273149044274,True,1.3276393571396798,337,4.316983915364503,2.1584919576822514,False,0.13981382627784625,0.16366704332565232,0.18150712194850888,0.3320578374098848,16.407621093396646,5560.175731819403,5.5825303611381406e-05,0.0027584364104278987,0.9347723902035294,0.8542576650551159,0.9017114125807276,False,64,0.5
2.1,6216.409322587338,1.9807622285583433,16742.97579490544,15.993155780638432,15.732132722552274,19.222382786741086,20.89258241577618,4.4711405619320255,0.6217122892073166,10.701049976290232,342.4335992412874,0.9999796825997808,0.6930974825139755,0.08644325151702403,0.0015257882380794593,True,1.3280197150781925,1184,6.562777760167609,3.2813888800838047,False,0.12811099651456684,0.17458980268500443,0.18970066639283276,0.30426361672209623,17.502627719171695,5811.171651361543,4.89452352528579e-05,0.0028155526463767206,0.9348116170932692,0.7337828128811462,0.9203436445682447,False,64,0.5
2.2,6474.673339110041,2.2958129564641023,16787.356787415316,15.995422471900964,15.724185193516387,19.222382786741086,20.89258241577618,4.445885117104643,0.6521483271351558,10.701049976290232,342.4335992412874,0.9999807059879773,0.6964496932072503,0.09252509195184694,0.001675309895764759,True,1.3286909406530583,572,5.149548346011529,2.5747741730057645,False,0.13267583351084666,0.18196243353987787,0.19759893519350236,0.31510510458826085,18.241733962372756,6053.1222813832555,4.8667336263109886e-05,0.002817398346907201,0.9348923048858048,0.7291385970707529,0.9208674801900518,False,64,0.5
2.3000000000000003,6744.022546579903,2.3343743923457754,16833.644919116,15.99269357246905,15.724185193516387,19.222382786741086,20.89258241577618,5.133461772457699,0.6825696964395639,10.701049976290232,342.4335992412874,0.9999789660280907,0.697137287862515,0.09827541338885806,0.0018250237306257544,True,1.3286909406530583,671,5.430977083966251,2.7154885419831256,False,0.17495453083529988,0.19409873934235303,0.20576809160299595,0.41551701073383723,19.45839861907089,6303.371113108926,6.161263665177964e-05,0.00288528077785547,0.9346604447972309,0.9013687127906255,0.9432888152398405,False,64,0.5
2.4,7006.740996201106,2.2964789746090477,16890.13236960632,15.992621445165382,15.724185193516387,19.222382786741086,20.89258241577618,5.037339526101681,0.7133194829851822,10.701049976290232,342.4335992412874,0.999978627877285,0.7009034128838639,0.1042707550391093,0.0019853890630281996,True,1.3286909406530583,899,5.987199011867681,2.9935995059338407,False,0.19232310562518135,0.21594144413899347,0.21373463438396598,0.4567673758598057,21.648129774934095,6547.413205571924,6.518970461552018e-05,0.003089614670596674,0.9344448737468362,0.8906261898544594,1.01032499838591,False,64,0.5
2.5,7263.446760633176,2.6821496787886847,16920.435441436373,15.995407346834817,15.724185193516387,19.235384061671343,20.89258241577618,5.132013414837171,0.7436606899414409,10.701049976290232,342.4335992412874,0.9999792699873492,0.7016154437535836,0.1102238525095664,0.0021515313702899874,True,1.3286909406530583,399,4.566969334189989,2.2834846670949944,False,0.19949709713453026,0.2146322467396333,0.22150553125448744,0.47380560569450936,21.516882735648238,6785.462003492934,6.523151078389763e-05,0.0029623515453113263,0.9341931216828283,0.9294833379652255,0.9689701450075419,False,64,0.5
2.6,7515.5759846857245,2.270802556172487,16997.484594935526,15.999070791835003,15.732132722552274,19.241881404893856,20.898564544006366,4.930209268008558,0.7735958967797939,10.701049976290232,342.4335992412874,0.9999790575239497,0.7049592987917376,0.11656689656040095,0.0023321876004293598,True,1.3283999641096293,1353,6.86124713479685,3.430623567398425,False,0.26179973285210734,0.21444709278935983,0.22919666409758185,0.621774365523755,21.498321052133324,7021.067360050261,8.273143226689836e-05,0.0028605021219850406,0.9342021655235594,1.220812692990245,0.9356466580074555,False,64,0.5
2.7,7768.362909308903,2.25900557770008,17077.253169766413,15.99885113102832,15.732132722552274,19.241881404893856,20.89258241577618,5.125685988665276,0.8033831196613295,10.701049976290232,342.4335992412874,0.9999794824910992,0.7078590283414183,0.12285488502836346,0.002519051658799928,True,1.3280197150781925,1647,7.326023879884614,3.663011939942307,False,0.19494390519706517,0.22089501000447173,0.236776693594355,0.4629917748430298,22.144724752948292,7253.269246135975,5.959965828684733e-05,0.0028506295356531372,0.9336934088705245,0.8825183746482946,0.932925477804451,False,64,0.5
2.8000000000000003,8024.937186139189,2.6113024436361307,17074.45665229306,16.002980123576688,15.732132722552274,19.241881404893856,20.89258241577618,5.254044527990507,0.8333629137405624,10.701049976290232,342.4335992412874,0.999978623344549,0.7066855910656926,0.12836151259571,0.0026967617697571354,True,1.3280197150781925,761,5.66367967282762,2.83183983641381,False,0.17599890898060372,0.23308172667138052,0.24468104607310265,0.4179974088289338,23.3664430988059,7495.406239749631,5.208731222855005e-05,0.00291172909604387,0.9340143188529658,0.755095268488133,0.9525941237056154,False,64,0.5
2.9,8273.82552960657,2.798518669874406,17102.65407723119,16.00176194514116,15.732132722552274,19.241881404893856,20.89258241577618,6.0558616655445,0.8632119387352357,10.701049976290232,342.4335992412874,0.9999844951225932,0.7086098180187671,0.134253055778489,0.0028893358590221588,True,1.3280197150781925,601,5.235143865476868,2.617571932738434,False,0.13125373250171554,0.24819498089816885,0.2523412932861016,0.3117276146915744,24.881546835041426,7730.065465218133,3.767635824276287e-05,0.003007260274706877,0.9342794862615027,0.5288331457257277,0.9835686330448037,False,64,0.5
3.0,8507.645996375297,2.558527610072937,17151.72983514989,16.00188644122518,15.732132722552274,19.241881404893856,20.898564544006366,5.959812424718324,0.8924813332103874,10.701049976290232,342.4335992412874,0.9999775437834948,0.7115104070987254,0.14070392897033832,0.0031015713133331537,True,1.3283999641096293,1273,6.723260386374116,3.361630193187058,False,0.22543571480358063,0.26318483987522223,0.2595436408246275,0.535409822658504,26.38428019749103,7950.697678246123,6.293278104032733e-05,0.003101243306166255,0.9345355556206191,0.8565680109479759,1.0140292362356707,False,64,0.5
3.1,8751.413840778449,2.715463405999061,17295.961657046704,16.003924015425955,15.732132722552274,19.241881404893856,20.904544960366874,5.659308586422939,0.9215551658209923,10.701049976290232,342.4335992412874,0.9999762461435233,0.7141246819772433,0.14751267970107346,0.003330262897882014,True,1.3287801043274865,918,6.029084313737928,3.014542156868964,False,0.270861299461771,0.2696145766523631,0.26705618693586625,0.6432955862217061,27.0288613093994,8180.832320476491,7.350761807471376e-05,0.0030885136734654923,0.9348012183307739,1.004624092750799,1.0095799679679813,False,64,0.5
3.2,8987.997494816535,3.027451581255668,17350.38824472705,16.000313450624216,15.732132722552274,19.235384061671343,20.904544960366874,6.126819453373281,0.9504887614464762,10.701049976290232,342.4335992412874,0.9999682733572658,0.7150736525925198,0.15371572742384734,0.003553788304069639,True,1.3287801043274865,530,5.020293255436294,2.510146627718147,False,0.25876502063584367,0.28033024997148254,0.2741903161608581,0.6145669240101287,28.103107559641124,8399.374776324126,6.83764013468579e-05,0.0031267373601125787,0.9345101376772887,0.9230720575541431,1.0223929637508509,False,64,0.5
3.3000000000000003,9219.941089458716,2.6373813427516004,17400.045371671666,16.002095431298265,15.732132722552274,19.222382786741086,20.89258241577618,5.830219914378566,0.978996015649666,10.701049976290232,342.4335992412874,0.9999695613450744,0.7148832322443915,0.15993278390307591,0.003785817359988709,True,1.3280197150781925,1475,7.061567861086373,3.5307839305431865,False,0.25785922252799215,0.27853977912968275,0.2813697464303084,0.6124156535039813,27.923612857750697,8619.304956054548,6.642294647675835e-05,0.003028610767337347,0.9348546669033619,0.9257536691301025,0.9899421763123827,False,64,0.5
3.4,9455.507800183283,2.8200546097036208,17476.11743267666,16.006232699930887,15.732132722552274,19.241881404893856,20.89258241577618,6.2588653239433345,1.0077057859125953,10.701049976290232,342.4335992412874,0.9999707623061667,0.7161732777327013,0.16617727600964252,0.004026754871769166,True,1.3280197150781925,1104,6.411507500999382,3.205753750499691,False,0.20252178945481172,0.2864773952762289,0.2885937320686686,0.48098924995517783,28.719358876441945,8840.60001710905,5.086868522765689e-05,0.0030373153386733243,0.934968296143512,0.7069381137717166,0.9926667264140853,False,64,0.5
3.5,9683.27998460994,2.6645848336781675,17540.06175236006,16.009174124881092,15.732132722552274,19.241881404893856,20.89258241577618,5.878468748268315,1.0358628483149774,10.701049976290232,342.4335992412874,0.999976558835175,0.7173277124590637,0.17246841860216341,0.00427750920178247,True,1.3280197150781925,1762,7.492713008731146,3.746356504365573,False,0.31748996213418,0.2908555951083125,0.2954808416368218,0.7540386600686775,29.158273409608327,9051.575427176376,7.787017015588768e-05,0.0030111980089340433,0.9347633695981569,1.091572476080266,0.9843467126231005,False,64,0.5
3.6,9908.653666761425,2.7289378338693346,17549.48667346616,16.0098045559227,15.75595125658873,19.241881404893856,20.89258241577618,6.698780953071481,1.063856737585966,10.701049976290232,342.4335992412874,0.999980089287636,0.7158746127655335,0.17818983463835308,0.0045226248062715255,True,1.3260121255477635,1707,7.413926973219929,3.7069634866099643,False,0.3570557709461472,0.3015831631319165,0.30243090914019866,0.8480074559970996,30.23371210397463,9264.479451282634,8.558251045162072e-05,0.003051243198194887,0.9349887242865624,1.183938013111051,0.9971968936287225,False,64,0.5
3.7,10137.785307004555,3.0055211919081137,17650.589385459276,16.011227598829556,15.763882770434446,19.235384061671343,20.898564544006366,5.846343307699658,1.0917676728839054,10.701049976290232,342.4335992412874,0.9999799514424327,0.7182513928645764,0.18457724791520447,0.004793392117913242,True,1.325724432764886,984,6.17024150880815,3.085120754404075,False,0.373798606229055,0.30611177208407525,0.30951923064638265,0.8877716897940056,30.687705151428545,9481.618662102132,8.757057512163062e-05,0.0030270620477852615,0.9352751488582961,1.221118036997248,0.9889911248642242,False,64,0.5
3.8000000000000003,10362.491033160291,2.8227438347355283,17704.996685728474,16.013208509968294,15.763882770434446,19.235384061671343,20.904544960366874,5.850693307992465,1.1196274501282626,10.701049976290232,342.4335992412874,0.9999747818334108,0.7179405798552507,0.19053412331941616,0.005061989180846298,True,1.3261038073420508,1714,7.424047400918513,3.7120237004592567,False,0.31350746303083915,0.3166095027109163,0.31643573045618784,0.744580224698243,31.74010264676936,9693.494394463323,7.185340110940153e-05,0.0030629799866846736,0.9354405580129181,0.990202316564991,1.0005491549720948,False,64,0.5
3.9,10589.018029214945,3.078575642045316,17763.158533214977,16.00910526418239,15.75595125658873,19.235384061671343,20.898564544006366,6.031506067106351,1.1475447317958984,10.701049976290232,342.4335992412874,0.9999750019818876,0.7182830379655346,0.19637444924922876,0.005336018292749859,True,1.326391799750404,1064,6.333119354948481,3.1665596774742406,False,0.24043236595039472,0.31338133862590817,0.32332746972632453,0.5710268691321875,31.41647919724729,9904.611627927647,5.3926328915177286e-05,0.002966892596704405,0.9353663956941964,0.7672197936374424,0.9692382119315902,False,64,0.5
4.0,10793.601360042014,3.1569253754146622,17834.401968785172,16.01442460093728,15.763882770434446,19.241881404893856,20.910523666326483,5.484092218959279,1.1745526797497816,10.701049976290232,342.4335992412874,0.9999758739100187,0.720589289258066,0.20304816594520436,0.005642338442500035,True,1.3264830734179711,919,6.031272729289001,3.0156363646445006,False,0.3012767815383468,0.3215823190821969,0.3297074118105978,0.7155323561535737,32.23862748799024,10100.050786273472,6.629227190124691e-05,0.002986827696577517,0.9357442849116079,0.9368574192704295,0.975356657335115,False,64,0.5
4.1,11016.608908112952,2.900348947947001,17935.223228220562,16.01769569198455,15.763882770434446,19.241881404893856,20.904544960366874,6.2914712812939095,1.2015919865612297,10.701049976290232,342.4335992412874,0.999977613935191,0.7213075102358635,0.20924533488079675,0.0059455076266169095,True,1.3261038073420508,1818,7.571264583496311,3.7856322917481555,False,0.33536050692555697,0.31677990239342824,0.3365153749865566,0.7964812039481978,31.75718521494118,10308.601675228809,7.229821904285317e-05,0.0028826643007681123,0.9357327432797632,1.0586546191590538,0.9413534297090682,False,64,0.5
4.2,11236.213376384669,3.059251862186093,17996.948126926527,16.016871724103225,15.763882770434446,19.248376554920156,20.904544960366874,6.0139476398112395,1.2287185378207457,10.701049976290232,342.4335992412874,0.9999767357153869,0.7198821232542328,0.2150204203577461,0.006245866527054455,True,1.3261038073420508,1393,6.928206692338298,3.464103346169149,False,0.27590264872434617,0.3246247466097239,0.3430792663266602,0.6552687907203222,32.54363084762482,10509.675820109454,5.831758162385125e-05,0.0028963165576779003,0.935339644065305,0.8499125578249483,0.946209166428131,False,64,0.5
4.3,11450.931850371944,3.3904708186967714,17998.847327043775,16.018410505848774,15.763882770434446,19.248376554920156,20.910523666326483,6.24424843965581,1.2558446594509105,10.701049976290232,342.4335992412874,0.9999802548631975,0.7173993817987507,0.22013589137171205,0.00653600871918321,True,1.3264830734179711,803,5.766013373285644,2.883006686642822,False,0.22376196836520784,0.3309330075950895,0.34942938625054015,0.5314346748673686,33.17603401140772,10704.201425032641,4.640973169795843e-05,0.0028972344299062537,0.9347886761447237,0.6761548809872422,0.9470669056946779,False,64,0.5
4.4,11659.72694759784,2.8758822642953685,18099.73442716158,16.017314021252783,15.75595125658873,19.254869513969705,20.910523666326483,6.291576440770319,1.282364784785684,10.701049976290232,342.4335992412874,0.999983511228197,0.7201045245442004,0.2265516901902495,0.006874348514252294,True,1.3271508223016522,2488,8.405958770938245,4.202979385469122,False,0.3022987475531599,0.34135531876873193,0.3558079194275524,0.7179595254387547,34.22087070656538,10899.597423793999,6.157601534456776e-05,0.002934963302345226,0.9348072620207935,0.885583821115051,0.9593808910097539,False,64,0.5
4.5,11869.480284766078,3.1353229079106373,18112.38780649933,16.015936344258023,15.763882770434446,19.248376554920156,20.910523666326483,7.7682446512344105,1.308872984973695,10.701049976290232,342.4335992412874,0.9999852960663295,0.7183201075135422,0.2317073554237378,0.007184088213536806,True,1.3264830734179711,1642,7.318602861961276,3.659301430980638,False,0.27284477264050466,0.3579431445952934,0.36227860958493163,0.6480063350211985,35.88380024567817,11097.816501893805,5.459433096265254e-05,0.003023198942563083,0.9349875677486346,0.7622572935402777,0.9880327878187304,False,64,0.5
4.6000000000000005,12070.588383681712,3.0458286819343114,18174.2602787296,16.014929904134085,15.75595125658873,19.241881404893856,20.910523666326483,6.250278907322101,1.335088091635962,10.701049976290232,342.4335992412874,0.9999879492603041,0.7193873590174175,0.23768502439866668,0.0075290294769597,True,1.3271508223016522,2119,7.967965575977682,3.983982787988841,False,0.3258676799078842,0.36559372381246075,0.3683196792139391,0.7739357397812249,36.65077081219919,11282.874853240302,6.4117482526992e-05,0.0030363698642683857,0.9347410825882918,0.8913382771172655,0.9925989417472995,False,64,0.5
4.7,12276.97504873083,3.0737052210544666,18195.570886188263,16.018008385795376,15.763882770434446,19.248376554920156,20.910523666326483,6.061454631626635,1.3608230503227614,10.701049976290232,342.4335992412874,0.9999936955455868,0.718507147766918,0.24279036686606745,0.00785586371782767,True,1.3264830734179711,2158,8.016551932596075,4.008275966298037,False,0.5515790962405179,0.3615200898756076,0.37469109944111834,1.3100003535712301,36.24238901002966,11478.052958342068,0.00010670383774272274,0.002952061795855513,0.9349251678676864,1.525721838668236,0.9648483521888928,False,64,0.5
4.8,12479.827908863412,3.0620241612556134,18316.71740840652,16.019487276674337,15.763882770434446,19.248376554920156,20.910523666326483,6.195501488046035,1.386688728770502,10.701049976290232,342.4335992412874,0.9999912827517855,0.7203485164928628,0.24926525526909193,0.008236974231880585,True,1.3264830734179711,2270,8.152905640800292,4.076452820400146,False,0.44536129269385255,0.35627065915030043,0.3809155355317944,1.0577330701478997,35.716133579817615,11668.728443271282,8.475542113819354e-05,0.0028619091417479673,0.9350071594323772,1.2500644699623364,0.935300941855555,False,64,0.5
4.9,12677.09991239172,2.997535014424594,18385.727665053735,16.019007270676546,15.763882770434446,19.248376554920156,20.910523666326483,6.277491445011489,1.412186942324893,10.701049976290232,342.4335992412874,0.9999870359668893,0.721831831376992,0.25514351533219576,0.008609191965387666,True,1.3264830734179711,2770,8.712251153121908,4.356125576560954,False,0.40515801728966305,0.37000119682747035,0.3869580704364858,0.9622502910629498,37.0926199819539,11853.831680957283,7.590460734022937e-05,0.0029259546929732948,0.9350586303552201,1.0950181263294296,0.9561790413367314,False,64,0.5
5.0,12876.4950173595,3.3327518716474205,18398.932244684744,16.019702395803336,15.75595125658873,19.248376554920156,20.898564544006366,6.254761806213744,1.4375289495053365,10.701049976290232,342.4335992412874,0.9999868859850022,0.7182058951255882,0.259998857670049,0.008957408180655903,True,1.326391799750404,1503,7.105971430752254,3.552985715376127,False,0.4780846896666569,0.3896593900367968,0.3930266101192058,1.13545113795831,39.06335385118888,12039.731532760426,8.818014035865714e-05,0.0030336946349550442,0.9350162071688772,1.2269297286060779,0.991432590069696,False,64,0.5
5.1000000000000005,13079.682645662124,3.37868715010459,18408.47641835298,16.016591087788044,15.748015748023622,19.248376554920156,20.904544960366874,6.880852795189006,1.4629171514893935,10.701049976290232,342.4335992412874,0.9999930466550778,0.7166704451774631,0.2645185143250356,0.009302848509529931,True,1.3274399324238926,1575,7.21767489487974,3.60883744743987,False,0.3249920724886445,0.40806859012487384,0.3992588844024423,0.7718561721605306,40.9088761600186,12230.647127981665,5.901184249424558e-05,0.0031276658056826807,0.935087452755435,0.7964153094684231,1.0220651463664152,False,64,0.5
5.2,13282.227838197126,3.1750220270635774,18510.125823290186,16.01790047584229,15.75595125658873,19.248376554920156,20.904544960366874,6.296880927780896,1.4884327767459273,10.701049976290232,342.4335992412874,0.9999928471807839,0.7172855243152984,0.2702895174834555,0.009701550920612537,True,1.32677136530396,2431,8.341268796493948,4.170634398246974,False,0.36084736280678475,0.3987297840451688,0.40547306361472385,0.8570124866661137,39.97266085052817,12421.00841010869,6.452324844191508e-05,0.003009484654040831,0.9351600169354319,0.9049922459916045,0.9833693525546682,False,64,0.5
5.3,13470.183993067596,3.259870794254181,18535.406823030484,16.014232696347513,15.75595125658873,19.241881404893856,20.904544960366874,6.27554886537573,1.5135234873052363,10.701049976290232,342.4335992412874,0.9999916914218274,0.7172220786745056,0.27541383936723596,0.01008749460999744,True,1.32677136530396,2196,8.063332625014581,4.031666312507291,False,0.5134622985907321,0.4157338592245281,0.4113054523113769,1.2194729591529887,41.67731938725894,12599.674160199025,9.053127706203479e-05,0.0030940423240475474,0.9353750599608307,1.2350745247175625,1.010766710940167,False,64,0.5
5.4,13653.207764917275,3.3415145459649507,18576.570188747242,16.0137595606011,15.75595125658873,19.241881404893856,20.904544960366874,6.165891344959092,1.5378152841579436,10.701049976290232,342.4335992412874,0.9999901153667679,0.7170936802670015,0.28082660251105696,0.010494538507470423,True,1.32677136530396,2035,7.861255919389276,3.930627959694638,False,0.5516665713496691,0.4363505355321425,0.4168719736510133,1.310208106955464,43.744141187097284,12770.19549584161,9.596339039988254e-05,0.003203946057240881,0.9353256550197223,1.2642738496399353,1.0467255251307341,False,64,0.5
5.5,13839.860192842607,3.3321387977913854,18644.688407955375,16.014145188356498,15.75595125658873,19.241881404893856,20.904544960366874,6.398060534644704,1.561877787131964,10.701049976290232,342.4335992412874,0.9999928628059678,0.7163016076505312,0.2863384344907262,0.010916895519340072,True,1.32677136530396,2207,8.076773574104104,4.038386787052052,False,0.5262570703143254,0.45201807533718913,0.42249095212145416,1.249860541996523,45.31481205255321,12942.32377044355,9.030875489933765e-05,0.003274224697442256,0.9351484473186207,1.1642389962431408,1.0698881788295593,False,64,0.5
5.6000000000000005,14030.204343090145,3.700102078046887,18644.853152066713,16.014395228301915,15.763882770434446,19.241881404893856,20.89258241577618,6.510684574613375,1.5861046361184967,10.701049976290232,342.4335992412874,0.9999934066825145,0.7133966011531431,0.290529196607244,0.011298756094691543,True,1.325344949593303,1161,6.52000411973073,3.260002059865365,False,0.7036367425644664,0.45796530815066294,0.4282959711450555,1.6711372635906077,45.91102214210396,13120.151095075666,0.00011910997322099876,0.0032722988931173386,0.935136137310596,1.5364411453039182,1.0692729771103988,False,64,0.5
5.7,14223.177808555258,3.391101595697425,18703.92952345758,16.017531004507386,15.763882770434446,19.241881404893856,20.89258241577618,7.424399344889115,1.6101853311052483,10.701049976290232,342.4335992412874,0.9999946170918091,0.7129425207751859,0.2953852816000869,0.011716346282813013,True,1.325344949593303,2270,8.152905640800292,4.076452820400146,False,0.7348567344917786,0.46136343072654,0.4341682943218332,1.745284744417974,46.25168393033564,13300.040173071087,0.00012270708894380716,0.0032518530354387607,0.9350962458664546,1.5927936319845513,1.0626373154382114,False,64,0.5
5.8,14408.232671305861,3.2023899250849674,18693.70221803272,16.015522765630603,15.771810295587505,19.235384061671343,20.89258241577618,6.092481532286831,1.6344021243345166,10.701049976290232,342.4335992412874,0.9999951128545215,0.7099971383567102,0.29935420874249963,0.01210796554690644,True,1.3246787796846198,3476,9.397169335093949,4.6985846675469745,False,0.39593988245601486,0.4371112117265931,0.4398602304833364,0.9403572208330353,43.82039897559096,13474.403387982475,6.526527175715077e-05,0.003041344485147004,0.9351877982104553,0.9058104020989277,0.9937502448136252,False,64,0.5
5.9,14589.356595744825,3.646764552627878,18794.186411605395,16.017228972953138,15.771810295587505,19.241881404893856,20.89258241577618,6.702181677954491,1.6580695264573848,10.701049976290232,342.4335992412874,0.9999922308435768,0.7124287553742081,0.30513277489898993,0.012583191541809969,True,1.3246787796846198,1507,7.112269658228999,3.5561348291144994,False,0.3857918448770553,0.44558072590096903,0.44546000626142374,0.9162556315830064,44.669467771572144,13645.943419308542,6.28030184586923e-05,0.003061784628980868,0.935335518722502,0.865818071679335,1.0002709999502726,False,64,0.5
6.0,14761.465196399076,3.5157048648552425,18809.35584399802,16.017556839243067,15.771810295587505,19.241881404893856,20.89258241577618,5.977018660041484,1.6815253432748907,10.701049976290232,342.4335992412874,0.9999920452457451,0.711971886073972,0.3097982744865621,0.013023220438631038,True,1.3246787796846198,2144,7.999178545777086,3.999589272888543,False,0.7074833558779923,0.448799296132021,0.4507825252823528,1.6802729702102317,44.99212943723511,13808.990140421294,0.00011382833261159732,0.003047944688323387,0.9354755748629797,1.5763914114292092,0.9956004746433115,False,64,0.5
6.1000000000000005,14934.567839836378,3.483272525447003,18814.438993729753,16.01887109353669,15.771810295587505,19.248376554920156,20.89258241577618,6.305528992626768,1.7041890365570556,10.701049976290232,342.4335992412874,0.9999950123088948,0.7092722918761861,0.3140818350522077,0.01345806293852911,True,1.3246787796846198,2475,8.391292593783009,4.195646296891504,False,0.5989563758797678,0.4638991644588142,0.4561091438929729,1.4225213927144484,46.50589123699612,13972.1624458024,9.525025484299742e-05,0.0031139763624727446,0.9355585374578524,1.2911348451737603,1.0170792904947092,False,64,0.5
6.2,15114.783666635434,3.75450090919869,18825.44037981177,16.018726660633295,15.7797338380595,19.248376554920156,20.910523666326483,6.888683477802715,1.7271738652201503,10.701049976290232,342.4335992412874,0.9999956793082064,0.7073680430053372,0.318044954872338,0.013888370433892587,True,1.325150593851711,1591,7.242033400196125,3.6210167000980626,False,0.525574347384828,0.49080321370483665,0.4615391907720342,1.2482390750389665,49.20302217390987,14138.503108116263,8.258398549192241e-05,0.003255291194310723,0.9354088963460175,1.0708453667560993,1.06340528284034,False,64,0.5
6.3,15288.407649418166,3.5281789252145423,18920.402407740825,16.016932460741977,15.75595125658873,19.254869513969705,20.910523666326483,6.469886266042895,1.7499632522912814,10.701049976290232,342.4335992412874,0.9999947914493378,0.7087739114905022,0.3235980538676447,0.014398362790731152,True,1.3271508223016522,2464,8.378842586487032,4.189421293243516,False,0.31990024060764805,0.4624850695963456,0.4669163852820359,0.7597630714431641,46.364128227033646,14303.224723989086,4.96953697772494e-05,0.003032632913133902,0.9355601349715074,0.6916985252882978,0.9905094020570437,False,64,0.5
6.4,15467.386311501581,3.8491008372762296,18872.541331335386,16.01455861778998,15.748015748023622,19.248376554920156,20.91650066335189,6.175608641863881,1.7728615488753339,10.701049976290232,342.4335992412874,0.9999957374775688,0.7051260455492382,0.32634985846535586,0.014793620421692822,True,1.3281991203226293,1482,7.0727210779566745,3.5363605389783372,False,0.4213468390974768,0.4552325983160795,0.47234093533442084,1.0006987428565073,45.637067981186966,14469.396999950064,6.4697339466616e-05,0.002950535214036204,0.9354778311310806,0.9255638560508469,0.9637796859460667,False,64,0.5
6.5,15637.730547724641,3.5326303982670155,18941.31886354196,16.012184677142116,15.748015748023622,19.254869513969705,20.92844953645635,6.502988838855851,1.7955567959041074,10.701049976290232,342.4335992412874,0.9999940232845378,0.7057961120196916,0.33137592563524576,0.015301129602892224,True,1.328957874523517,2790,8.733169003290072,4.366584501645036,False,0.27399128434187725,0.4471264265191708,0.4776289531930371,0.6507293003119585,44.82442425854687,14631.386834019753,4.161277100446282e-05,0.0028664277160773194,0.9356464347154699,0.6127825780168458,0.9361376096027024,False,64,0.5
6.6000000000000005,15804.787614131461,3.801662332879024,19010.007639234565,16.01221994884463,15.75595125658873,19.254869513969705,20.91650066335189,6.432632748550836,1.817707572968696,10.701049976290232,342.4335992412874,0.9999945273312192,0.7054610084784674,0.33638543701305557,0.015820747292474555,True,1.327530170836569,1812,7.562926179631718,3.781463089815859,False,0.4671405853590548,0.4472898136837761,0.4827606436027394,1.1094588902277551,44.84080382179856,14788.587830724067,7.019764626484191e-05,0.002837165858635472,0.9357030408622016,1.0443801112119953,0.9265250173372624,False,64,0.5
6.7,15974.254399515445,3.993797970401373,19007.032659000368,16.011303573646675,15.75595125658873,19.254869513969705,20.93442141545832,6.293901214221727,1.8397847882735459,10.701049976290232,342.4335992412874,0.9999936344603,0.703108232923693,0.3399014785798254,0.016280508846452366,True,1.328667566593549,1345,6.847697364386811,3.4238486821934053,False,0.4869120863630859,0.47344441138993437,0.4878071349084737,1.156416205112329,47.46280224184092,14943.178891326867,7.239249959280774e-05,0.0029712061079533473,0.9354539196383491,1.028446158934717,0.9705565530089383,False,64,0.5
6.8,16141.478238340233,4.525383856387762,19096.972285947886,16.009383792566553,15.732132722552274,19.261360284258224,20.940391591371924,6.488945225553207,1.8617507149559125,10.701049976290232,342.4335992412874,0.9999905204689865,0.7041754738444146,0.3450711662468357,0.016829647875652054,True,1.331058665768407,523,4.998093311074449,2.4990466555372244,False,0.465058643318043,0.5252483912496677,0.4926982580768996,1.104514277880352,52.65615122277919,15093.010501516444,6.842708341648918e-05,0.0032621641243307602,0.9350451227983938,0.8854070779951907,1.0660650461802277,False,64,0.5
6.9,16304.819244630426,4.353533381883349,19067.543939642237,16.00629056855979,15.732132722552274,19.248376554920156,20.91650066335189,6.4399947265507755,1.8835290462845435,10.701049976290232,342.4335992412874,0.9999865790737261,0.7006193946587542,0.34812337120751946,0.017285986338121236,True,1.3295400586957762,808,5.777956268578565,2.8889781342892826,False,0.5930826954676978,0.559576418299499,0.49748277413811026,1.4085714017357822,56.09753593452477,15239.576376213034,8.638988145787996e-05,0.0034405493917388295,0.9346669930874455,1.0598779292201435,1.12481566677151,False,64,0.5
7.0,16461.82503364753,3.8151409962111695,19050.692823903868,16.002326407947454,15.724185193516387,19.241881404893856,20.91650066335189,6.912778372632659,1.904806171087409,10.701049976290232,342.4335992412874,0.9999913077311307,0.6995148786404805,0.3515515371625549,0.0177691562575582,True,1.3302120527031487,2249,8.127686593477529,4.0638432967387645,False,0.7272171783670884,0.5772370136223891,0.5018214621062325,1.727140798621835,57.86801061564451,15372.485031748509,0.0001049179416675615,0.003515285243122427,0.9338262920622448,1.2598242337294256,1.1502836311536466,False,64,0.5
7.1000000000000005,16620.828253596774,3.795354899404122,19120.646023460926,15.996075036244367,15.724185193516387,19.235384061671343,20.91650066335189,8.04836068664783,1.9257728345110163,10.701049976290232,342.4335992412874,0.9999924145103946,0.6999408137862349,0.3563718186189488,0.018333417967613005,True,1.3302120527031487,2447,8.35952857575904,4.17976428787952,False,0.6684472815110969,0.5521559354496208,0.5064226731649168,1.5875622935888551,55.35363252882449,15513.435655563335,9.551643692878567e-05,0.003330377504914406,0.9333732001115048,1.2106132318704135,1.0903065062211599,False,64,0.5
7.2,16777.02322635625,3.976909476988323,19158.695360255555,15.990369141153595,15.724185193516387,19.222382786741086,20.89258241577618,6.8200182332280965,1.9468672962891387,10.701049976290232,342.4335992412874,0.9999945430749746,0.6993653298847805,0.3606082013536188,0.018879354137519525,True,1.3286909406530583,1849,7.614056595592697,3.8070282977963483,False,0.6262032093798006,0.5523364899352786,0.511150392511771,1.4872326222770265,55.37173311601168,15658.261655210274,8.864699072125168e-05,0.0033004504058279055,0.9333158477489361,1.133734998122571,1.0805753023510771,False,64,0.5
7.3,16944.065830657666,3.4956451349684774,19211.946269239597,15.982298069829657,15.724185193516387,19.222382786741086,20.868636754709208,6.951927230694825,1.967791797371816,10.701049976290232,342.4335992412874,0.9999893271971897,0.6984104203670016,0.3645504371872497,0.019420450819000276,True,1.3271680852063514,4265,10.06028170946253,5.030140854731265,False,0.6288316292019096,0.5585122045726363,0.5162217538473058,1.4934751193545353,55.99084850840679,15813.614568762214,8.814148471096725e-05,0.003304451780817566,0.9332833528154691,1.1259049024418015,1.0819230309651762,False,64,0.5
7.4,17092.978041554095,3.9789131530747563,19200.172373982732,15.97811413727609,15.732132722552274,19.215878850575635,20.850659461993043,6.4143737244469525,1.9883880016115918,10.701049976290232,342.4335992412874,0.9999876190612748,0.6971322698290056,0.36791898458653083,0.019941060334463943,True,1.325354917207333,2047,7.876677745909742,3.938338872954871,False,0.20666182057421884,0.5514494186099612,0.5211720231314576,0.4908218238637697,55.28280421564861,15965.258024094614,2.87148221141191e-05,0.003234240638538976,0.9340243686783003,0.374761154151094,1.0580948211620842,False,64,0.5
7.5,17248.167427568376,3.7434737551508994,19270.80291879227,15.971945080816349,15.724185193516387,19.209372712298546,20.844663585675832,6.292237961056777,2.008777563356848,10.701049976290232,342.4335992412874,0.9999917623021309,0.698034546560547,0.37252221100428695,0.020537962055581484,True,1.325643480354759,3089,9.034617413450663,4.5173087067253315,False,0.483558982078629,0.5342813708886139,0.5262167235046183,1.148452582436744,53.56170743158354,16119.79422238829,6.658403492774137e-05,0.0031053564186751753,0.9345801106164724,0.9050642759158462,1.015325714717474,False,64,0.5
7.6000000000000005,17413.382157689837,3.7743591798177847,19330.156262439803,15.969531627834941,15.724185193516387,19.20286436967152,20.820662813657012,6.502293475467808,2.029498954853057,10.701049976290232,342.4335992412874,0.9999908612923896,0.6976489606112931,0.37636760377373896,0.02110444797250949,True,1.3241171200554211,3103,9.048245776290539,4.5241228881452695,False,0.5708937957996157,0.504443649604992,0.5317607489044744,1.3558727650240874,50.57047587290045,16289.626431471605,7.786383786594422e-05,0.002904115663169333,0.935465970019961,1.1317295722657188,0.9486289663993427,False,64,0.5
7.7,17573.02556150502,3.881646771763731,19395.38214298094,15.969162773268204,15.708278072405008,19.20286436967152,20.820662813657012,6.535952533133844,2.0505082189113333,10.701049976290232,342.4335992412874,0.9999911639032086,0.697832763186604,0.38051508538388007,0.02169715129245801,True,1.3254579984952657,2635,8.568352732508103,4.2841763662540515,False,0.3939922962991524,0.4918529044992794,0.5372825549382408,0.935731703710487,49.30825367605276,16458.777986381232,5.3248184294472026e-05,0.0028059057618436546,0.9365932991320159,0.8010368398662768,0.915445513684725,False,64,0.5
7.8,17718.593015654435,3.8756963719122206,19431.346583247054,15.971622077838877,15.700318468107582,19.20286436967152,20.850659461993043,6.613226385734906,2.0708547639731663,10.701049976290232,342.4335992412874,0.9999939415157116,0.6985009907573819,0.3846010242527605,0.022297494499746048,True,1.3280405428939208,2789,8.732125489239838,4.366062744619919,False,0.5905210136401857,0.48187783726354744,0.5423597807304145,1.402487407395441,48.30825318567063,16614.31054803256,7.91534297422114e-05,0.002726415869645526,0.9376766277860643,1.2254579230985039,0.8884837231377778,False,64,0.5
7.9,17875.3235301735,3.9473426597027164,19495.39440376668,15.972415723621882,15.700318468107582,19.20286436967152,20.868636754709208,6.264683345343569,2.09095856756777,10.701049976290232,342.4335992412874,0.9999931445531575,0.6992184907231679,0.38866035508464314,0.022907203983603183,True,1.3291855701589843,2571,8.498412797222468,4.249206398611234,False,0.5843726532994914,0.47947091721864904,0.5477243720190239,1.387885051586292,48.066959451169566,16778.646084698266,7.764251367218867e-05,0.002689011998581881,0.9386485260742808,1.2187864421253414,0.875387223415349,False,64,0.5
8.0,18022.36042541656,4.370382670768752,19556.51865873511,15.974159974635022,15.692354826475215,19.209372712298546,20.886598574205422,7.064782639273304,2.1109531965475234,10.701049976290232,342.4335992412874,0.9999954226786958,0.6994319663813101,0.3929944726735,0.023544310573173518,True,1.3310047348003364,1217,6.623191663955139,3.3115958319775696,False,0.514965090551812,0.49156847729814546,0.5519256610549056,1.2230420900605536,49.279739849139084,16907.34574721782,6.786248089543936e-05,0.002734366569411235,0.9381315958687488,1.0475958372722833,0.8906425484160342,False,64,0.5
