t,norm,peak,PR,R_rms,k_star,k_star_L,crystallinity,i_star
0.0,1.0000000000000002,1.4366969769095943,1.968662709604115,0.6123724353664733,0.47123889803846897,9.42477796076938,0.9952294968707962,1
0.04,1.0000000000000078,1.6932456400159648,1.8828218835472823,0.6123487621071965,0.47123889803846897,9.42477796076938,0.995215956269209,1
0.08,1.0000000000000147,2.5016579960059206,1.595714040066545,0.6123697576199889,0.47123889803846897,9.42477796076938,0.9951861847808758,1
0.12,1.000000000000021,4.20673629704615,1.0674997093892227,0.6113010431833441,0.47123889803846897,9.42477796076938,0.995184052846158,1
0.16,1.000000000000027,8.684754280724075,0.39597851028125486,0.6050514227981831,0.47123889803846897,9.42477796076938,0.995447223269454,1
0.2,1.000000000000031,14.546938708130867,0.15298868525499454,0.6063174587614045,0.47123889803846897,9.42477796076938,0.996639482720456,1
0.24,1.0000000000000346,8.195407021505298,0.44510174867919433,0.6555890727336141,0.47123889803846897,9.42477796076938,0.9959741089515001,1
0.28,1.000000000000041,2.9825591164388188,1.6136038477398034,0.7099834273176903,0.47123889803846897,9.42477796076938,0.9953077152810086,1
0.32,1.0000000000000477,0.643864971615765,3.0117711409859558,0.7694965897160931,0.47123889803846897,9.42477796076938,0.9949035076822381,1
0.36,1.0000000000000548,0.442673590535989,4.399571132073356,0.8367011897084765,0.47123889803846897,9.42477796076938,0.9945655761512595,1
0.4,1.000000000000062,0.29584490558181664,6.270617028333161,0.9107347311212782,0.47123889803846897,9.42477796076938,0.9942907185301388,1
0.44,1.0000000000000682,0.2707507423614634,8.30593820275451,0.9905960908948402,0.47123889803846897,9.42477796076938,0.9940590288713835,1
0.48,1.0000000000000753,0.23064531561061774,10.478647270279623,1.075181783836652,0.47123889803846897,9.42477796076938,0.9938568556509487,1
0.52,1.0000000000000813,0.21478048573042055,12.847303386336586,1.1635588415936498,0.47123889803846897,9.42477796076938,0.9936762782929037,1
0.56,1.0000000000000886,0.19031158760694974,15.465299954076942,1.2549884903597797,0.47123889803846897,9.42477796076938,0.9935130751670204,1
0.6,1.0000000000000957,0.16552213793940934,18.388148757222716,1.3488919420937895,0.47123889803846897,9.42477796076938,0.993364627918573,1
0.64,1.0000000000001024,0.14342527287006854,21.658649824127263,1.4448169877827268,0.47123889803846897,9.42477796076938,0.9932292185241924,1
0.68,1.0000000000001084,0.12494593547960416,25.316060793840634,1.5424104289416765,0.47123889803846897,9.42477796076938,0.9931055695236588,1
0.72,1.0000000000001146,0.10862253613832368,29.396412521309692,1.6413933756081758,0.47123889803846897,9.42477796076938,0.9929926260621227,1
0.76,1.000000000000121,0.09473976579215328,33.933383760466455,1.741543358316416,0.47123889803846897,9.42477796076938,0.9928894456516265,1
0.8,1.0000000000001277,0.0826975519638718,38.95933618081643,1.8426817959378057,0.47123889803846897,9.42477796076938,0.9927951498265584,1
0.84,1.0000000000001341,0.07241752023063065,44.50604765534034,1.944663849133915,0.47123889803846897,9.42477796076938,0.9927089267074478,1
0.88,1.0000000000001403,0.06379030146399303,50.604499631346734,2.0473707808022312,0.47123889803846897,9.42477796076938,0.9926300408333826,1
0.92,1.0000000000001465,0.056307080888905334,57.285202274210185,2.15070452433779,0.47123889803846897,9.42477796076938,0.9925578305898638,1
0.96,1.0000000000001532,0.04982922766447988,64.57866363431874,2.2545831380905557,0.47123889803846897,9.42477796076938,0.9924917019142495,1
1.0,1.0000000000001592,0.04433069026325,72.51498384217786,2.358936910283812,0.47123889803846897,9.42477796076938,0.9924311213565974,1
1.04,1.0000000000001652,0.03957067994741452,81.12421660273587,2.4637050949565515,0.47123889803846897,9.42477796076938,0.9923756069542083,1
1.08,1.0000000000001719,0.03541327602180876,90.43638060426109,2.568832477187343,0.47123889803846897,9.42477796076938,0.9923247203411031,1
1.12,1.0000000000001783,0.031801298579599,100.48131545041731,2.6742649832125687,0.47123889803846897,9.42477796076938,0.9922780616456067,1
1.16,1.0000000000001854,0.028658609391644038,111.28894834096948,2.779942987373139,0.47123889803846897,9.42477796076938,0.9922352656536122,1
1.2,1.0000000000001918,0.025918701908779106,122.8890554127277,2.8857886899951533,0.47123889803846897,9.42477796076938,0.9921959987339036,1
1.24,1.0000000000001983,0.023477738410103616,135.31149225780382,2.9916821423303075,0.47123889803846897,9.42477796076938,0.9921599560450364,1
1.28,1.0000000000002054,0.021323403882066185,148.58594420222943,3.0974222211114046,0.47123889803846897,9.42477796076938,0.9921268591982787,1
1.32,1.0000000000002116,0.019465653104803995,162.742198971526,3.202677841475467,0.47123889803846897,9.42477796076938,0.9920964542060168,1
1.36,1.0000000000002183,0.017775979686929975,177.80994036748805,3.3069523056070103,0.47123889803846897,9.42477796076938,0.9920685089426144,1
1.4000000000000001,1.0000000000002256,0.016245696592576773,193.8183790837131,3.4095989860328877,0.47123889803846897,9.42477796076938,0.9920428113433885,1
1.44,1.0000000000002318,0.014950885545177484,210.79776505977568,3.5099182004823257,0.47123889803846897,9.42477796076938,0.99201916833873,1
1.48,1.0000000000002387,0.013759188161834192,228.77708483643394,3.6073234735007587,0.47123889803846897,9.42477796076938,0.9919974039393803,1
1.52,1.0000000000002456,0.012635614199331114,247.7855028316009,3.701512557418918,0.47123889803846897,9.42477796076938,0.9919773576171003,1
1.56,1.000000000000252,0.011708715703470644,267.8537931747364,3.792556727717099,0.47123889803846897,9.42477796076938,0.9919588835000883,1
1.6,1.0000000000002591,0.010857840608111582,289.0081274296624,3.8808505005723792,0.47123889803846897,9.42477796076938,0.9919418486731021,1
1.6400000000000001,1.0000000000002662,0.010007222577659052,311.27900658288394,3.9669223367028197,0.47123889803846897,9.42477796076938,0.9919261317062368,1
1.68,1.0000000000002738,0.009325204424307692,334.6978118794335,4.0511735871963985,0.47123889803846897,9.42477796076938,0.9919116222790595,1
1.72,1.0000000000002818,0.008715594929410644,359.2857914028488,4.1336846453926475,0.47123889803846897,9.42477796076938,0.9918982191971498,1
1.76,1.000000000000289,0.00805330227980279,385.0779161403638,4.214250479293434,0.47123889803846897,9.42477796076938,0.991885828374074,1
1.8,1.000000000000296,0.007534673515617981,412.10020555063215,4.292668046488173,0.47123889803846897,9.42477796076938,0.9918743648385446,1
1.84,1.0000000000003042,0.007103277629017745,440.3628288888168,4.369028672759689,0.47123889803846897,9.42477796076938,0.9918637558546913,1
1.8800000000000001,1.000000000000311,0.006576021003382514,469.9156987148376,4.443689410590095,0.47123889803846897,9.42477796076938,0.9918539315991012,1
1.92,1.0000000000003184,0.006159888602970397,500.76324741443767,4.516941840105761,0.47123889803846897,9.42477796076938,0.9918448287294989,1
1.96,1.0000000000003255,0.005868093135579704,532.900220060438,4.588800790172698,0.47123889803846897,9.42477796076938,0.9918363869313124,1
2.0,1.0000000000003328,0.005450782304163884,566.4381345580111,4.659185168823512,0.47123889803846897,9.42477796076938,0.9918285568835096,1
2.04,1.0000000000003402,0.005107587053844531,601.2535048414765,4.728198256453642,0.47123889803846897,9.42477796076938,0.991821286872061,1
2.08,1.000000000000348,0.00490095530258061,637.3790034078932,4.796095305417432,0.47123889803846897,9.42477796076938,0.991814536444548,1
2.12,1.0000000000003553,0.004605221855664506,675.2662934489812,4.863050572521896,0.47123889803846897,9.42477796076938,0.991808262330342,1
2.16,1.0000000000003635,0.004341837782038019,713.6083498993389,4.929116551269801,0.47123889803846897,9.42477796076938,0.9918024302252247,1
2.2,1.0000000000003706,0.004125122503293949,754.7430248275315,4.994365471678293,0.47123889803846897,9.42477796076938,0.991797002973709,1
2.24,1.0000000000003784,0.003979610428894575,794.1565552045124,5.058917245195002,0.47123889803846897,9.42477796076938,0.9917919529085945,1
2.2800000000000002,1.0000000000003852,0.0037097857660048725,839.7484662796161,5.1228734250312336,0.47123889803846897,9.42477796076938,0.9917872474663952,1
2.32,1.0000000000003932,0.0035130797895262323,882.8767726014757,5.1863442427920665,0.47123889803846897,9.42477796076938,0.9917828609670878,1
2.36,1.0000000000004012,0.003489946694324524,929.162904799524,5.249452283897542,0.47123889803846897,9.42477796076938,0.9917787745613764,1
2.4,1.0000000000004095,0.0031214246398542913,976.2539601103031,5.312222006649319,0.47123889803846897,9.42477796076938,0.9917749591608788,1
2.44,1.0000000000004168,0.003244303219681878,1023.1749141264374,5.374629740942786,0.47123889803846897,9.42477796076938,0.9917714022602828,1
2.48,1.000000000000425,0.0028523394933392186,1074.7935920723562,5.436809613388999,0.47123889803846897,9.42477796076938,0.9917680783615413,1
2.52,1.0000000000004325,0.003134826504821022,1121.703252222506,5.498939316927474,0.47123889803846897,9.42477796076938,0.9917649822432226,1
2.56,1.0000000000004408,0.002611158594728605,1178.274135450454,5.560937957029313,0.47123889803846897,9.42477796076938,0.9917620828408357,1
2.6,1.0000000000004494,0.0028820136304002104,1224.3503263144437,5.622674859099074,0.47123889803846897,9.42477796076938,0.991759378081897,1
2.64,1.000000000000458,0.002420519510507341,1286.9256491390936,5.684361800007554,0.47123889803846897,9.42477796076938,0.9917568419170525,1
2.68,1.0000000000004663,0.002741008295452114,1333.2577284826536,5.74620438320195,0.47123889803846897,9.42477796076938,0.9917544812362178,1
2.72,1.0000000000004745,0.002266033939368309,1399.0072398525238,5.807948147113541,0.47123889803846897,9.42477796076938,0.9917522583940893,1
2.7600000000000002,1.0000000000004834,0.002249271508787658,1454.2636842380846,5.869431231028769,0.47123889803846897,9.42477796076938,0.9917501860300801,1
2.8000000000000003,1.0000000000004925,0.00230582976828181,1501.8170156652382,5.931047428439565,0.47123889803846897,9.42477796076938,0.9917482398863676,1
2.84,1.0000000000005018,0.002036072203301929,1575.5960806799574,5.992922608113755,0.47123889803846897,9.42477796076938,0.9917464244771903,1
2.88,1.0000000000005116,0.002450064168576663,1619.2676640529792,6.054539349328686,0.47123889803846897,9.42477796076938,0.9917447243502493,1
2.92,1.0000000000005216,0.0017837609297496541,1704.4378108368257,6.115894789035407,0.47123889803846897,9.42477796076938,0.9917431167555336,1
2.96,1.0000000000005314,0.0017839832085509374,1764.8784910144986,6.177644578187627,0.47123889803846897,9.42477796076938,0.9917416201377955,1
3.0,1.0000000000005411,0.0020573891467570815,1795.8137613037675,6.2395788299700135,0.47123889803846897,9.42477796076938,0.9917402149409509,1
3.04,1.0000000000005502,0.0016185335644083164,1911.5011395066615,6.300907811124316,0.47123889803846897,9.42477796076938,0.991738884649635,1
3.08,1.0000000000005598,0.001723397081189954,1965.8035785272166,6.362132410486191,0.47123889803846897,9.42477796076938,0.9917376475341502,1
3.12,1.000000000000569,0.002295281831767812,1995.9320889944693,6.4240898265611195,0.47123889803846897,9.42477796076938,0.9917364747522782,1
3.16,1.000000000000578,0.001397977059144752,2117.6399578692567,6.485830802478629,0.47123889803846897,9.42477796076938,0.9917353571058337,1
3.2,1.0000000000005873,0.0013900688990494197,2188.1587670798363,6.546499097524548,0.47123889803846897,9.42477796076938,0.9917343311708254,1
3.24,1.0000000000005969,0.0015011820187130435,2246.248515124986,6.607528117877687,0.47123889803846897,9.42477796076938,0.9917333421965803,1
3.2800000000000002,1.0000000000006064,0.0013325778843612556,2294.326926607004,6.669597458264554,0.47123889803846897,9.42477796076938,0.9917324030207135,1
3.3200000000000003,1.000000000000615,0.0013136741393277387,2420.410666638832,6.730596953965975,0.47123889803846897,9.42477796076938,0.9917315528502537,1
3.36,1.0000000000006237,0.001463597265825485,2467.076268062282,6.790001734431831,0.47123889803846897,9.42477796076938,0.9917307417382282,1
3.4,1.000000000000633,0.0020369360926677104,2483.5233205024856,6.850502702879122,0.47123889803846897,9.42477796076938,0.991729952402094,1
3.44,1.0000000000006417,0.001434402363870183,2593.7510982635313,6.912235163174288,0.47123889803846897,9.42477796076938,0.9917291890481825,1
3.48,1.00000000000065,0.001111126516951721,2740.5626259504234,6.97169822534118,0.47123889803846897,9.42477796076938,0.9917285198608669,1
3.52,1.0000000000006577,0.0011981772863912787,2774.073361187013,7.0288290587989355,0.47123889803846897,9.42477796076938,0.9917278805790363,1
3.56,1.0000000000006657,0.0015085918734639421,2774.170179148612,7.087609649747369,0.47123889803846897,9.42477796076938,0.991727251260548,1
3.6,1.0000000000006735,0.001284444457178077,2835.572114078194,7.147995755255209,0.47123889803846897,9.42477796076938,0.9917266365697858,1
3.64,1.0000000000006808,0.0010312818628751095,3086.658777886778,7.205436070570222,0.47123889803846897,9.42477796076938,0.9917261013879346,1
3.68,1.0000000000006886,0.0011070892363302643,3126.5013209934214,7.259399950998007,0.47123889803846897,9.42477796076938,0.9917256230351883,1
3.72,1.0000000000006959,0.001351137033908904,3114.1257198656863,7.314397489563703,0.47123889803846897,9.42477796076938,0.9917251555102999,1
3.7600000000000002,1.0000000000007028,0.001625850736247233,3043.554465097746,7.371897443080938,0.47123889803846897,9.42477796076938,0.9917246878253192,1
3.8000000000000003,1.0000000000007099,0.0009724123544569208,3263.7158433896825,7.428090521280898,0.47123889803846897,9.42477796076938,0.9917242277174679,1
3.84,1.0000000000007168,0.0009288596400518832,3498.92015997474,7.480340627656448,0.47123889803846897,9.42477796076938,0.991723839446926,1
3.88,1.0000000000007239,0.000944736394490548,3520.192196494672,7.530885066602751,0.47123889803846897,9.42477796076938,0.9917234849156636,1
3.92,1.0000000000007303,0.0010839880958934736,3461.072748106124,7.583203060558342,0.47123889803846897,9.42477796076938,0.991723141220517,1
3.96,1.0000000000007374,0.001458504311343499,3342.7336390497344,7.637366332478919,0.47123889803846897,9.42477796076938,0.9917227901068281,1
4.0,1.0000000000007443,0.0009116474423934091,3448.5988765627567,7.69017901448703,0.47123889803846897,9.42477796076938,0.9917224346432555,1
4.04,1.0000000000007507,0.0008356309092593837,3906.427769608121,7.739307957395225,0.47123889803846897,9.42477796076938,0.9917221428085667,1
4.08,1.0000000000007572,0.0007391482006973224,3923.094778150062,7.7861015774881235,0.47123889803846897,9.42477796076938,0.9917218885569237,1
4.12,1.0000000000007643,0.0009646040609766904,3865.5835432044546,7.833706957610086,0.47123889803846897,9.42477796076938,0.9917216615795226,1
4.16,1.0000000000007716,0.0010521278917346945,3723.435225901354,7.883275923540638,0.47123889803846897,9.42477796076938,0.9917214317633206,1
4.2,1.0000000000007785,0.0012763371862071526,3515.728511809847,7.932949251250571,0.47123889803846897,9.42477796076938,0.9917211867482937,1
4.24,1.0000000000007845,0.0009227094942364716,3493.3935785049193,7.980133762105826,0.47123889803846897,9.42477796076938,0.9917209388763063,1
4.28,1.0000000000007911,0.0006878451358123324,4313.580949568172,8.024189349184462,0.47123889803846897,9.42477796076938,0.9917207309520535,1
4.32,1.000000000000798,0.0006142206542847177,4345.817229110532,8.066902700911143,0.47123889803846897,9.42477796076938,0.9917205489990403,1
4.36,1.0000000000008047,0.0007910129592358083,4239.267589998521,8.110529318913184,0.47123889803846897,9.42477796076938,0.9917203968611866,1
4.4,1.0000000000008116,0.0011346249728230989,4061.8040135247443,8.155730380268807,0.47123889803846897,9.42477796076938,0.9917202569978669,1
4.44,1.0000000000008182,0.0008219534284384263,3831.681740000081,8.201268275072621,0.47123889803846897,9.42477796076938,0.991720097917919,1
4.48,1.0000000000008251,0.001200348278608086,3607.9110422060376,8.245045945757218,0.47123889803846897,9.42477796076938,0.9917199193135046,1
4.5200000000000005,1.0000000000008318,0.0008668272516662048,4204.001904811775,8.285791608735463,0.47123889803846897,9.42477796076938,0.991719754885304,1
4.5600000000000005,1.0000000000008387,0.0005435398059669418,4717.232636559558,8.324338936946663,0.47123889803846897,9.42477796076938,0.991719630614354,1
4.6000000000000005,1.0000000000008455,0.0005724811799782067,4729.423889572719,8.362771959260144,0.47123889803846897,9.42477796076938,0.9917195149624214,1
4.64,1.0000000000008527,0.0007407274499436832,4569.5596370969,8.402470273410431,0.47123889803846897,9.42477796076938,0.9917194230117712,1
4.68,1.0000000000008602,0.0013311425082127531,4332.958127299669,8.443564295511385,0.47123889803846897,9.42477796076938,0.991719356197647,1
4.72,1.000000000000868,0.000726805533536101,3989.8817263623046,8.485037916338248,0.47123889803846897,9.42477796076938,0.9917192749794833,1
4.76,1.0000000000008753,0.00108694769480764,3706.1096737647304,8.524826790218757,0.47123889803846897,9.42477796076938,0.9917191536845125,1
4.8,1.0000000000008824,0.0015006499228445614,3578.056494881419,8.561543613217353,0.47123889803846897,9.42477796076938,0.9917190235717231,1
4.84,1.0000000000008893,0.0005581931020096821,4755.474980113556,8.595919311519033,0.47123889803846897,9.42477796076938,0.991718914859362,1
4.88,1.0000000000008968,0.0004985720952634551,5034.06978503411,8.6293916549484,0.47123889803846897,9.42477796076938,0.9917188467107664,1
4.92,1.000000000000904,0.0004977315413993073,5043.526919221726,8.663057260872092,0.47123889803846897,9.42477796076938,0.9917187824200873,1
4.96,1.0000000000009113,0.0007086327146178846,4849.606997641796,8.698238022627175,0.47123889803846897,9.42477796076938,0.9917187287183208,1
5.0,1.0000000000009188,0.0009571856199478627,4583.767912017311,8.735184680684176,0.47123889803846897,9.42477796076938,0.9917186988621581,1
5.04,1.0000000000009261,0.0006814007646446746,4217.915376582077,8.77213793717788,0.47123889803846897,9.42477796076938,0.9917186754424756,1
5.08,1.0000000000009341,0.0007077033400650257,3718.2240214866965,8.807795986828012,0.47123889803846897,9.42477796076938,0.9917186278648925,1
5.12,1.0000000000009415,0.0010564999508399097,3319.6592386516386,8.841864119521704,0.47123889803846897,9.42477796076938,0.9917185466647866,1
5.16,1.000000000000949,0.0012894908050730203,3536.376404539244,8.87301902795976,0.47123889803846897,9.42477796076938,0.9917184433880162,1
5.2,1.0000000000009563,0.0004957768160695566,4829.602443509883,8.90089018664504,0.47123889803846897,9.42477796076938,0.9917183921033184,1
5.24,1.0000000000009646,0.00044043667023616615,5266.446778446339,8.928168065473331,0.47123889803846897,9.42477796076938,0.9917183816573425,1
5.28,1.000000000000972,0.0004633266503630948,5301.645011716422,8.95676937074271,0.47123889803846897,9.42477796076938,0.9917183879932869,1
5.32,1.0000000000009788,0.0007107077327710523,5115.968001940688,8.98625146013821,0.47123889803846897,9.42477796076938,0.9917183907004737,1
5.36,1.0000000000009859,0.0009495729507708775,4813.294939611665,9.017333708071025,0.47123889803846897,9.42477796076938,0.9917183934107433,1
5.4,1.000000000000993,0.0007032663444881402,4532.335218336899,9.05038472722993,0.47123889803846897,9.42477796076938,0.9917184021943949,1
5.44,1.0000000000009992,0.0007330201228253366,3959.833853457778,9.082312365314092,0.47123889803846897,9.42477796076938,0.991718417806887,1
5.48,1.000000000001006,0.0007227781177675444,3487.355851314496,9.111466870071213,0.47123889803846897,9.42477796076938,0.991718398006733,1
5.5200000000000005,1.0000000000010127,0.0015614586155246642,3060.2248129984587,9.140037775326432,0.47123889803846897,9.42477796076938,0.9917183425501255,1
5.5600000000000005,1.0000000000010194,0.001995178999642615,2936.0756476190413,9.167379532431122,0.47123889803846897,9.42477796076938,0.9917182456977232,1
5.6000000000000005,1.0000000000010267,0.001205078773192507,4359.152372628841,9.190002344151337,0.47123889803846897,9.42477796076938,0.9917181725821558,1
5.64,1.000000000001033,0.00046217985630295536,5019.42240686733,9.209572637501823,0.47123889803846897,9.42477796076938,0.9917181674286822,1
5.68,1.00000000000104,0.00042497592394967416,5395.910521231404,9.230860486778502,0.47123889803846897,9.42477796076938,0.9917182059998373,1
5.72,1.0000000000010467,0.0004284690025885857,5385.661306823944,9.253757278884297,0.47123889803846897,9.42477796076938,0.9917182633693173,1
5.76,1.000000000001054,0.0006675812392017955,5070.418047481468,9.276332028328111,0.47123889803846897,9.42477796076938,0.9917183266505449,1
5.8,1.0000000000010614,0.0006723514242018049,4727.183916347148,9.300513455050979,0.47123889803846897,9.42477796076938,0.9917183726769824,1
5.84,1.0000000000010685,0.0005196645414020438,4588.775498368217,9.327374670250252,0.47123889803846897,9.42477796076938,0.9917184148068943,1
5.88,1.0000000000010758,0.0007038028348868589,4046.806365287726,9.353332516071239,0.47123889803846897,9.42477796076938,0.991718461100639,1
5.92,1.0000000000010831,0.001002256141939767,3498.5470951168086,9.376144300534268,0.47123889803846897,9.42477796076938,0.9917184955519309,1
5.96,1.0000000000010905,0.0008250462485402511,3032.122402528875,9.39834979579654,0.47123889803846897,9.42477796076938,0.9917184861497099,1
6.0,1.000000000001097,0.0017396195301680444,2598.5406947024444,9.421476892498184,0.47123889803846897,9.42477796076938,0.9917184242646968,1
6.04,1.0000000000011038,0.002880150727093679,2413.767956497857,9.442299474435812,0.47123889803846897,9.42477796076938,0.9917182892333269,1
6.08,1.0000000000011104,0.0014697061763809616,3749.2504326669155,9.457832126057669,0.47123889803846897,9.42477796076938,0.9917181839016359,1
6.12,1.0000000000011176,0.0005902845270955655,4443.798937403447,9.470253946073205,0.47123889803846897,9.42477796076938,0.9917181723947034,1
6.16,1.000000000001125,0.00047601999682017013,5030.871930699147,9.483823366740747,0.47123889803846897,9.42477796076938,0.9917182208031448,1
6.2,1.0000000000011318,0.000548704532554175,5184.125203547794,9.499318320841315,0.47123889803846897,9.42477796076938,0.991718321343114,1
6.24,1.0000000000011382,0.0005622012719385937,5065.334009498514,9.514738351502396,0.47123889803846897,9.42477796076938,0.9917184422517996,1
6.28,1.0000000000011446,0.0005925930530179387,4898.178779840563,9.529886980047154,0.47123889803846897,9.42477796076938,0.9917185753114152,1
6.32,1.0000000000011515,0.0007133977544425352,4462.108860676383,9.546850665758301,0.47123889803846897,9.42477796076938,0.9917186970837132,1
6.36,1.0000000000011584,0.0005203517367675263,4461.456724657298,9.566287428582413,0.47123889803846897,9.42477796076938,0.9917188094876878,1
6.4,1.0000000000011653,0.0005207400695992436,4063.130201521053,9.585813375629126,0.47123889803846897,9.42477796076938,0.9917189212385469,1
6.44,1.0000000000011722,0.0009864413522074178,3532.75681413526,9.602959687938933,0.47123889803846897,9.42477796076938,0.9917190176772513,1
6.48,1.0000000000011788,0.0010791325413190933,3086.5195982592745,9.618434476272286,0.47123889803846897,9.42477796076938,0.9917190788992238,1
6.5200000000000005,1.000000000001185,0.0012324976999719631,2639.300892483827,9.634666777139257,0.47123889803846897,9.42477796076938,0.9917191031872704,1
6.5600000000000005,1.0000000000011917,0.001310184851512202,2247.1387709267538,9.651643977900617,0.47123889803846897,9.42477796076938,0.991719058017835,1
6.6000000000000005,1.0000000000011982,0.003237806133958119,1880.8173239177002,9.666574660076067,0.47123889803846897,9.42477796076938,0.9917189263351164,1
6.640000000000001,1.0000000000012041,0.0027233956505361553,2486.342508206797,9.677406488327998,0.47123889803846897,9.42477796076938,0.9917187086845283,1
6.68,1.0000000000012106,0.0008625695445580549,3552.6708527767673,9.684756087760872,0.47123889803846897,9.42477796076938,0.9917185724971328,1
6.72,1.0000000000012168,0.0006445077564818678,4255.494648063157,9.6911101127027,0.47123889803846897,9.42477796076938,0.9917185162530487,1
6.76,1.0000000000012232,0.0005435591060964785,4923.613318279073,9.698846615409371,0.47123889803846897,9.42477796076938,0.9917185401396837,1
6.8,1.0000000000012295,0.0005714118089293489,5076.881658519722,9.708025371357737,0.47123889803846897,9.42477796076938,0.9917186401175669,1
6.84,1.0000000000012355,0.0007211715539036234,4980.0820424676385,9.716986727028292,0.47123889803846897,9.42477796076938,0.9917187819407653,1
6.88,1.0000000000012417,0.000621969688674668,4795.366502343666,9.725547731047648,0.47123889803846897,9.42477796076938,0.9917189575377924,1
6.92,1.0000000000012481,0.0005199262330208729,4386.0424888625985,9.735239914645813,0.47123889803846897,9.42477796076938,0.9917191517156929,1
6.96,1.0000000000012543,0.0008685174996632106,4108.186538455673,9.746903607273374,0.47123889803846897,9.42477796076938,0.9917193439730732,1
7.0,1.0000000000012603,0.0007285420595764225,4199.2979243136815,9.760239782095804,0.47123889803846897,9.42477796076938,0.9917195384104175,1
7.04,1.0000000000012657,0.0005058566647393085,3800.1233385838727,9.773905802283455,0.47123889803846897,9.42477796076938,0.9917197493995635,1
7.08,1.0000000000012712,0.0007873847335850524,3332.594480791492,9.785769029244879,0.47123889803846897,9.42477796076938,0.9917199515220928,1
7.12,1.000000000001276,0.0007601081961970658,3045.923132359552,9.795809614873162,0.47123889803846897,9.42477796076938,0.9917201001644914,1
7.16,1.0000000000012812,0.0010170912673741666,2651.913657086472,9.806491778846405,0.47123889803846897,9.42477796076938,0.9917202035154963,1
7.2,1.0000000000012856,0.00136737357144504,2258.5397447717446,9.818360235603077,0.47123889803846897,9.42477796076938,0.9917202668033561,1
7.24,1.0000000000012905,0.0013588384458824198,1901.4788481261699,9.829782848375672,0.47123889803846897,9.42477796076938,0.9917202502507282,1
7.28,1.000000000001296,0.002507464807508653,1629.523508148915,9.84025260468566,0.47123889803846897,9.42477796076938,0.9917200933078756,1
7.32,1.0000000000013023,0.004497996845095588,1444.9249206225184,9.848679395869404,0.47123889803846897,9.42477796076938,0.9917197896648426,1
7.36,1.0000000000013096,0.0022866473757961947,2298.3061081280935,9.852754281319672,0.47123889803846897,9.42477796076938,0.9917194224650068,1
7.4,1.0000000000013174,0.0007343498273809102,3047.8577035302446,9.853953592657811,0.47123889803846897,9.42477796076938,0.9917191814275667,1
7.44,1.0000000000013245,0.0005483199452679422,3837.794462635832,9.856398283961155,0.47123889803846897,9.42477796076938,0.9917190157032901,1
7.48,1.0000000000013318,0.0004593420084081423,4666.132640401235,9.860382943921135,0.47123889803846897,9.42477796076938,0.9917189441297565,1
7.5200000000000005,1.0000000000013396,0.0004803959961495453,5112.4777880684405,9.864372874161209,0.47123889803846897,9.42477796076938,0.9917189708643017,1
7.5600000000000005,1.000000000001347,0.000636806563871838,5128.089032421872,9.869262658537162,0.47123889803846897,9.42477796076938,0.9917190770572346,1
7.6000000000000005,1.0000000000013556,0.0007893630628305852,4869.373401900019,9.874865513257847,0.47123889803846897,9.42477796076938,0.9917192340321793,1
7.640000000000001,1.0000000000013642,0.0006795025176257601,4671.577720852906,9.87932886334882,0.47123889803846897,9.42477796076938,0.9917194367758831,1
7.68,1.0000000000013727,0.0008431941122111301,4270.876807087781,9.884083781378513,0.47123889803846897,9.42477796076938,0.991719684400083,1
7.72,1.0000000000013816,0.0009069118844428684,3725.5135058760184,9.891575348655772,0.47123889803846897,9.42477796076938,0.9917199680115528,1
7.76,1.0000000000013907,0.001655187892442001,3756.208700803655,9.900536835032556,0.47123889803846897,9.42477796076938,0.9917202675025,1
7.8,1.0000000000013998,0.0010934951949594246,3847.753311743734,9.909675095867385,0.47123889803846897,9.42477796076938,0.991720586805504,1
7.84,1.000000000001409,0.000870136898156501,3542.2588540250154,9.919879383812725,0.47123889803846897,9.42477796076938,0.9917209318545925,1
7.88,1.0000000000014186,0.0008806234182434507,3132.5078970127774,9.929552009820597,0.47123889803846897,9.42477796076938,0.9917212990883612,1
7.92,1.0000000000014286,0.0010578872601327517,2834.9912742273723,9.935797651030997,0.47123889803846897,9.42477796076938,0.9917216519772686,1
7.96,1.0000000000014377,0.0007535002635848458,2529.95304046976,9.94064746150913,0.47123889803846897,9.42477796076938,0.9917219505923754,1
8.0,1.0000000000014477,0.001147502597989385,2225.0464048997974,9.948278734749836,0.47123889803846897,9.42477796076938,0.991722184710879,1
