t,norm,peak,R_rms,r50,r80,r90,PR,Vmem_peak,Vmem_mean,n_atoms_detected,nn_mean,nn_median,kstar,kstarL,cryst
0.0,1.0,0.008359567992860266,15.1029381849686,14.89966442575134,18.81488772222678,20.808652046684813,327.8127380424841,0.0,0.0,12,8.85761060878636,9.10305939976487,1.1797961443220415,37.75347661830533,0.988376457607606
0.1,325.9194742628771,0.10918482153814987,16.049892020646514,15.7797338380595,19.28730152198591,21.0,16375.159336325429,0.0920182411259464,0.011024257331517913,1147,2.2872529391961174,2.23606797749979,3.146689351267401,100.69405924055683,0.49996286850842037
0.2,648.9587760989314,0.18065081168434602,16.09316046707681,15.811388300841896,19.339079605813716,21.0,16432.32980346233,0.28356331605870055,0.03438418409722544,1202,2.2730327603753864,2.23606797749979,3.146689351267401,100.69405924055683,0.49830110431708435
0.3,961.3642717615346,0.31168444978340026,16.058229364166948,15.7797338380595,19.261360284258224,20.97617696340303,16500.99877272425,0.5876414426726004,0.06232719632371736,1145,2.2731401691565147,2.23606797749979,3.146689351267401,100.69405924055683,0.49636858099683534
0.4,1271.2158255018855,0.38550511826724737,16.067838683394925,15.811388300841896,19.261360284258224,20.92844953645635,16518.084135963476,0.9055659039618492,0.09169286231730905,1173,2.286305353008684,2.23606797749979,3.146689351267401,100.69405924055683,0.495812314174026
0.5,1575.540259485398,0.5828777817654112,16.058479999593835,15.7797338380595,19.261360284258224,20.92844953645635,16368.716911623334,1.0058211681467117,0.1216827510248028,1115,2.289465211160389,2.23606797749979,3.146689351267401,100.69405924055683,0.500400710732227
0.6,1890.8970658898716,0.5909701475802894,16.056759360473244,15.7797338380595,19.28730152198591,20.92844953645635,16379.691648316099,1.2730351839485918,0.15229851147498538,1223,2.2656729389170764,2.23606797749979,3.146689351267401,100.69405924055683,0.5000546855279563
0.7000000000000001,2197.6797510484384,0.7107128691101344,16.05386859638293,15.7797338380595,19.28730152198591,20.92844953645635,16491.248597332833,1.5337512892357574,0.18330070683175217,1193,2.265163842577368,2.23606797749979,3.146689351267401,100.69405924055683,0.49668523805141623
0.8,2505.4822152406714,0.8039059676456166,16.056639277841185,15.811388300841896,19.261360284258224,20.92844953645635,16491.277978145277,1.8747900070388794,0.2148046959000135,1184,2.2621285724809908,2.23606797749979,3.146689351267401,100.69405924055683,0.49665249038768394
0.9,2805.2994492030302,0.8338705158811996,16.05943269206282,15.811388300841896,19.261360284258224,20.92844953645635,16478.136542693297,2.2484649291508956,0.24590616020834996,1174,2.2770037391934346,2.23606797749979,3.146689351267401,100.69405924055683,0.49705126275868744
1.0,3112.9167976473827,0.9728572114276327,16.068446913645367,15.811388300841896,19.261360284258224,20.92844953645635,16419.81198583502,2.564466072454909,0.27760848890243595,1182,2.2731533850380305,2.23606797749979,3.146689351267401,100.69405924055683,0.49881417008894924
1.1,3399.6654394471325,0.9604214895486775,16.055528387332156,15.811388300841896,19.261360284258224,20.92844953645635,16373.71766058561,2.9026880270263975,0.30901416523049985,1176,2.2649375156761558,2.23606797749979,3.146689351267401,100.69405924055683,0.5002246931765261
1.2,3687.4914436903227,1.0781396346973757,16.036699847109247,15.7797338380595,19.261360284258224,20.904544960366874,16366.90602869519,2.9005179319183867,0.3402005979905291,1191,2.2729525973918094,2.23606797749979,3.146689351267401,100.69405924055683,0.5004487163042795
1.3,3967.9627091072743,1.320651585464542,16.0343548987596,15.7797338380595,19.261360284258224,20.904544960366874,16434.81574038192,3.4751729492511414,0.37093660949615476,1195,2.2701153583912306,2.23606797749979,3.146689351267401,100.69405924055683,0.4983533065607344
1.4000000000000001,4249.766218605897,1.4045875484412955,16.045813460155262,15.7797338380595,19.261360284258224,20.904544960366874,16488.423555130572,4.156567187223976,0.40158741022328925,1151,2.283876056025874,2.23606797749979,3.146689351267401,100.69405924055683,0.496681881489981
1.5,4522.867989689699,1.3916957890211892,16.03282236417926,15.7797338380595,19.261360284258224,20.8806130178211,16583.609349503244,4.051928291672867,0.431895570569332,1195,2.270780757940277,2.23606797749979,3.146689351267401,100.69405924055683,0.4937876050758371
1.6,4785.084317866445,1.285628044442242,16.035876907564578,15.7797338380595,19.261360284258224,20.904544960366874,16698.47134202035,3.867520312882662,0.46147573409702364,1208,2.26693091065766,2.23606797749979,3.146689351267401,100.69405924055683,0.4902510703149288
1.7,5051.028366528146,1.3319065412442364,16.028738751222686,15.7797338380595,19.235384061671343,20.904544960366874,16792.218627335125,3.781321901667057,0.4915689803845606,1214,2.2719258882512348,2.23606797749979,3.146689351267401,100.69405924055683,0.4873786372381871
1.8,5320.776793547818,1.6170028457894894,16.032122123324395,15.7797338380595,19.261360284258224,20.904544960366874,16800.724681913052,4.209340072933504,0.5212017534131956,1184,2.2681321316519907,2.23606797749979,3.146689351267401,100.69405924055683,0.48714146405093295
1.9000000000000001,5586.35080067732,1.8244878491911454,16.028588768076318,15.7797338380595,19.261360284258224,20.904544960366874,16817.72683003614,4.81149708552941,0.5513434669351958,1175,2.271694636032595,2.23606797749979,3.146689351267401,100.69405924055683,0.4866546361573308
2.0,5871.318093713745,2.219887289058204,16.040268994009327,15.7797338380595,19.261360284258224,20.904544960366874,16797.396770600702,5.658167051846178,0.5822965007491777,1085,2.299949801501564,2.23606797749979,3.146689351267401,100.69405924055683,0.4872972856854086
2.1,6138.231255027569,2.241082926344356,16.050336659203737,15.811388300841896,19.261360284258224,20.97617696340303,16982.086436293554,6.717536257113375,0.6131481778109502,1111,2.2861609588003904,2.23606797749979,3.146689351267401,100.69405924055683,0.48164898144784224
2.2,6406.243286761111,2.240862211909312,16.061554244930196,15.811388300841896,19.28730152198591,20.97617696340303,17022.364893887843,6.620047026321942,0.6438216539814012,1138,2.2730745635087763,2.23606797749979,3.146689351267401,100.69405924055683,0.48038050759552164
2.3000000000000003,6668.422614818004,2.2700005317867404,16.061492486073092,15.811388300841896,19.261360284258224,20.97617696340303,17096.440484769555,7.238304127965109,0.6744132268092046,1140,2.2849327794554037,2.23606797749979,3.146689351267401,100.69405924055683,0.47809572320996474
2.4,6948.9715280799155,2.035844238486199,16.046008428086658,15.811388300841896,19.261360284258224,20.92844953645635,17076.290665872875,7.310634185911648,0.7056360990640431,1201,2.264005305906833,2.23606797749979,3.146689351267401,100.69405924055683,0.47873626419652915
2.5,7196.2248974845015,1.8117292005476364,16.05154439194144,15.811388300841896,19.261360284258224,20.92844953645635,17231.283771214712,6.788421874274604,0.7358200260474455,1220,2.276506652846085,2.23606797749979,3.146689351267401,100.69405924055683,0.4739991585702977
2.6,7452.054843562928,2.4188713135958753,16.054634624840247,15.811388300841896,19.261360284258224,20.97617696340303,17461.595289493784,6.4624803761615075,0.7656514454444141,1144,2.303441751427958,2.23606797749979,3.365233040927996,107.68745730969587,0.46695731101032023
2.7,7732.396905159967,2.1359309841734095,16.051620236223236,15.811388300841896,19.261360284258224,20.92844953645635,17561.81170448337,7.047460569588542,0.7965652007144488,1197,2.274051400826623,2.23606797749979,3.146689351267401,100.69405924055683,0.46390144958915697
2.8000000000000003,7978.438265301009,2.1366306212823347,16.063219054582316,15.811388300841896,19.261360284258224,20.92844953645635,17634.880752914014,6.574757222548606,0.8274224060428063,1178,2.2911323318162085,2.23606797749979,3.146689351267401,100.69405924055683,0.4616386177386846
2.9,8215.733660485848,2.703709552984097,16.0466896728732,15.811388300841896,19.261360284258224,20.92844953645635,17704.079878495664,7.668239935882921,0.8572714657322295,1138,2.2879702623408287,2.23606797749979,3.146689351267401,100.69405924055683,0.45955403914458987
3.0,8496.178853500807,2.525653738114399,16.04210829433335,15.811388300841896,19.261360284258224,20.92844953645635,17914.420075804763,7.670679655718673,0.8875926271318753,1169,2.2888978071291963,2.23606797749979,3.146689351267401,100.69405924055683,0.45311459667358894
3.1,8716.485195807974,2.323520585158911,16.03182921161931,15.811388300841896,19.261360284258224,20.92844953645635,18058.443406862458,7.42872275719615,0.9172932197073387,1203,2.2750807734676233,2.23606797749979,3.146689351267401,100.69405924055683,0.44872368812081026
3.2,8971.211425258514,2.860095059181618,16.02697714667453,15.7797338380595,19.261360284258224,20.92844953645635,18106.957629846318,7.712636788951279,0.9463343030649648,1186,2.27147666055186,2.23606797749979,3.146689351267401,100.69405924055683,0.44722993471329603
3.3000000000000003,9201.020596040045,2.8150881428501133,16.01351849119796,15.7797338380595,19.235384061671343,20.904544960366874,18139.964487603924,8.747031177393115,0.9753810443830397,1175,2.2792562679177393,2.23606797749979,3.146689351267401,100.69405924055683,0.44624470434290264
3.4,9428.523652427251,2.397962228128,16.010498959954024,15.7797338380595,19.235384061671343,20.904544960366874,18277.85152168765,8.488344826660585,1.0039903707964355,1209,2.2664326479178145,2.23606797749979,3.146689351267401,100.69405924055683,0.4420949526003996
3.5,9664.304521697475,2.679379852664663,16.010456353890138,15.7797338380595,19.235384061671343,20.904544960366874,18339.578847058772,7.682869408774212,1.0321445107298022,1218,2.2734228907855725,2.23606797749979,3.146689351267401,100.69405924055683,0.4402341300103676
3.6,9904.678372396193,2.3653644157630214,16.00898794790668,15.7797338380595,19.235384061671343,20.904544960366874,18459.309002330923,7.207853621351248,1.0607928939209967,1183,2.268589897866263,2.23606797749979,3.146689351267401,100.69405924055683,0.4365984772981779
3.7,10130.684785604022,2.5320482545121488,16.01260550419172,15.7797338380595,19.235384061671343,20.904544960366874,18604.94529882581,7.611891978722579,1.0892570211636932,1185,2.2704499986011872,2.23606797749979,3.146689351267401,100.69405924055683,0.43213625183937754
3.8000000000000003,10359.167947459271,2.6875084188667953,16.0103242865207,15.748015748023622,19.235384061671343,20.904544960366874,18781.655683911427,7.858728987318052,1.1175543636266714,1180,2.2697163388950563,2.23606797749979,3.146689351267401,100.69405924055683,0.42675973597248784
3.9,10566.354573472005,2.5953469617476426,16.00846457569024,15.748015748023622,19.235384061671343,20.904544960366874,18903.62778934112,8.353285450023915,1.1451337970166222,1201,2.25979710274597,2.23606797749979,3.146689351267401,100.69405924055683,0.42303465446258504
4.0,10768.970587218952,2.9978818069268636,16.00880360263037,15.7797338380595,19.209372712298546,20.904544960366874,18959.384861154093,8.211345161065216,1.171836064932809,1164,2.275415029745813,2.23606797749979,3.146689351267401,100.69405924055683,0.4213416266905127
4.1,11001.781510421706,2.545939550103005,16.012835027436637,15.7797338380595,19.209372712298546,20.904544960366874,18991.407084938124,8.765700666464008,1.1986639391747953,1177,2.2728574176256404,2.23606797749979,3.146689351267401,100.69405924055683,0.42036844251611344
4.2,11196.494684622288,2.4465788303592975,16.017335381331055,15.7797338380595,19.209372712298546,20.904544960366874,18999.360286383537,8.145031482336151,1.22520130554518,1190,2.260191154116904,2.23606797749979,3.146689351267401,100.69405924055683,0.42009598151591554
4.3,11415.56142621778,2.594810390048651,16.021109313328868,15.7797338380595,19.235384061671343,20.904544960366874,19195.006130531343,8.431302702683839,1.2520104272986603,1204,2.2769891885996607,2.23606797749979,3.146689351267401,100.69405924055683,0.4141310622851652
4.4,11614.86690757881,2.4625651234179458,16.021332558451665,15.7797338380595,19.235384061671343,20.904544960366874,19361.081304430296,8.769444692718869,1.278060424689547,1187,2.263142928026957,2.23606797749979,3.146689351267401,100.69405924055683,0.40908696705427905
4.5,11823.046249140594,2.520496684021803,16.02041185442919,15.748015748023622,19.235384061671343,20.904544960366874,19455.693420971947,7.833802698093377,1.303877429173011,1211,2.265470184121321,2.23606797749979,3.146689351267401,100.69405924055683,0.4061999303482635
4.6000000000000005,12049.653449868007,2.6933688774312157,16.018897828425356,15.748015748023622,19.235384061671343,20.904544960366874,19490.00656598282,8.290455430320872,1.33016796038643,1157,2.2931892973370336,2.23606797749979,3.146689351267401,100.69405924055683,0.40514387512764954
4.7,12252.948010027036,2.7315684246024237,16.022124361872088,15.748015748023622,19.235384061671343,20.904544960366874,19623.3799984087,9.38629830317737,1.3570184278685766,1179,2.261066823504528,2.23606797749979,3.146689351267401,100.69405924055683,0.40107673841589564
4.8,12448.952602349607,2.319193192626494,16.022671723440574,15.748015748023622,19.235384061671343,20.904544960366874,19753.067963816622,8.478364519756685,1.3821906952743146,1195,2.2655179111474406,2.23606797749979,3.146689351267401,100.69405924055683,0.3971183365303658
4.9,12655.76479502522,2.2749778536102454,16.020428046203136,15.748015748023622,19.235384061671343,20.904544960366874,19927.454713650983,7.375604875885378,1.4084413422277,1203,2.2613026373908713,2.23606797749979,3.146689351267401,100.69405924055683,0.39178872901878453
5.0,12880.839309668532,2.552001363265764,16.022057830548196,15.748015748023622,19.261360284258224,20.904544960366874,20021.910617753227,6.718896589237161,1.4349620087329866,1176,2.2666978330169525,2.23606797749979,3.365233040927996,107.68745730969587,0.3889060766697774
5.1000000000000005,13069.119127390353,3.0484455346356505,16.018354255150633,15.748015748023622,19.261360284258224,20.904544960366874,20091.710807160332,8.608419000120012,1.4613142849517244,1170,2.2808134631842516,2.23606797749979,3.365233040927996,107.68745730969587,0.3867809673526143
5.2,13257.20381878777,2.4273937844108526,16.01324553057894,15.748015748023622,19.261360284258224,20.904544960366874,20117.715461083248,9.052966024147093,1.4860887993279017,1159,2.294769413364936,2.23606797749979,3.146689351267401,100.69405924055683,0.38601321759814233
5.3,13451.136278423484,2.5088894924174037,16.015545487721166,15.748015748023622,19.261360284258224,20.8806130178211,20149.461459967024,8.125581031961806,1.510711920547223,1189,2.263337052724258,2.23606797749979,3.146689351267401,100.69405924055683,0.3850162261898071
5.4,13654.326509608378,2.688846217900171,16.03832224192219,15.7797338380595,19.261360284258224,20.904544960366874,20314.864008232715,7.960880418711799,1.5358863158610216,1200,2.2659860259686857,2.23606797749979,3.146689351267401,100.69405924055683,0.37995874960025705
5.5,13844.193332861607,2.537801494206354,16.036582760435014,15.7797338380595,19.261360284258224,20.904544960366874,20449.656601252565,8.008391509068272,1.5606937771335296,1194,2.2766988023034562,2.23606797749979,3.146689351267401,100.69405924055683,0.3758479674572664
5.6000000000000005,14038.524032554626,2.4864868232351487,16.026176805570895,15.748015748023622,19.261360284258224,20.904544960366874,20582.405703403536,7.733308267317438,1.5853227648472883,1188,2.2753341216420226,2.23606797749979,3.365233040927996,107.68745730969587,0.37184116682606033
5.7,14211.736337897208,2.390618986401246,16.032102706518003,15.748015748023622,19.261360284258224,20.92844953645635,20587.135193183232,7.06100860122892,1.6089782176567353,1192,2.2638876748242494,2.23606797749979,3.146689351267401,100.69405924055683,0.3717082877316085
5.8,14408.99360174447,2.5173310790827044,16.02915126209096,15.7797338380595,19.261360284258224,20.92844953645635,20534.93284344484,7.250952376011925,1.6329187421245486,1152,2.283054035547684,2.23606797749979,3.146689351267401,100.69405924055683,0.3732933350166675
5.9,14597.195099555629,2.463745409577976,16.034480096183806,15.7797338380595,19.261360284258224,20.92844953645635,20702.84876945326,7.201670303757786,1.6574368324958384,1182,2.26613515849837,2.23606797749979,3.146689351267401,100.69405924055683,0.36816215731713775
6.0,14776.154589828882,2.384386199916284,16.036222459428167,15.7797338380595,19.261360284258224,20.92844953645635,20826.66687615116,7.571802271267597,1.6815148346319493,1179,2.270926764625382,2.23606797749979,3.146689351267401,100.69405924055683,0.36437723027557267
6.1000000000000005,14995.671204736547,2.4008309511667973,16.03873728208392,15.7797338380595,19.261360284258224,20.92844953645635,20916.305829665824,7.462083648950428,1.7058127150422133,1154,2.270483972980196,2.23606797749979,3.146689351267401,100.69405924055683,0.36165429555980744
6.2,15163.16222930627,2.4196135016719063,16.043106542754213,15.7797338380595,19.261360284258224,20.97617696340303,21011.31068513825,7.036340194275428,1.7305220290381627,1176,2.2666318847962392,2.23606797749979,3.146689351267401,100.69405924055683,0.3587391312302504
6.3,15345.095623800964,2.748248322633795,16.054696791073724,15.7797338380595,19.261360284258224,20.97617696340303,21057.43812041524,6.866339267792401,1.7544808552558329,1151,2.2609808669319116,2.23606797749979,3.146689351267401,100.69405924055683,0.3572987111769433
6.4,15533.99159831155,2.533322305301327,16.05419441538422,15.7797338380595,19.261360284258224,20.97617696340303,21084.153344810547,7.020218608138582,1.7780531688619055,1128,2.2817016951209514,2.23606797749979,3.146689351267401,100.69405924055683,0.3564802396507244
6.5,15708.865922204142,2.528806341677296,16.05683642341007,15.7797338380595,19.261360284258224,20.97617696340303,21289.798658137195,7.108992657471994,1.8018551359463955,1152,2.283441744751359,2.23606797749979,3.146689351267401,100.69405924055683,0.3501797908562978
6.6000000000000005,15869.92634493333,2.75090063234227,16.059685926550408,15.7797338380595,19.261360284258224,20.97617696340303,21343.02791167269,8.223203623707137,1.8245310991894423,1133,2.277207041978038,2.23606797749979,3.146689351267401,100.69405924055683,0.3485472475029988
6.7,16016.612320638093,2.388102372615281,16.06053329146751,15.7797338380595,19.261360284258224,20.97617696340303,21395.370287194513,7.301202870803306,1.8453453001368327,1167,2.273825402465215,2.23606797749979,3.146689351267401,100.69405924055683,0.3469424130898527
6.8,16171.182411636612,2.3585189875164776,16.059870880329612,15.7797338380595,19.261360284258224,20.97617696340303,21503.271619174735,6.3338797152453115,1.866142251733291,1149,2.2836895315974663,2.23606797749979,3.146689351267401,100.69405924055683,0.3436032390106011
6.9,16352.815971994078,2.416969603480355,16.06174762894038,15.7797338380595,19.261360284258224,20.97617696340303,21524.602120771535,6.7450127964179885,1.8876393166775987,1156,2.265748537783169,2.23606797749979,3.146689351267401,100.69405924055683,0.34295202428438304
7.0,16514.9408115954,2.497035715411508,16.066166616646953,15.7797338380595,19.261360284258224,20.97617696340303,21605.436113705928,6.898019468175524,1.9097124811800823,1161,2.2743740079795933,2.23606797749979,3.146689351267401,100.69405924055683,0.34041348840124075
7.1000000000000005,16666.481981821536,2.8915223514899964,16.064159544590463,15.7797338380595,19.261360284258224,20.92844953645635,21737.52953904224,8.235417903379394,1.9307402703256984,1133,2.292091607668534,2.23606797749979,3.146689351267401,100.69405924055683,0.3363241853034441
7.2,16807.20929434325,2.6145121884033364,16.05607352295642,15.7797338380595,19.261360284258224,20.92844953645635,21873.785143707228,7.673671649268045,1.9506231528631526,1119,2.298750397482033,2.23606797749979,3.146689351267401,100.69405924055683,0.33210764241049684
7.3,16996.70177973142,2.5850167934396047,16.052816095842495,15.7797338380595,19.261360284258224,20.97617696340303,21831.62838398827,6.403890865659054,1.971559552401944,1142,2.2714067627798795,2.23606797749979,3.146689351267401,100.69405924055683,0.33327840893870275
7.4,17166.597790715383,2.5620478064577052,16.05136512510772,15.7797338380595,19.28730152198591,20.97617696340303,21984.44604616424,6.749221080180821,1.9940143271619504,1118,2.2753851896995747,2.23606797749979,3.146689351267401,100.69405924055683,0.32845977485699607
7.5,17330.35407871891,2.473063846862104,16.048255152850423,15.7797338380595,19.28730152198591,20.97617696340303,22122.671046572545,6.443841420392604,2.0157974345146474,1097,2.3086817622718834,2.23606797749979,3.146689351267401,100.69405924055683,0.3241361762880079
7.6000000000000005,17477.187060103537,2.830227966257069,16.030165153334593,15.748015748023622,19.261360284258224,20.92844953645635,22123.790697746626,7.591199106130866,2.0365866137087787,1094,2.302934338928004,2.23606797749979,3.146689351267401,100.69405924055683,0.32391873453844783
7.7,17623.861452299258,2.9214968209876755,16.021972924485997,15.748015748023622,19.261360284258224,20.904544960366874,22258.107583720477,8.334959769029236,2.0573126867505858,1101,2.2930183903150927,2.23606797749979,3.146689351267401,100.69405924055683,0.31960409073234197
7.8,17784.51183645688,2.69687418163157,16.00822714403322,15.748015748023622,19.261360284258224,20.904544960366874,22242.003675793378,7.92146789917279,2.077128762894958,1117,2.2775942060550087,2.23606797749979,3.146689351267401,100.69405924055683,0.31986181686043996
7.9,17907.87070923257,2.6364255169680924,15.991078309763434,15.748015748023622,19.261360284258224,20.83266665599966,22341.529007130044,6.9759480294083085,2.0960289868025788,1105,2.280972087209181,2.23606797749979,3.146689351267401,100.69405924055683,0.31649994435224055
8.0,18048.11576800201,2.6111149106136637,15.97479947698843,15.748015748023622,19.235384061671343,20.83266665599966,22421.74125794864,7.783413220097308,2.1143225478353864,1112,2.2877356159510276,2.23606797749979,3.146689351267401,100.69405924055683,0.3136510744774701
8.1,18159.448542951355,2.544999250034938,15.957875693711644,15.748015748023622,19.235384061671343,20.808652046684813,22560.617048257023,7.296030784056356,2.1330908661706642,1103,2.288862191719803,2.23606797749979,3.146689351267401,100.69405924055683,0.30903318372970784
8.2,18288.506182605262,2.4862871276214515,15.945744037252702,15.7797338380595,19.235384061671343,20.808652046684813,22621.897503628366,6.82991642563508,2.149862081591362,1089,2.3023185711181107,2.23606797749979,3.146689351267401,100.69405924055683,0.3066861107091063
8.3,18416.380860157384,3.0622645447400263,15.927583039697588,15.748015748023622,19.235384061671343,20.808652046684813,22669.90982886955,6.986459009972053,2.167771430411431,1108,2.30765347177858,2.23606797749979,3.146689351267401,100.69405924055683,0.30462361529008863
8.4,18540.04247203555,2.695364404341049,15.90594518005563,15.748015748023622,19.235384061671343,20.808652046684813,22786.291089411203,7.004063176358991,2.1855045108012794,1081,2.301464216686284,2.23606797749979,3.146689351267401,100.69405924055683,0.30012017297862187
8.5,18686.725355716102,2.747209740098259,15.883581371028072,15.684387141358123,19.209372712298546,20.808652046684813,22900.561964569108,8.102439700212063,2.2033100183719876,1120,2.2756250444985207,2.23606797749979,3.146689351267401,100.69405924055683,0.2954392406060883
8.6,18817.032617086148,3.0013753410649344,15.86850466532647,15.684387141358123,19.209372712298546,20.808652046684813,22916.091425567804,7.078179788751539,2.2211357859269523,1067,2.2966965912324233,2.23606797749979,3.146689351267401,100.69405924055683,0.29399927056874603
8.700000000000001,18972.474904563038,3.144998033493112,15.851983369443378,15.652475842498529,19.209372712298546,20.73644135332772,23062.146091958984,7.721559631466194,2.2393064677573014,1084,2.3058437856105076,2.23606797749979,3.146689351267401,100.69405924055683,0.2883682859534549
8.8,19138.350519946256,2.662755743351318,15.843943953093248,15.652475842498529,19.209372712298546,20.73644135332772,23232.733595400536,8.98344291955369,2.2595396891574024,1119,2.3011970672151154,2.23606797749979,3.146689351267401,100.69405924055683,0.28209615396032806
8.9,19250.81885829372,2.7220672657232843,15.846278565090689,15.652475842498529,19.209372712298546,20.73644135332772,23364.888740236365,7.259354025491,2.2783284998707467,1103,2.2865738957030213,2.23606797749979,3.146689351267401,100.69405924055683,0.2774663439932531
9.0,19419.589955038464,3.212489084698757,15.851860359759225,15.652475842498529,19.131126469708992,20.73644135332772,23552.928432695233,7.577070117319061,2.2967724760946355,1096,2.2954349251149826,2.23606797749979,3.146689351267401,100.69405924055683,0.27129937210770566
9.1,19560.994462682527,2.4289059097543366,15.876064921586083,15.652475842498529,19.209372712298546,20.808652046684813,23768.60957752709,7.673072297182932,2.3156521873066636,1139,2.266270918988054,2.23606797749979,3.146689351267401,100.69405924055683,0.26476426563607075
9.200000000000001,19695.865835032244,2.642237341795131,15.904526944226152,15.652475842498529,19.209372712298546,20.83266665599966,23962.57949406829,6.48836681134466,2.334199166833702,1104,2.284537368642246,2.23606797749979,3.146689351267401,100.69405924055683,0.25914030751109035
9.3,19811.006519608163,2.6239158508123896,15.93142493972813,15.684387141358123,19.209372712298546,20.83266665599966,24181.465001045937,6.513648601934516,2.3516311581398073,1122,2.3008134697853464,2.23606797749979,3.146689351267401,100.69405924055683,0.25286845677884023
9.4,19958.537182856726,2.588227356257571,15.969640226244818,15.684387141358123,19.235384061671343,20.8806130178211,24304.910947216,6.686044512840022,2.369257684272952,1116,2.27965423410219,2.23606797749979,3.146689351267401,100.69405924055683,0.24965594006630293
9.5,20077.518552662812,2.8588165169955926,16.001518687731817,15.748015748023622,19.235384061671343,20.904544960366874,24447.505883888763,6.837332543119331,2.386783404518401,1091,2.2968284205446268,2.23606797749979,3.365233040927996,107.68745730969587,0.24626808653775073
9.6,20229.00063243231,2.4780317627302884,16.036795294732535,15.7797338380595,19.261360284258224,20.904544960366874,24640.006641249074,7.462352712965316,2.404509474223236,1103,2.2929977989255095,2.23606797749979,3.146689351267401,100.69405924055683,0.24145093456424613
9.700000000000001,20391.33061448254,2.380782046706087,16.0661424477394,15.7797338380595,19.313207915827967,20.92844953645635,24763.41982389447,6.241067953343212,2.4237746519320753,1117,2.2952114882027104,2.23606797749979,3.146689351267401,100.69405924055683,0.23893754642354148
9.8,20501.095619287567,2.3936346250560523,16.08984485581787,15.811388300841896,19.313207915827967,21.0,24873.234112819784,7.117711361188894,2.4421354869943688,1119,2.308151443357726,2.23606797749979,3.146689351267401,100.69405924055683,0.23689585518546263
9.9,20609.061861681286,2.3892145218139227,16.10703549038721,15.811388300841896,19.313207915827967,21.0,24994.776024439427,6.32178568413154,2.458269415885704,1140,2.2861911324288404,2.23606797749979,3.146689351267401,100.69405924055683,0.23441677473362232
10.0,20703.551433004624,2.380196451766116,16.120704976824353,15.811388300841896,19.339079605813716,21.0,25004.356066280765,6.109030478090333,2.4742922747496863,1145,2.277088256571735,2.23606797749979,3.146689351267401,100.69405924055683,0.23515866384899475
10.1,20826.855175511424,2.3621464972315764,16.136500724624053,15.84297951775486,19.339079605813716,20.97617696340303,25059.29363175836,6.849136081597605,2.488957726849283,1127,2.28238749507756,2.23606797749979,3.146689351267401,100.69405924055683,0.23392449538047697
10.200000000000001,20967.01245917492,2.569564223804914,16.135277638432502,15.84297951775486,19.313207915827967,20.92844953645635,25051.326955110813,6.299152671981507,2.5057085051714663,1122,2.2919383324167737,2.23606797749979,3.146689351267401,100.69405924055683,0.23414790927592607
10.3,21086.774568121356,2.741949802193419,16.127966355753568,15.84297951775486,19.261360284258224,20.92844953645635,25102.3726191016,7.099405055312377,2.5224476448277047,1131,2.2755863219408674,2.23606797749979,0.3056213856796598,9.779884341749113,0.23172042411993196
10.4,21190.409232193604,2.6006392098146542,16.1249092808658,15.84297951775486,19.261360284258224,20.904544960366874,25182.72904889536,6.322369076293508,2.5375103694280683,1120,2.280980369996678,2.23606797749979,0.3056213856796598,9.779884341749113,0.2277567630091392
10.5,21311.14660152398,2.571004811623117,16.11572278761648,15.84297951775486,19.235384061671343,20.904544960366874,25294.793704111722,7.170482096082127,2.553528278313364,1112,2.291871596035716,2.23606797749979,0.3056213856796598,9.779884341749113,0.22235427409939731
10.6,21459.708105067344,3.5062534357271065,16.106706411916782,15.84297951775486,19.235384061671343,20.904544960366874,25558.525888525735,7.234246229220523,2.570296956478038,1125,2.2901927018860553,2.23606797749979,3.146689351267401,100.69405924055683,0.21235357279244266
10.700000000000001,21555.55849155193,2.6147736464623383,16.097659499411332,15.84297951775486,19.235384061671343,20.904544960366874,25725.17712752912,6.86149135219683,2.5866683393353633,1168,2.274953103621921,2.23606797749979,3.146689351267401,100.69405924055683,0.2060075107824697
10.8,21678.703418620906,2.8586493453109147,16.094516860857773,15.84297951775486,19.261360284258224,20.904544960366874,25893.133033167964,7.4533064549665164,2.602873393336347,1137,2.287508444083167,2.23606797749979,3.365233040927996,107.68745730969587,0.20004700645795612
10.9,21799.93148235468,2.6524827365346293,16.082262037840255,15.811388300841896,19.261360284258224,20.92844953645635,26064.143278862222,7.71078054031408,2.6180037932985423,1156,2.2751190537053483,2.23606797749979,3.146689351267401,100.69405924055683,0.19476419852135038
11.0,21893.935774829064,2.4833035302629822,16.071774152879737,15.811388300841896,19.313207915827967,20.92844953645635,26327.01948469457,6.65068973298807,2.6331677627671164,1175,2.273869449015186,2.23606797749979,3.365233040927996,107.68745730969587,0.1878894864832771
11.1,21999.91304407621,2.8034471510010444,16.06098820625739,15.811388300841896,19.339079605813716,20.97617696340303,26468.36054414439,7.099120172091284,2.6480782102398526,1143,2.292166661428072,2.23606797749979,3.146689351267401,100.69405924055683,0.18526845911100323
11.200000000000001,22094.821532315553,2.629477110616962,16.042525161206044,15.7797338380595,19.339079605813716,20.97617696340303,26626.311692298634,7.0192689028579585,2.661680471340003,1149,2.288854368879377,2.23606797749979,3.146689351267401,100.69405924055683,0.18240705655689632
11.3,22151.283224254305,2.538555545967201,16.0214521450709,15.7797338380595,19.313207915827967,20.97617696340303,26835.715968945173,6.672374907299431,2.6741462707810015,1192,2.268320458264672,2.23606797749979,3.146689351267401,100.69405924055683,0.17798606102400738
11.4,22264.301944757142,3.0416663092979577,16.004502878341672,15.7797338380595,19.313207915827967,20.97617696340303,26947.289463505334,8.607503540478012,2.6861241521685066,1170,2.2646709511479535,2.23606797749979,3.146689351267401,100.69405924055683,0.17597060608627438
11.5,22380.345388965736,2.1491445315210127,15.99199920085276,15.748015748023622,19.261360284258224,20.97617696340303,27110.43413221486,7.310388024369928,2.700552619425699,1128,2.2876819809844045,2.23606797749979,3.146689351267401,100.69405924055683,0.1717575755471238
11.6,22475.805688103108,2.2323385850023367,15.98069142145476,15.684387141358123,19.235384061671343,20.92844953645635,27216.72765056966,5.557905997707003,2.7146510131897,1201,2.2640640438431205,2.23606797749979,3.146689351267401,100.69405924055683,0.16842490106842375
11.700000000000001,22572.146773830682,2.225788063656201,15.970231340558785,15.684387141358123,19.235384061671343,20.904544960366874,27337.38495950225,5.798363206608993,2.7287439361161545,1170,2.2746562056691877,2.23606797749979,3.146689351267401,100.69405924055683,0.16381446159298252
11.8,22685.342620530533,2.6270747187816617,15.960905369036523,15.684387141358123,19.209372712298546,20.904544960366874,27391.31718547316,6.493543754453428,2.7431577740657103,1186,2.272080330709811,2.23606797749979,3.146689351267401,100.69405924055683,0.1609998784242047
11.9,22786.435190949673,2.1788379815488184,15.959592199866606,15.652475842498529,19.209372712298546,20.904544960366874,27430.251025560974,6.61579858079187,2.7565749984505246,1190,2.2623973635374988,2.23606797749979,3.146689351267401,100.69405924055683,0.15848478510472036
12.0,22872.139338923447,2.2489172482684223,15.950417299877316,15.652475842498529,19.209372712298546,20.83266665599966,27505.994035113683,5.19913952534275,2.76972551582863,1178,2.27426976235071,2.23606797749979,3.146689351267401,100.69405924055683,0.1548436024643785
12.1,22994.714642575706,2.2251472396744756,15.958274485672835,15.684387141358123,19.209372712298546,20.83266665599966,27524.585258953623,5.651011631872153,2.784162002865509,1215,2.2708200552944215,2.23606797749979,3.146689351267401,100.69405924055683,0.15356751989026832
12.200000000000001,23107.22829928672,2.25890057192748,15.958745338550884,15.684387141358123,19.209372712298546,20.808652046684813,27594.854947857362,5.408798329583957,2.7993026077525487,1181,2.2908001352317076,2.23606797749979,3.146689351267401,100.69405924055683,0.15150498394033268
12.3,23220.160035939938,2.2794701025131627,15.964428414905063,15.684387141358123,19.209372712298546,20.808652046684813,27680.541923074572,5.809291378351912,2.8137683239245055,1188,2.2654231160926552,2.23606797749979,3.146689351267401,100.69405924055683,0.1493969515387617
12.4,23333.099273874966,2.0749664542422535,15.965677254896136,15.748015748023622,19.131126469708992,20.73644135332772,27795.80838049096,5.724616237695887,2.828214768734089,1215,2.270218163756144,2.23606797749979,3.146689351267401,100.69405924055683,0.14715062406150164
12.5,23414.653874554988,2.3383426800187475,15.972818968244702,15.748015748023622,19.209372712298546,20.784609690826528,27896.16594712008,5.513959852248301,2.8422693679006583,1182,2.265754031001452,2.23606797749979,3.365233040927996,107.68745730969587,0.1455920593152774
12.6,23484.53162405437,2.208017607309141,15.984536844103301,15.7797338380595,19.209372712298546,20.808652046684813,27956.606817964363,5.575312557572607,2.8540834665418013,1157,2.2803253701432764,2.23606797749979,3.146689351267401,100.69405924055683,0.14514182303204834
12.700000000000001,23562.076946667443,2.14925430229996,15.998116871053135,15.7797338380595,19.235384061671343,20.83266665599966,28139.448351577354,5.7362658546126974,2.8647047503153473,1199,2.2567146476661906,2.23606797749979,3.146689351267401,100.69405924055683,0.14062296326850096
12.8,23676.340270000903,1.9367521890150514,16.019711819563895,15.7797338380595,19.261360284258224,20.904544960366874,28196.50430030352,5.304137052815197,2.8774879061120053,1166,2.2843413577496823,2.23606797749979,3.146689351267401,100.69405924055683,0.13935104124728082
12.9,23766.315557062924,2.0295257356998855,16.03512885143662,15.7797338380595,19.261360284258224,20.92844953645635,28295.04924200863,5.028439614023941,2.8905610917228137,1172,2.275701458267835,2.23606797749979,3.146689351267401,100.69405924055683,0.13625034959614823
13.0,23845.27916395972,2.244388442703868,16.054567010526796,15.7797338380595,19.28730152198591,20.97617696340303,28214.61543578973,5.309779266644858,2.903552790794212,1218,2.263802067104804,2.23606797749979,3.365233040927996,107.68745730969587,0.13805345546341968
13.1,23949.786525863492,2.5818547735902952,16.06993433775945,15.7797338380595,19.313207915827967,21.0,28250.287268147775,5.199373588679914,2.916074524487841,1216,2.257602879691588,2.23606797749979,3.146689351267401,100.69405924055683,0.13599840631013646
13.200000000000001,24036.641075591608,2.2564043979972133,16.078761329341106,15.811388300841896,19.339079605813716,21.047565179849187,28266.587633731506,5.397402073122134,2.9286518052373944,1182,2.274874970387998,2.23606797749979,3.146689351267401,100.69405924055683,0.13454388191556468
13.3,24115.730266392828,2.1461392990452355,16.080944785633765,15.811388300841896,19.339079605813716,21.0,28293.734063385607,5.14435611407397,2.94037620582078,1250,2.2588976940566585,2.23606797749979,3.146689351267401,100.69405924055683,0.13277618826928744
13.4,24189.617146505654,2.4504916903812153,16.07696924000549,15.811388300841896,19.313207915827967,21.0,28279.98766508648,5.3715738779031605,2.9520625273964147,1249,2.253134586692323,2.23606797749979,3.146689351267401,100.69405924055683,0.13276127800825388
13.5,24291.43382327612,2.2724173500460134,16.070731636569192,15.811388300841896,19.313207915827967,20.97617696340303,28357.742744003564,5.461668214890572,2.96377961311031,1197,2.265130627241472,2.23606797749979,3.146689351267401,100.69405924055683,0.13058974457548897
13.6,24391.771370965216,2.1008095682857113,16.052737561163454,15.7797338380595,19.261360284258224,20.92844953645635,28430.387360826364,5.4227489392926875,2.976165663348579,1216,2.2611277846855606,2.23606797749979,3.146689351267401,100.69405924055683,0.12878040455218048
13.700000000000001,24494.271667344838,1.9823548617556324,16.039825196996347,15.7797338380595,19.261360284258224,20.904544960366874,28480.95323502847,5.011293217386484,2.9892263656833693,1187,2.2811604176358413,2.23606797749979,3.146689351267401,100.69405924055683,0.1279857899450217
13.8,24599.936323155194,1.9741376102317756,16.030007643708434,15.7797338380595,19.261360284258224,20.904544960366874,28493.133829560455,5.15999420645319,3.0021175454041393,1196,2.2658763261294825,2.23606797749979,3.146689351267401,100.69405924055683,0.12872895102797383
13.9,24690.886599861435,2.1848998742207635,16.013533772826175,15.7797338380595,19.235384061671343,20.904544960366874,28536.292558838446,5.261125982254458,3.0157823795179537,1210,2.262306015611226,2.23606797749979,3.146689351267401,100.69405924055683,0.128247348873651
14.0,24789.87079954251,2.1075940954053745,16.00595934469988,15.748015748023622,19.235384061671343,20.8806130178211,28630.57070598026,5.100159525092786,3.0290332456289146,1207,2.2686873374045646,2.23606797749979,3.365233040927996,107.68745730969587,0.12596041355039692
14.1,24886.661790910068,2.099880882030245,15.995064133414715,15.748015748023622,19.235384061671343,20.83266665599966,28621.40522819948,5.5938048590264415,3.041293213926038,1199,2.270241644921207,2.23606797749979,3.365233040927996,107.68745730969587,0.1264056667555444
14.200000000000001,24962.47986351056,2.222185656422726,15.983234453500705,15.748015748023622,19.235384061671343,20.83266665599966,28698.328089424314,5.381782377909156,3.054311296777994,1206,2.2817227074813697,2.23606797749979,3.365233040927996,107.68745730969587,0.12382836432893025
14.3,25048.338851189666,2.028772165524966,15.981413695954496,15.748015748023622,19.209372712298546,20.8806130178211,28694.50453198085,5.327260864668037,3.0655956272560743,1186,2.267809221736129,2.23606797749979,3.146689351267401,100.69405924055683,0.12340299966586957
14.4,25092.932846472744,2.0042544144368972,15.97255095983398,15.684387141358123,19.209372712298546,20.8806130178211,28694.160465127825,5.642814306162883,3.0766909669528824,1217,2.262198722580741,2.23606797749979,3.146689351267401,100.69405924055683,0.1225818241098135
14.5,25160.336437222337,2.1209389881261216,15.971137233628951,15.684387141358123,19.209372712298546,20.8806130178211,28682.179069452803,5.239879300608409,3.0856185621916588,1210,2.2732730654545685,2.23606797749979,3.365233040927996,107.68745730969587,0.12242018040715175
14.6,25278.7945392599,2.0791215945513373,15.974988932289996,15.684387141358123,19.209372712298546,20.8806130178211,28732.234110712518,5.579453791113598,3.097213590765319,1232,2.2565288235085994,2.23606797749979,3.146689351267401,100.69405924055683,0.12053378367276098
14.700000000000001,25354.925645361876,2.197760338262437,15.980109200222655,15.684387141358123,19.235384061671343,20.8806130178211,28751.632684212145,5.689057355672484,3.109126064395215,1212,2.271251553347866,2.23606797749979,3.365233040927996,107.68745730969587,0.11982903834345064
14.8,25415.47061755615,2.3727406594552782,15.990712755742647,15.684387141358123,19.235384061671343,20.904544960366874,28782.197796050776,5.851161745505913,3.1194985087250724,1201,2.26595802346346,2.23606797749979,3.146689351267401,100.69405924055683,0.11925222788708162
14.9,25517.81434585106,2.02314306728783,16.01188033476642,15.748015748023622,19.261360284258224,20.92844953645635,28805.474488101325,5.922526852847722,3.1307006832985516,1242,2.246298892613765,2.23606797749979,3.365233040927996,107.68745730969587,0.11908792639100219
15.0,25585.351298397447,2.234611577836728,16.023042021119128,15.748015748023622,19.261360284258224,20.92844953645635,28851.932840743113,5.141331792093404,3.142266384711154,1238,2.249533847232651,2.23606797749979,3.146689351267401,100.69405924055683,0.1182844889425241
