t,norm,peak,PR,R_rms,r50,r80,r90,Vmem_peak,Vmem_mean,k_star,k_star_L,crystallinity,M1,M2,M3,finite,peak_n_cells_half,peak_r_cells,peak_width_phys,artifact_1_2_cells,N,dx
0.0,1.0,0.8976908359874273,1.238433160436585,0.32559655168924384,0.0,0.0,1.0,0.0,0.0,0.2945243112740431,9.42477796076938,0.9991959775457294,0.0,0.0,0.0,True,1,0.6203504908994001,0.6203504908994001,True,32,1.0
0.1,326.0900582656698,0.9978230852951561,14270.260437072751,16.027403436111044,15.7797338380595,19.28730152198591,20.97617696340303,1.8349063524932236,0.011132704603113783,0.2945243112740431,9.42477796076938,0.9996585858602997,0.14540214467486018,0.0006998675587161796,7.242150548155902e-06,True,1,0.6203504908994001,0.6203504908994001,True,32,1.0
0.2,649.2049431494816,0.9809727762125816,15878.904414868319,16.082611685137806,15.811388300841896,19.339079605813716,21.0,2.6369105702762337,0.03462550496158047,0.2945243112740431,9.42477796076938,0.9996973266538156,0.2957576540067149,0.002148499432067796,2.282317588787255e-05,True,1,0.6203504908994001,0.6203504908994001,True,32,1.0
0.3,961.4993525307125,1.0266327462385092,16224.25983799511,16.0521741326105,15.7797338380595,19.261360284258224,20.97617696340303,2.9659350244882243,0.06263580534817602,0.2945243112740431,9.42477796076938,0.9996703044421876,0.4254060621269572,0.0044557137367635296,4.8624217020450785e-05,True,1,0.6203504908994001,0.6203504908994001,True,32,1.0
0.4,1271.4173230255556,0.9595481971554478,16389.94392556658,16.062359845973173,15.7797338380595,19.261360284258224,20.92844953645635,2.962062137907312,0.09203992123573931,5.203262832508095,166.50441064025904,0.9997043104440245,0.5160976226989787,0.007437850334626281,8.342390986398117e-05,True,1,0.6203504908994001,0.6203504908994001,True,32,1.0
0.5,1575.408805750449,0.9568914998539964,16292.484317254297,16.054775721652955,15.7797338380595,19.261360284258224,20.92844953645635,3.0812891581410145,0.1220408745926621,0.2945243112740431,9.42477796076938,0.9996783091423544,0.5817671887922542,0.010950201170396918,0.00012619185769681827,True,2,0.781592641796772,0.781592641796772,True,32,1.0
0.6,1890.581802235893,0.8165145035316398,16345.514541417442,16.054365239656732,15.7797338380595,19.28730152198591,20.92844953645635,2.9228322225113645,0.1526417263784665,0.2945243112740431,9.42477796076938,0.9997044922576034,0.6302653558862906,0.014883558598598415,0.00017615068345330873,True,35,2.0292075912899805,2.0292075912899805,False,32,1.0
0.7000000000000001,2197.505566467369,0.7847038057973588,16469.98168906849,16.051385872747524,15.7797338380595,19.28730152198591,20.92844953645635,2.7371096758758426,0.1836444727113522,0.2945243112740431,9.42477796076938,0.9997072566293957,0.6723604215136392,0.019422243571005297,0.00023604622138166697,True,87,2.7488025673162646,2.7488025673162646,False,32,1.0
0.8,2505.522506102042,0.8039666054350358,16488.602368035998,16.054576601896695,15.811388300841896,19.261360284258224,20.92844953645635,2.4463633160627545,0.215162963800864,0.2945243112740431,9.42477796076938,0.9997310180080721,0.7018967658398885,0.02417468229336228,0.0003016475971600748,True,152,3.310688545402854,3.310688545402854,False,32,1.0
0.9,2805.033748509999,0.8336958618021499,16479.58984709061,16.05776556598306,15.811388300841896,19.261360284258224,20.92844953645635,2.255058817996838,0.24624905316492057,0.2945243112740431,9.42477796076938,0.9997487581843987,0.7246049051326533,0.02925355338798599,0.00037477522083337843,True,242,3.865825551326594,3.865825551326594,False,32,1.0
1.0,3113.1033936665817,0.971788876697515,16419.448302703113,16.06643616573323,15.811388300841896,19.261360284258224,20.92844953645635,2.570422997044512,0.277963146519986,5.203262832508095,166.50441064025904,0.999798565153008,0.7421791149569253,0.03429016840132402,0.0004508298356515767,True,199,3.6217751870704147,3.6217751870704147,False,32,1.0
1.1,3399.7686706778886,0.9600921554692359,16376.871864555302,16.05383895376574,15.811388300841896,19.261360284258224,20.92844953645635,2.9063562957563103,0.30937623985822904,5.203262832508095,166.50441064025904,0.9998136248096536,0.7644606402644759,0.03998038172876227,0.0005393179655414607,True,333,4.2998358342662,4.2998358342662,False,32,1.0
1.2,3687.353924247848,1.0780505327943248,16368.866574847028,16.035570402253672,15.7797338380595,19.261360284258224,20.904544960366874,2.901000038627893,0.34055931552160545,5.203262832508095,166.50441064025904,0.9998455960413689,0.7805839983025695,0.04582928268867186,0.0006342691507294381,True,280,4.058415182579961,4.058415182579961,False,32,1.0
1.3,3968.070390331858,1.3201124068302446,16429.982012713866,16.033018260654472,15.7797338380595,19.261360284258224,20.904544960366874,3.4791333626996517,0.3712873172968773,5.203262832508095,166.50441064025904,0.9998558602653844,0.796370987941409,0.052139317557539776,0.0007403274985254679,True,150,3.2961038252544337,3.2961038252544337,False,32,1.0
1.4000000000000001,4249.782808242823,1.4035855790018,16481.631686190292,16.045038591868078,15.7797338380595,19.261360284258224,20.904544960366874,4.1611232484574945,0.4019365177091101,5.203262832508095,166.50441064025904,0.9998192041036942,0.8058549577363544,0.05841788490158659,0.0008511528441185896,True,136,3.1901915940108525,3.1901915940108525,False,32,1.0
1.5,4522.759923868202,1.3996439027829823,16579.014718994345,16.032147195433517,15.7797338380595,19.261360284258224,20.8806130178211,4.049738720372556,0.432231935428966,4.81056375080937,153.93804002589985,0.999836709029448,0.8171878547083021,0.065135853101203,0.0009738299721977136,True,170,3.436529718992546,3.436529718992546,False,32,1.0
1.6,4784.738388158545,1.2863971335121693,16703.350699127976,16.03567372821154,15.7797338380595,19.261360284258224,20.904544960366874,3.895774724094217,0.46178862099978657,5.203262832508095,166.50441064025904,0.999870079417941,0.8256775885618663,0.07223457370610152,0.0011084900992734017,True,336,4.312709671069407,4.312709671069407,False,32,1.0
1.7,5050.723993742158,1.3321253994791606,16798.221690791812,16.02838216449353,15.7797338380595,19.235384061671343,20.904544960366874,3.8105824765192624,0.4918874407726257,5.203262832508095,166.50441064025904,0.9999155921805538,0.8331988110347059,0.07908835760230967,0.0012456768012934403,True,363,4.425265567830138,4.425265567830138,False,32,1.0
1.8,5320.866838290043,1.6027824015210064,16801.311324654547,16.03138733630925,15.7797338380595,19.261360284258224,20.904544960366874,4.179351936231528,0.5215168778664856,5.203262832508095,166.50441064025904,0.9999078529728502,0.8326891969685555,0.08528455181595909,0.001378679178242648,True,193,3.58500335609807,3.58500335609807,False,32,1.0
1.9000000000000001,5586.116788471076,1.824485866989202,16812.931784168264,16.02816568857378,15.7797338380595,19.261360284258224,20.904544960366874,4.776756353440439,0.5516689678519411,5.203262832508095,166.50441064025904,0.9998914024627756,0.8378733660931533,0.09164116148805646,0.001519915913115311,True,120,3.059831741945869,3.059831741945869,False,32,1.0
2.0,5870.771659704487,2.219276789658843,16791.761464813597,16.039867026937632,15.7797338380595,19.261360284258224,20.904544960366874,5.672793339775165,0.5826198864183194,5.203262832508095,166.50441064025904,0.9998710341984848,0.839642887644202,0.09718573096998591,0.0016528612416160061,True,52,2.315465128419067,2.315465128419067,False,32,1.0
2.1,6138.103671028908,2.2384407264773496,16980.80464728838,16.04967025122571,15.811388300841896,19.261360284258224,20.97617696340303,6.726322496593043,0.6134679463128365,4.81056375080937,153.93804002589985,0.999855825232968,0.8524154007244411,0.10452523940801971,0.0018222881713030352,True,50,2.285390748670416,2.285390748670416,False,32,1.0
2.2,6406.685581933009,2.243456300261474,17024.771875130325,16.060282549144702,15.811388300841896,19.28730152198591,20.97617696340303,6.616261508048448,0.6441724602694101,4.81056375080937,153.93804002589985,0.9998918903631164,0.8518475668823312,0.11091260084006452,0.0019818963628538883,True,63,2.4684100922353225,2.4684100922353225,False,32,1.0
2.3000000000000003,6669.404191485726,2.2672236361726275,17102.548743783256,16.060109989626294,15.811388300841896,19.261360284258224,20.97617696340303,7.251389447601102,0.6747990801563295,4.81056375080937,153.93804002589985,0.9998819690680707,0.8560304457418001,0.11770723593154955,0.002155324092332263,True,67,2.519583357923003,2.519583357923003,False,32,1.0
2.4,6949.894498812349,2.034228555967073,17082.01604901315,16.04488678085441,15.811388300841896,19.261360284258224,20.92844953645635,7.309756475925133,0.7060599411152128,5.006913291658733,160.22122533307945,0.9998981286131053,0.853869168355533,0.12315170533927824,0.002310367559576651,True,186,3.5411265292993765,3.5411265292993765,False,32,1.0
2.5,7198.032355811524,1.7994540405840742,17237.104931600563,16.0501535942494,15.811388300841896,19.261360284258224,20.92844953645635,6.785186539869842,0.7362721672019221,5.203262832508095,166.50441064025904,0.9998918505864587,0.8647137113008088,0.13093434393420983,0.0025164846513833234,True,437,4.707578917421992,4.707578917421992,False,32,1.0
2.6,7454.015594634615,2.4192590498646647,17470.40422243121,16.053486048958824,15.811388300841896,19.261360284258224,20.97617696340303,6.500463148632033,0.7661413712878041,5.203262832508095,166.50441064025904,0.9998895659775865,0.8705831861320774,0.1390003901271728,0.002736934825625185,True,79,2.6618249652766988,2.6618249652766988,False,32,1.0
2.7,7734.315555596428,2.139802758899523,17569.15891289025,16.050628842089623,15.811388300841896,19.261360284258224,20.92844953645635,7.052338742651918,0.7970921049897749,5.203262832508095,166.50441064025904,0.999868295952328,0.8658434605643309,0.14503707168140617,0.002925637215066258,True,212,3.698983697087839,3.698983697087839,False,32,1.0
2.8000000000000003,7980.0055371553935,2.122069870867548,17648.195998206473,16.06236537024276,15.811388300841896,19.261360284258224,20.97617696340303,6.775646370003786,0.8279334709966404,5.203262832508095,166.50441064025904,0.999838082530614,0.8698442297246775,0.15212592736350777,0.0031431725186505787,True,260,3.959389674965274,3.959389674965274,False,32,1.0
2.9,8216.128422554826,2.7072324674306194,17724.332771265188,16.04733306195976,15.811388300841896,19.261360284258224,20.92844953645635,7.657419486060361,0.8577521080767677,5.203262832508095,166.50441064025904,0.9998339466870843,0.8748429015468158,0.15944675448664836,0.0033740609074436032,True,57,2.3874195660144624,2.3874195660144624,False,32,1.0
3.0,8496.419983136559,2.5177535261458894,17936.644602795128,16.043288149546115,15.811388300841896,19.261360284258224,20.92844953645635,7.683287311598949,0.8880155941866215,5.203262832508095,166.50441064025904,0.9998230610952613,0.8757796888428312,0.1662105194943006,0.003601549009351553,True,105,2.9266237766025056,2.9266237766025056,False,32,1.0
3.1,8717.312904018248,2.348299887331785,18073.077130728434,16.03255389149632,15.811388300841896,19.261360284258224,20.92844953645635,7.410539204788813,0.9176766414433399,5.203262832508095,166.50441064025904,0.9997799689554501,0.8805958072615051,0.17449475628297706,0.003871661770473062,True,171,3.4432548432278574,3.4432548432278574,False,32,1.0
3.2,8970.85858687019,2.8429293289504454,18126.913601497363,16.02779342104977,15.7797338380595,19.261360284258224,20.92844953645635,7.684409479468636,0.946670719085786,5.203262832508095,166.50441064025904,0.9997746504996914,0.8763617591082413,0.1805114563883319,0.004101106736075081,True,60,2.428590063005281,2.428590063005281,False,32,1.0
3.3000000000000003,9200.177691465342,2.794416331200673,18159.973939216692,16.014882067533005,15.7797338380595,19.235384061671343,20.904544960366874,8.738456124411133,0.9756680239843294,5.203262832508095,166.50441064025904,0.9998000594024373,0.8792550192863566,0.18718212858972574,0.004353524516455965,True,91,2.7903001836133603,2.7903001836133603,False,32,1.0
3.4,9427.878118907953,2.384887127165216,18291.47361822447,16.01197390669609,15.7797338380595,19.235384061671343,20.904544960366874,8.45307715102131,1.0042654376542177,5.006913291658733,160.22122533307945,0.9998191180490275,0.8843780819875677,0.19481591307804808,0.004637714792010934,True,233,3.8172954141189295,3.8172954141189295,False,32,1.0
3.5,9663.567737372989,2.6100932343208374,18343.589724049765,16.013495929623637,15.7797338380595,19.235384061671343,20.904544960366874,7.670558131227655,1.0324087062300331,5.006913291658733,160.22122533307945,0.9998156690083467,0.8816687159812198,0.20106928776968933,0.004899282576241399,True,152,3.310688545402854,3.310688545402854,False,32,1.0
3.6,9905.30469455531,2.609888155744326,18454.70368294406,16.01145292084138,15.7797338380595,19.235384061671343,20.904544960366874,7.01655746492602,1.0611198663026626,5.006913291658733,160.22122533307945,0.9998352827741939,0.8824269613001272,0.20758288701054903,0.005176213950593485,True,163,3.3886990302096676,3.3886990302096676,False,32,1.0
3.7,10134.87132299507,2.106956964111353,18592.554763077787,16.015373091319507,15.7797338380595,19.235384061671343,20.904544960366874,7.335355549062334,1.0897267875354149,5.006913291658733,160.22122533307945,0.9998339729365432,0.8859783574559824,0.21482359308838136,0.005480764888218748,True,669,5.425575810304489,5.425575810304489,False,32,1.0
3.8000000000000003,10363.73247956355,2.7450111624802944,18771.35613074745,16.01349786311126,15.7797338380595,19.235384061671343,20.904544960366874,6.623237344931971,1.118183653084051,5.006913291658733,160.22122533307945,0.9998414615123206,0.8879288548696191,0.2224454092650148,0.0058060966627735385,True,139,3.2134784881980667,3.2134784881980667,False,32,1.0
3.9,10573.128363527077,2.249141184303881,18915.756784098176,16.01248119741811,15.7797338380595,19.235384061671343,20.904544960366874,7.09095568331121,1.1459053513400141,5.006913291658733,160.22122533307945,0.999845399386967,0.88984887469669,0.23031834701197157,0.006150388491470202,True,503,4.933552929919692,4.933552929919692,False,32,1.0
4.0,10771.917852473576,2.2639947752458642,18966.60499220181,16.01350154274187,15.7797338380595,19.235384061671343,20.904544960366874,6.447628033381484,1.1725806712710063,5.006913291658733,160.22122533307945,0.9998154639703769,0.888701218493342,0.23728778157793418,0.006483030037609964,True,519,4.985318575978225,4.985318575978225,False,32,1.0
4.1,11002.590522781753,2.399512024698956,18982.899272632385,16.018618102974816,15.7797338380595,19.235384061671343,20.904544960366874,6.482194060088632,1.1991743314296024,5.006913291658733,160.22122533307945,0.9998073240371472,0.8838404948999735,0.24224777752325122,0.006770606273728785,True,404,4.585966929483933,4.585966929483933,False,32,1.0
4.2,11198.164032583047,2.397355612160221,19021.899165474377,16.02152172077735,15.7797338380595,19.235384061671343,20.904544960366874,7.235354133209701,1.2256586107863356,5.006913291658733,160.22122533307945,0.9998012960664374,0.8877038759928637,0.24886929886632864,0.007114170400297926,True,487,4.880677562136555,4.880677562136555,False,32,1.0
4.3,11421.758941542077,2.668627342732349,19220.12280249154,16.022535702427902,15.7797338380595,19.235384061671343,20.904544960366874,7.155272245608013,1.2526397373023401,5.203262832508095,166.50441064025904,0.9998433254126047,0.8905168552631009,0.25618779937185715,0.007489027932267494,True,253,3.92353294795214,3.92353294795214,False,32,1.0
4.4,11627.944589553654,2.35946244550681,19390.085847055252,16.020517653067653,15.7797338380595,19.235384061671343,20.904544960366874,6.970437705848256,1.2791014423146316,5.203262832508095,166.50441064025904,0.9998549598542386,0.8915734051476936,0.26377701332662734,0.007884494784096075,True,540,5.051670902881889,5.051670902881889,False,32,1.0
4.5,11841.024383167627,2.406419126954153,19477.183503351553,16.018831946403115,15.748015748023622,19.235384061671343,20.904544960366874,6.647899035932906,1.3054455775597427,5.203262832508095,166.50441064025904,0.9998696199926898,0.8887910576846829,0.26978845217655195,0.008244577548533008,True,522,4.994905750700238,4.994905750700238,False,32,1.0
4.6000000000000005,12068.80647871053,2.491854843600499,19472.300118300762,16.01522862432379,15.748015748023622,19.235384061671343,20.904544960366874,6.657043714956553,1.3321525558048297,5.203262832508095,166.50441064025904,0.999917932995889,0.882760507139665,0.2737192268319437,0.008549770108150022,True,464,4.802600448448948,4.802600448448948,False,32,1.0
4.7,12270.948537401777,2.1760306165498555,19642.538827595545,16.015644552648357,15.748015748023622,19.235384061671343,20.904544960366874,7.4168987779978135,1.359127584302586,5.203262832508095,166.50441064025904,0.9999261106357692,0.8902634049784404,0.28122834014957077,0.008975560784165486,True,1049,6.303217496125573,6.303217496125573,False,32,1.0
4.8,12467.312180627188,2.5044390043852065,19813.816228129966,16.016064661944906,15.748015748023622,19.235384061671343,20.904544960366874,6.762424739090377,1.3842863628624467,5.203262832508095,166.50441064025904,0.9999581325190626,0.8906646146983508,0.28885547747473894,0.009419245312334266,True,515,4.972478033407518,4.972478033407518,False,32,1.0
4.9,12674.754484216634,2.426803599366311,20007.85567111008,16.016399738196988,15.748015748023622,19.235384061671343,20.904544960366874,6.628753344300995,1.4103161676348313,5.203262832508095,166.50441064025904,0.9999470555408841,0.8915440582837371,0.29625054903720643,0.009868232275593239,True,636,5.334857647699045,5.334857647699045,False,32,1.0
5.0,12893.246909177447,2.457537872872675,20067.068144459474,16.019534228107783,15.748015748023622,19.261360284258224,20.904544960366874,7.152224035268493,1.4368028597408045,5.203262832508095,166.50441064025904,0.9999527064746107,0.8863077757537303,0.3010534771515795,0.010242130141845135,True,650,5.373718542344861,5.373718542344861,False,32,1.0
5.1000000000000005,13081.371714194278,2.6806644816824337,20175.585307855275,16.01394606337763,15.748015748023622,19.261360284258224,20.904544960366874,7.648436256528931,1.4628724983321253,5.203262832508095,166.50441064025904,0.9999467254031861,0.8891178714816167,0.3078678072867959,0.010696072543724238,True,380,4.493295655350236,4.493295655350236,False,32,1.0
5.2,13266.591912252297,2.6766965193090555,20248.67701723339,16.007063428279668,15.748015748023622,19.261360284258224,20.904544960366874,8.76218574624668,1.4876561835738613,5.203262832508095,166.50441064025904,0.9999334802398796,0.8891948691814153,0.31405929321800863,0.011142118815159344,True,382,4.501164840700385,4.501164840700385,False,32,1.0
5.3,13457.971217756643,2.429398777196429,20285.10828914231,16.01047140228638,15.748015748023622,19.235384061671343,20.904544960366874,8.455725216763986,1.5120143869335085,5.203262832508095,166.50441064025904,0.9999319780344051,0.887206473342592,0.3191792134980196,0.011562238391045528,True,747,5.628733205581286,5.628733205581286,False,32,1.0
5.4,13649.992343143094,2.7085304641023225,20381.493018173758,16.024967245298853,15.748015748023622,19.261360284258224,20.904544960366874,7.480284149736039,1.536830116210717,5.203262832508095,166.50441064025904,0.9999221364980998,0.8879829275299254,0.3251160390680461,0.012021772834693528,True,384,4.509006607147306,4.509006607147306,False,32,1.0
5.5,13844.780578414084,2.7719874378537015,20414.966515706226,16.020346163820005,15.684387141358123,19.261360284258224,20.92844953645635,8.598911632547262,1.561242313439252,5.203262832508095,166.50441064025904,0.9999151584560293,0.8854476944132647,0.329808106693509,0.012445492364920277,True,376,4.477474060769193,4.477474060769193,False,32,1.0
5.6000000000000005,14038.013194625451,2.6797046600669225,20520.378086859277,16.011696756721733,15.684387141358123,19.261360284258224,20.92844953645635,8.548693177620438,1.5858248227254743,5.399612373357457,172.78759594743863,0.9999481590118425,0.8856661081515294,0.33559575936263086,0.012921862295905733,True,462,4.795690222432051,4.795690222432051,False,32,1.0
5.7,14216.033554779602,2.5596385620643574,20620.69992453634,16.013730056617586,15.684387141358123,19.261360284258224,20.92844953645635,7.161114676981044,1.6096980851204856,5.399612373357457,172.78759594743863,0.9999335602304458,0.8858087348430141,0.34184051921765723,0.013429849791850943,True,648,5.368201373637897,5.368201373637897,False,32,1.0
5.8,14391.80545232962,2.6359970862746325,20630.81688645155,16.010191307752383,15.684387141358123,19.235384061671343,20.92844953645635,7.642410323796169,1.63337199267789,5.399612373357457,172.78759594743863,0.9999184309102593,0.8825066625735964,0.34652634420178163,0.013889390096167402,True,612,5.266890276729509,5.266890276729509,False,32,1.0
5.9,14578.38694085793,2.7082255918574614,20817.0970466394,16.014358196433047,15.684387141358123,19.261360284258224,20.904544960366874,8.26640581476994,1.6567599282950636,5.399612373357457,172.78759594743863,0.9999374480331912,0.8854966980475191,0.353525731844897,0.014454240352798721,True,520,4.988518396225169,4.988518396225169,False,32,1.0
6.0,14781.593268411187,2.755431582322847,20912.32631814804,16.005796278753035,15.684387141358123,19.235384061671343,20.904544960366874,7.991461337419758,1.680919931741584,5.399612373357457,172.78759594743863,0.9999021710002975,0.8810372338121227,0.35809126869375774,0.014931489937484407,True,461,4.792227629009852,4.792227629009852,False,32,1.0
6.1000000000000005,14976.064888589926,2.5045110551538645,20938.076700952373,16.010283307465084,15.684387141358123,19.235384061671343,20.904544960366874,8.056638645243288,1.7058072600464538,5.399612373357457,172.78759594743863,0.9999063123377907,0.8780085860304936,0.3618378925269249,0.015383123508748106,True,950,6.098340441726018,6.098340441726018,False,32,1.0
6.2,15147.737903669142,2.4688522056040543,21003.9415381425,16.008914546601126,15.684387141358123,19.235384061671343,20.904544960366874,8.308833352983598,1.7296915491455156,5.399612373357457,172.78759594743863,0.9999194523037496,0.8803644050252595,0.3672924692167492,0.01591706722096761,True,1020,6.244588920261002,6.244588920261002,False,32,1.0
6.3,15327.931330444986,2.55128954465724,21140.448758568953,16.014951122208195,15.748015748023622,19.235384061671343,20.904544960366874,7.910512100074001,1.7529511173194186,5.399612373357457,172.78759594743863,0.9999142261309726,0.880947399410252,0.3734805385122107,0.016495105395797516,True,876,5.93569848861679,5.93569848861679,False,32,1.0
6.4,15493.198157982311,2.7481831796411873,21199.09213216939,16.016897264159127,15.748015748023622,19.235384061671343,20.92844953645635,7.2699663634956035,1.7761078910082688,5.399612373357457,172.78759594743863,0.9999295951526701,0.8789501410114563,0.3789119583764634,0.01705311774492997,True,614,5.27262139145418,5.27262139145418,False,32,1.0
6.5,15666.76846619125,3.0351659788256327,21234.647749538657,16.026787296572444,15.7797338380595,19.235384061671343,20.92844953645635,7.674751002371017,1.7987802758750597,5.399612373357457,172.78759594743863,0.9999281442225257,0.8771757928677278,0.3833726525795631,0.01758032991884957,True,330,4.286884443060056,4.286884443060056,False,32,1.0
6.6000000000000005,15821.373934311287,2.3107145786156518,21273.182390901242,16.030720764341382,15.7797338380595,19.235384061671343,20.92844953645635,7.456941844670376,1.8208020946838417,5.399612373357457,172.78759594743863,0.9999228967982539,0.876752286841771,0.3886277703158803,0.018157264446923504,True,1666,7.35408755182371,7.35408755182371,False,32,1.0
6.7,15982.041832793147,2.885452446514795,21375.131601408924,16.034131906067635,15.7797338380595,19.235384061671343,20.92844953645635,6.9199245568662375,1.8416543510924561,5.399612373357457,172.78759594743863,0.9998966655903218,0.8765574959008524,0.3945464699388468,0.018780237175718122,True,461,4.792227629009852,4.792227629009852,False,32,1.0
6.8,16144.324334153887,2.9000184250982004,21473.174422003794,16.029326922110563,15.7797338380595,19.235384061671343,20.92844953645635,7.0382413797098655,1.8630227604677247,5.399612373357457,172.78759594743863,0.9998990327551945,0.8751088871159397,0.40018487922497525,0.019403881941088847,True,478,4.850424651192556,4.850424651192556,False,32,1.0
6.9,16310.914302882156,2.6109143765539566,21530.415524877124,16.032809471633673,15.7797338380595,19.235384061671343,20.97617696340303,7.190598965373127,1.8837729851705833,5.399612373357457,172.78759594743863,0.9999311450200928,0.8707580686710676,0.40470601156013186,0.019986778614137363,True,940,6.076867234199315,6.076867234199315,False,32,1.0
7.0,16492.445038060836,2.7038207973755743,21632.67487712638,16.039701715132168,15.7797338380595,19.261360284258224,20.97617696340303,6.939087916204207,1.9066626290119126,5.399612373357457,172.78759594743863,0.9999636677496225,0.8703879140561896,0.4093277843808501,0.020583567188794692,True,801,5.761222333793881,5.761222333793881,False,32,1.0
7.1000000000000005,16617.476530375356,2.5112863131947756,21683.76611624202,16.04736726773501,15.7797338380595,19.28730152198591,20.97617696340303,8.100107673452095,1.9276681239886624,5.399612373357457,172.78759594743863,0.9999494533138095,0.8722887720767079,0.41564631439543587,0.021280255022628747,True,1266,6.710914392512576,6.710914392512576,False,32,1.0
7.2,16773.87316275829,2.7157003847865027,21832.956583569718,16.052269908701255,15.7797338380595,19.313207915827967,20.92844953645635,7.281287863960662,1.947134914873882,5.399612373357457,172.78759594743863,0.9999406394112604,0.8717737263619723,0.42207195943332254,0.022000641570749643,True,796,5.749209741947898,5.749209741947898,False,32,1.0
7.3,16928.560890757464,2.9551324314864673,21908.347435078642,16.056063364926832,15.7797338380595,19.313207915827967,20.92844953645635,7.287947753228119,1.9671634626796441,5.399612373357457,172.78759594743863,0.9999416779732201,0.8682032630856764,0.4270079342126935,0.022658886063108615,True,469,4.819789572965278,4.819789572965278,False,32,1.0
7.4,17110.232470550185,2.618743715218642,21999.35321299894,16.063989389101955,15.7797338380595,19.339079605813716,20.92844953645635,7.8058709476389945,1.9889085846580885,5.399612373357457,172.78759594743863,0.9999808699101537,0.8667304527010709,0.43084056578867536,0.023268879649464103,True,1054,6.313216271604256,6.313216271604256,False,32,1.0
7.5,17259.912888378192,2.8711305227522574,22146.82321540578,16.063283445952766,15.7797338380595,19.339079605813716,20.92844953645635,7.0308795284303764,2.0095079243330822,5.399612373357457,172.78759594743863,0.9999634160398895,0.8672728209872598,0.4373077749255254,0.024034583129020234,True,594,5.214739422874486,5.214739422874486,False,32,1.0
7.6000000000000005,17413.744681796747,2.7966411285174058,22233.710555225483,16.058922705119922,15.811388300841896,19.313207915827967,20.904544960366874,7.218665222161348,2.0302412603872932,5.399612373357457,172.78759594743863,0.9999522402434896,0.8663665755475493,0.4422876263297682,0.02473289998218218,True,739,5.608567396511082,5.608567396511082,False,32,1.0
7.7,17587.313293704683,2.896387072484257,22341.698965645213,16.05204944776302,15.811388300841896,19.313207915827967,20.904544960366874,7.645257491944106,2.0518206425737855,5.399612373357457,172.78759594743863,0.9999163010248877,0.8651477518193597,0.44665760387443926,0.025407682936624043,True,621,5.292582831010538,5.292582831010538,False,32,1.0
7.8,17722.70848483494,2.7548747650394594,22376.096094516557,16.04908670892571,15.811388300841896,19.313207915827967,20.904544960366874,7.551400690770389,2.0718240887781514,5.399612373357457,172.78759594743863,0.9998982742932012,0.8646641832292408,0.45139105697159015,0.026115652353708673,True,838,5.848598426901601,5.848598426901601,False,32,1.0
7.9,17878.161125461305,3.138281726831598,22446.885290594906,16.038090771282032,15.84297951775486,19.313207915827967,20.904544960366874,8.26119952218999,2.0910535478664984,5.399612373357457,172.78759594743863,0.9999628711295682,0.8636068606774551,0.45573637430334496,0.02681250628927807,True,372,4.4615398546054585,4.4615398546054585,False,32,1.0
8.0,18012.30664301013,2.6954514024153777,22530.342464356898,16.03068673970483,15.84297951775486,19.28730152198591,20.83266665599966,8.831186270947542,2.1105195125382457,5.399612373357457,172.78759594743863,0.9999800072185399,0.8644241584337339,0.4613471356701092,0.027595950305888267,True,1019,6.2425475376636745,6.2425475376636745,False,32,1.0
0.0,1.0,1.4037544394662325,1.4497844016371462,0.585601962455726,0.6666666666666643,0.6666666666666679,0.9428090415820625,0.0,0.0,0.2945243112740431,9.42477796076938,0.9998339345310481,0.0,0.0,0.0,True,1,0.6203504908994001,0.413566993932933,True,48,0.6666666666666661
0.1,326.30128780483767,2.073029235074353,13703.259535575839,15.982913468867878,15.733898294941262,19.24115958621575,20.891252821323196,3.303934146865645,0.011134839068081747,0.6872233929727672,21.991148575128552,0.9999960471762802,0.14122885095199092,0.0006641546398589112,6.863582509615496e-06,True,1,0.6203504908994001,0.413566993932933,True,48,0.6666666666666661
0.2,644.1923019150491,2.9470107398491576,14918.673993421147,16.00493154045591,15.74801574802362,19.252705437591537,20.92313976863362,6.635000977183999,0.03455251638233513,0.6872233929727672,21.991148575128552,0.9999997789072346,0.29911275388833763,0.0021594464841079657,2.2926797919344835e-05,True,1,0.6203504908994001,0.413566993932933,True,48,0.6666666666666661
0.3,966.1265188965334,2.7809064111736816,15819.719685045877,16.014128901993022,15.748015748023622,19.264244369066517,20.891252821323196,8.29910110322486,0.0626215509377541,0.6872233929727672,21.991148575128552,0.9999974156474505,0.4154928763604582,0.004367247180914609,4.7681270876471914e-05,True,1,0.6203504908994001,0.413566993932933,True,48,0.6666666666666661
0.4,1282.501458086984,1.90410285595244,16230.909226317557,16.00590172173936,15.748015748023622,19.24115958621575,20.869967789998036,7.952073136442101,0.09260296648158013,0.6872233929727672,21.991148575128552,0.999996789507995,0.4956469877444953,0.007078187630345457,7.943801603507632e-05,True,1,0.6203504908994001,0.413566993932933,True,48,0.6666666666666661
0.5,1595.920583330894,1.4391965331911112,16360.044490738843,15.990802097726682,15.733898294941262,19.194906731850626,20.859317129549353,6.224035499014983,0.12321960485131604,7.755806863549802,248.18581963359367,0.9999993171057414,0.5492524007993997,0.010129630118274087,0.00011681370874126765,True,1,0.6203504908994001,0.413566993932933,True,48,0.6666666666666661
0.6,1905.2429462129437,1.3129120385551207,16326.720985269978,15.990139584414186,15.73389829494126,19.206480387850576,20.859317129549353,5.236508001610928,0.15410395073995228,0.2945243112740431,9.42477796076938,0.9999964376393304,0.589034726480097,0.013515100062059261,0.00016008678913153723,True,3,0.8947002289396495,0.5964668192930992,False,48,0.6666666666666661
0.7000000000000001,2214.957193635207,1.0349304743072087,16458.43186909743,16.005532529709008,15.74801574802362,19.241159586215748,20.86996778999804,4.5090496285492945,0.18531713831044083,0.2945243112740431,9.42477796076938,0.9999963908976576,0.6245588286140669,0.017378631653122277,0.00021141293147790437,True,46,2.2227455057007925,1.4818303371338604,False,48,0.6666666666666661
0.8,2523.3692142295076,0.9196350714942448,16451.724908129112,16.0077459656001,15.748015748023622,19.252705437591533,20.8806130178211,3.1807211520913707,0.21676183071476401,0.2945243112740431,9.42477796076938,0.9999995847283979,0.6477794700681516,0.021402185526719474,0.00026738910961878674,True,282,4.068055159847722,2.7120367732318122,False,48,0.6666666666666661
0.9,2826.4329851181533,0.929593448055424,16487.445909785394,16.00036025166032,15.748015748023622,19.241159586215748,20.8806130178211,2.3470532243811832,0.24842408924669274,0.2945243112740431,9.42477796076938,0.9999990329036873,0.6707748279740401,0.02582339766836266,0.0003312852508594699,True,490,4.890678978553199,3.2604526523687962,False,48,0.6666666666666661
1.0,3123.0119595347574,1.2015122335901216,16441.000356647204,15.998055460152404,15.748015748023622,19.241159586215748,20.880613017821098,2.4658520769109917,0.2796351758100144,7.9521564043991635,254.46900494077323,0.9999990960415496,0.6861131725581203,0.03040874387530017,0.00040061380432747417,True,206,3.6637531402741406,2.4425020935160915,False,48,0.6666666666666661
1.1,3411.577942680347,1.1878237717874167,16425.183037176117,16.00005745844839,15.776212754932308,19.252705437591533,20.86996778999804,2.7438634196399208,0.3107964985253091,7.166758241001715,229.3362637120549,0.9999997196759198,0.7026058922481542,0.035352658086356514,0.0004782633292717152,True,393,4.543961541733277,3.029307694488849,False,48,0.6666666666666661
1.2,3715.3460869632404,1.4295391760476208,16514.95148085978,16.00213944608198,15.748015748023624,19.241159586215748,20.869967789998036,3.3801982835875735,0.34220571546880696,0.2945243112740431,9.42477796076938,0.9999973632034554,0.7118205411888465,0.04033074715429508,0.0005602737740317157,True,193,3.58500335609807,2.3900022373987113,False,48,0.6666666666666661
1.3,3999.732413548709,1.4902204506730954,16553.328584071063,15.996855413793321,15.748015748023622,19.241159586215748,20.869967789998036,3.9219769731649934,0.37362000585542154,0.2945243112740431,9.42477796076938,0.9999962999130159,0.7239402513349391,0.04573143851742965,0.000652316225568774,True,208,3.6755717806481094,2.4503811870987375,False,48,0.6666666666666661
1.4000000000000001,4284.4040344782,1.4298086778156913,16507.32876471342,15.999093598545072,15.748015748023622,19.241159586215748,20.869967789998036,3.950686569713336,0.4048706269223888,0.2945243112740431,9.42477796076938,0.999993912270093,0.7301854190038225,0.050954649181870315,0.000746233371757997,True,440,4.718326851800821,3.145551234533878,False,48,0.6666666666666661
1.5,4565.559364803301,1.6909914350051076,16552.111636320147,16.00202267749345,15.748015748023622,19.241159586215748,20.869967789998036,3.9747313925180645,0.4360016083436346,0.2945243112740431,9.42477796076938,0.9999943909767716,0.7409718141160103,0.05660543159775092,0.0008509554215748718,True,227,3.784243578383727,2.522829052255816,False,48,0.6666666666666661
1.6,4851.888718517476,1.5854598630569006,16586.927754485685,16.006338283448585,15.748015748023622,19.252705437591533,20.912516188477493,3.9048580132733504,0.4669874732044321,7.755806863549802,248.18581963359367,0.999993509173034,0.7450656178208082,0.062144819429770924,0.0009588847257133933,True,479,4.85380473915141,3.235869826100937,False,48,0.6666666666666661
1.7,5137.203457178,1.5770382825860347,16659.213134004953,16.01019932739111,15.748015748023622,19.252705437591537,20.912516188477493,4.141089860218158,0.4984192617303741,7.755806863549802,248.18581963359367,0.9999970842702448,0.7502264901896206,0.06788445193768093,0.0010750039032581267,True,580,5.173444504250547,3.448963002833695,False,48,0.6666666666666661
1.8,5416.063917163443,1.7068690635961528,16726.389696785347,16.01126508831575,15.748015748023622,19.252705437591533,20.912516188477493,3.847705431817657,0.5298526639834127,7.9521564043991635,254.46900494077323,0.9999960505095259,0.7557020414394651,0.07378797958479212,0.001199150488081598,True,550,5.082663524214308,3.388442349476202,False,48,0.6666666666666661
1.9000000000000001,5692.878963780818,2.071677681813419,16809.21438035919,16.004167968435986,15.748015748023622,19.252705437591533,20.891252821323196,4.443831983857898,0.5612475246182216,7.755806863549802,248.18581963359367,0.9999927125320559,0.7612637050382786,0.07984269342620604,0.001331377075412015,True,192,3.578800915758598,2.3858672771723968,False,48,0.6666666666666661
2.0,5953.729419339195,1.7124780014894183,16870.78960856863,16.001558187249145,15.748015748023622,19.24115958621575,20.891252821323196,4.419713205786655,0.5919806795291856,7.755806863549802,248.18581963359367,0.9999901639110316,0.7678369815475161,0.0862567980711648,0.0014756195890167694,True,753,5.643763272138857,3.762508848092568,False,48,0.6666666666666661
2.1,6229.447974208738,1.7514481503763204,16971.780413283846,15.995594034702759,15.748015748023622,19.241159586215748,20.8806130178211,4.857899334720435,0.622743870875975,7.755806863549802,248.18581963359367,0.9999854049529739,0.7697432824612692,0.09244690251112216,0.0016223013765286121,True,843,5.8602074260552754,3.9068049507035134,False,48,0.6666666666666661
2.2,6487.115185529241,2.014171109741798,16987.759927952284,15.990959742131524,15.74801574802362,19.241159586215748,20.869967789998036,5.266889671141781,0.6532231818866728,7.755806863549802,248.18581963359367,0.9999852804932573,0.7722069551940892,0.0986452007570166,0.00177562302760801,True,511,4.959570829259159,3.3063805528394368,False,48,0.6666666666666661
2.3000000000000003,6764.236941645434,1.9407265666696476,17034.29858819267,15.991486666661517,15.74801574802362,19.241159586215748,20.869967789998036,5.6687892748436655,0.6839642714066206,7.755806863549802,248.18581963359367,0.9999772924726998,0.7728019547886683,0.10435812822117892,0.0019263695405110312,True,732,5.590802584393159,3.7272017229287693,False,48,0.6666666666666661
2.4,7014.8234644453905,1.9428819429800372,17132.3599152175,15.99185288632219,15.74801574802362,19.241159586215748,20.869967789998036,5.758085557310524,0.7145324786279147,7.755806863549802,248.18581963359367,0.9999761917422093,0.7790863736750979,0.11116074180575179,0.0021038490961092287,True,861,5.901623693717832,3.934415795811885,False,48,0.6666666666666661
2.5,7277.495184477173,2.134678361506529,17244.6471831888,15.993428036514944,15.74801574802362,19.241159586215748,20.869967789998036,5.343426261760754,0.7445588777916679,7.755806863549802,248.18581963359367,0.9999707560171306,0.7807675796264871,0.11764230585783844,0.0022825907096438816,True,582,5.1793841702067915,3.452922780137858,False,48,0.6666666666666661
2.6,7527.458629300792,2.278102436807893,17292.551381359226,15.989917095197754,15.733898294941264,19.241159586215748,20.869967789998036,6.33677576586153,0.774684650654577,7.755806863549802,248.18581963359367,0.9999688328935712,0.7814840702323942,0.1240092877632762,0.0024666294582899777,True,476,4.843650306271898,3.2291002041812624,False,48,0.6666666666666661
2.7,7781.887237499961,2.277335351920807,17400.88472967808,15.989434609557604,15.733898294941264,19.241159586215748,20.859317129549353,5.4985730415006735,0.8047672274031781,7.755806863549802,248.18581963359367,0.9999711825955457,0.7851736920868696,0.13060540061241752,0.002662602006345242,True,567,5.134499901516753,3.4229999343444986,False,48,0.6666666666666661
2.8000000000000003,8036.806010582849,2.5495907876658235,17469.34446512137,15.988828899341392,15.733898294941262,19.206480387850576,20.859317129549353,5.801838437690796,0.8348437854067309,7.755806863549802,248.18581963359367,0.9999708629602523,0.7853449817295718,0.13686599918364376,0.0028590154510711955,True,303,4.166627472806216,2.7777516485374747,False,48,0.6666666666666661
2.9,8279.392599977919,2.202963062187816,17550.24581027426,15.990520175877997,15.748015748023619,19.206480387850576,20.859317129549353,5.961164815062616,0.8646015496130891,7.755806863549802,248.18581963359367,0.9999805503953719,0.7881383932817333,0.143551075991655,0.00307223081414867,True,901,5.99163561890939,3.99442374593959,False,48,0.6666666666666661
3.0,8542.714632938276,2.364628982299752,17662.788000659624,15.991161731059194,15.733898294941264,19.20648038785058,20.869967789998036,5.817852396181037,0.8945461918642744,8.148505945248527,260.75219024795285,0.9999913260921377,0.7881209553526364,0.14969807972225363,0.003281884637503826,True,653,5.381973115292776,3.5879820768618473,False,48,0.6666666666666661
3.1,8789.34129393028,2.492367955371536,17770.08546891663,15.990185706157188,15.733898294941262,19.20648038785058,20.859317129549353,5.720635758289857,0.924547319801355,8.148505945248527,260.75219024795285,0.9999961428761724,0.7901556543950732,0.1563533653134616,0.0035104894833341395,True,575,5.158535359611894,3.439023573074593,False,48,0.6666666666666661
3.2,9030.670385652955,2.3214335385762737,17762.909329942962,15.989558918307102,15.733898294941262,19.206480387850576,20.869967789998036,5.757701146080102,0.9538941473371525,8.148505945248527,260.75219024795285,0.9999956915702363,0.7875570541056146,0.16207222565815557,0.003726132474017848,True,951,6.100479459944824,4.06698630662988,False,48,0.6666666666666661
3.3000000000000003,9274.36636109096,2.7375834810902457,17958.53562233144,15.989418408632988,15.733898294941262,19.206480387850576,20.869967789998036,6.163110742423302,0.9834395561165464,8.148505945248527,260.75219024795285,0.9999910574869972,0.793268610898303,0.16946818009727563,0.003988865723134782,True,336,4.312709671069407,2.8751397807129355,False,48,0.6666666666666661
3.4,9511.454018788845,2.3530251698829563,18109.8041094297,15.9928202960894,15.733898294941264,19.241159586215748,20.869967789998036,6.218026501985623,1.0126568033834096,8.148505945248527,260.75219024795285,0.9999931770992523,0.7949443021695088,0.1766136147721899,0.004255637360807637,True,1019,6.2425475376636745,4.161698358442446,False,48,0.6666666666666661
3.5,9742.273807578,2.7137319673091596,18138.338861626344,15.987791078238997,15.748015748023619,19.241159586215748,20.8806130178211,6.113704659253324,1.0413527769496207,7.755806863549802,248.18581963359367,0.9999919987169604,0.7924051088913882,0.1826921268208723,0.004505894109803368,True,466,4.809490845915606,3.2063272306104014,False,48,0.6666666666666661
3.6,9979.157758673568,2.245184497794758,18135.256777993887,15.984201109481067,15.733898294941262,19.20648038785058,20.8806130178211,6.625077688567745,1.0697849624839004,7.755806863549802,248.18581963359367,0.9999938571415691,0.790124417415618,0.18810528241020272,0.0047476654131557595,True,1713,7.4226033146340935,4.948402209756058,False,48,0.6666666666666661
3.7,10207.074369870965,2.6012983526688114,18233.000054421173,15.99069741823285,15.733898294941262,19.20648038785058,20.8806130178211,6.24992687442992,1.0985347602544715,7.755806863549802,248.18581963359367,0.999996524539546,0.793612076681261,0.19477999485018574,0.0050298557869729935,True,786,5.725032796342517,3.816688530895008,False,48,0.6666666666666661
3.8000000000000003,10434.265699906522,2.3612363792086057,18313.739216701968,15.993588731309103,15.733898294941262,19.241159586215748,20.869967789998036,6.376544089813584,1.1266039337746676,7.755806863549802,248.18581963359367,0.9999993027932451,0.7933651629521219,0.20115625614653382,0.005314311672202904,True,1523,7.137351707243764,4.758234471495839,False,48,0.6666666666666661
3.9,10657.474630472378,2.65044723741793,18504.837907242378,15.99304848719823,15.748015748023619,19.241159586215748,20.869967789998036,6.5357966709763,1.1543029710172414,7.755806863549802,248.18581963359367,0.9999984747881102,0.7964704547931823,0.20880255109604898,0.005642882185333826,True,761,5.66367967282762,3.7757864485517434,False,48,0.6666666666666661
4.0,10884.006295048017,2.52734076382344,18546.10587783629,15.997991327175827,15.74801574802362,19.24115958621575,20.8806130178211,6.840549720457044,1.1824277852365968,7.755806863549802,248.18581963359367,0.9999984610534973,0.7935131627455685,0.21457311145074026,0.0059304761087036525,True,1198,6.588543276407246,4.3923621842714935,False,48,0.6666666666666661
4.1,11112.363709394658,2.6437299945102697,18627.812219739124,15.994621060857643,15.74801574802362,19.241159586215748,20.8806130178211,5.592952843029055,1.2106534186267486,7.755806863549802,248.18581963359367,0.9999975774760975,0.7937397868477929,0.22063373253344154,0.00623515537070589,True,1045,6.295195575277167,4.196797050184774,False,48,0.6666666666666661
4.2,11322.59069371128,2.5241535367494654,18650.176450129828,15.992003110811817,15.74801574802362,19.229606802474606,20.8806130178211,5.97065184673811,1.238092412390692,7.755806863549802,248.18581963359367,0.9999990348610919,0.7927862028240108,0.2265437717910681,0.00654548380478926,True,1454,7.0278950231210295,4.685263348747349,False,48,0.6666666666666661
4.3,11527.656424851733,2.7314865629723943,18791.8733881224,15.99624444727465,15.74801574802362,19.206480387850576,20.8806130178211,6.594664426127169,1.2647913817046954,7.755806863549802,248.18581963359367,0.9999975372974548,0.7965361931529197,0.23399992801642985,0.0069108373074210985,True,924,6.042191060017167,4.028127373344774,False,48,0.6666666666666661
4.4,11758.877072114605,2.7988350059539497,18844.229753057378,15.99982522200225,15.748015748023622,19.241159586215748,20.8806130178211,6.06735754936847,1.2915176939527055,7.755806863549802,248.18581963359367,0.9999968070875552,0.7917231924801578,0.2391602698141665,0.007219020844416617,True,879,5.942466679757778,3.961644453171848,False,48,0.6666666666666661
4.5,11955.711409671887,2.787552668365894,18843.426439922783,16.001803039289744,15.748015748023622,19.241159586215748,20.880613017821098,6.66707456573472,1.3186042581569766,7.755806863549802,248.18581963359367,0.9999983592738656,0.7913660074141373,0.24493488418457415,0.00755453335572108,True,1002,6.207637824879416,4.138425216586274,False,48,0.6666666666666661
4.6000000000000005,12160.078641464297,2.988395264719686,18999.238561265356,16.00200513687304,15.748015748023622,19.241159586215748,20.8806130178211,6.75044149042591,1.3446326334370144,8.148505945248527,260.75219024795285,0.9999989057879027,0.7958173577264932,0.2523338170151305,0.007950644093435516,True,631,5.320840616084194,3.5472270773894596,False,48,0.6666666666666661
4.7,12374.969736805606,3.0292882971562083,19069.695640112022,16.00189118359556,15.74801574802362,19.241159586215748,20.86996778999804,7.4024311269933865,1.3706098316825153,8.148505945248527,260.75219024795285,0.9999978229347077,0.7919621424403096,0.2580005161340413,0.008304506407185136,True,633,5.326456283171497,3.5509708554476616,False,48,0.6666666666666661
4.8,12572.157323566063,2.8113512009554595,19153.601359822293,15.99926533524253,15.733898294941264,19.20648038785058,20.859317129549353,7.319299442271284,1.3967751136005877,8.148505945248527,260.75219024795285,0.9999996573423758,0.7918037412074921,0.26442455201440523,0.008694207993941043,True,1141,6.482348043918627,4.321565362612414,False,48,0.6666666666666661
4.9,12773.697673047049,2.848633000346969,19193.217737102805,16.002094366839323,15.74801574802362,19.24115958621575,20.859317129549353,6.644050411448917,1.422488143919327,8.148505945248527,260.75219024795285,0.9999996624420591,0.7904328142102924,0.2699125956795622,0.009063968038519754,True,1144,6.488024358591253,4.325349572394165,False,48,0.6666666666666661
5.0,12991.885500390954,2.6000497336865314,19417.848978593738,16.00704282937261,15.748015748023622,19.252705437591533,20.859317129549353,7.364587813453082,1.4487486244329513,8.148505945248527,260.75219024795285,0.9999992983419956,0.7929902337391226,0.27722851886763733,0.009506141320846227,True,2008,7.826333789007012,5.217555859338003,False,48,0.6666666666666661
5.1000000000000005,13212.104736911331,3.0787447928729925,19430.01771365014,16.011854180083144,15.748015748023622,19.252705437591537,20.8806130178211,6.1574880552672155,1.4758293818535477,8.148505945248527,260.75219024795285,0.999999424922071,0.7875602700340091,0.28135238095964155,0.009849246595012084,True,720,5.560083268891276,3.7067221792608476,False,48,0.6666666666666661
5.2,13390.780940168312,2.794334737507027,19424.048928284024,16.020058251952637,15.748015748023624,19.264244369066517,20.912516188477493,5.815090252060867,1.5012940442773466,8.148505945248527,260.75219024795285,0.999998436487515,0.7873809607916398,0.2867877538497312,0.010248338631836267,True,1591,7.242033400196125,4.828022266797412,False,48,0.6666666666666661
5.3,13590.60625675971,2.7206156729190236,19476.791806472465,16.02270400393075,15.790292376436014,19.252705437591537,20.912516188477497,6.241288629278398,1.5264441610610577,8.148505945248527,260.75219024795285,0.9999987832717647,0.7868928536484685,0.29204742979597936,0.010651113991304214,True,1947,7.7462667349868255,5.164177823324546,False,48,0.6666666666666661
5.4,13771.331711771512,3.173508773365452,19516.91833123847,16.027811896553434,15.790292376436012,19.26424436906652,20.912516188477497,6.423771474804232,1.5505297628401726,8.148505945248527,260.75219024795285,0.9999956611138309,0.7867208699861142,0.2978154548720581,0.01108292289738002,True,760,5.661197779576941,3.7741318530512906,False,48,0.6666666666666661
5.5,13961.47287075159,2.8011837547016496,19595.456893468352,16.030790351552337,15.790292376436012,19.275776393067947,20.923139768633618,6.308883028657956,1.5749028429509464,8.148505945248527,260.75219024795285,0.9999915940559946,0.7852867706700539,0.3036101237275653,0.011527708194258525,True,1817,7.569876124894943,5.046584083263291,False,48,0.6666666666666661
5.6000000000000005,14142.862828687834,3.2103489384792785,19577.114454219227,16.033149294679387,15.776212754932308,19.28730152198591,20.923139768633618,6.331629186564519,1.5989999302253144,8.148505945248527,260.75219024795285,0.9999934396904613,0.7819565129823542,0.30813819309585966,0.011935000404934426,True,816,5.796962840557109,3.8646418937047358,False,48,0.6666666666666661
5.7,14327.286881763532,3.608977557555387,19698.51375083942,16.03753748151132,15.790292376436012,19.28730152198591,20.923139768633618,6.8473641350139385,1.6227242745746575,8.148505945248527,260.75219024795285,0.9999933152710352,0.783906627144933,0.3145716765140472,0.01242774169301521,True,355,4.392514946146356,2.9283432974309016,False,48,0.6666666666666661
5.8,14500.447643918642,3.2629224716213385,19779.765528225664,16.036888591540887,15.776212754932308,19.28730152198591,20.92313976863362,7.142465154462169,1.6458888969525385,8.148505945248527,260.75219024795285,0.9999969802385923,0.7815550605414282,0.3206649766883115,0.012921678136460026,True,798,5.754020798370341,3.836013865580224,False,48,0.6666666666666661
5.9,14676.63411266449,3.0483754848852334,19827.40115105989,16.03742442422716,15.748015748023622,19.2988197681735,20.933757957476775,6.475564273308636,1.6691838630803528,8.148505945248527,260.75219024795285,0.9999983705767477,0.7803377021854336,0.32594703364982064,0.013395062625542629,True,1377,6.901578683490687,4.6010524556604535,False,48,0.6666666666666661
6.0,14858.764787451644,3.246296102366289,19843.387888092933,16.04008381757845,15.77621275493231,19.298819768173505,20.933757957476775,7.36519592201975,1.6924206945653013,8.148505945248527,260.75219024795285,0.9999965331567867,0.7773834192955638,0.3303064299214553,0.013841379105505577,True,918,6.029084313737928,4.019389542491949,False,48,0.6666666666666661
6.1000000000000005,15043.646871808322,2.890197739284456,19964.737826890403,16.04157040783105,15.790292376436014,19.298819768173505,20.933757957476775,6.456128680311089,1.7159572997843844,8.148505945248527,260.75219024795285,0.9999963893682301,0.7785031578607362,0.33619282934521416,0.014362627558512038,True,1961,7.7647890487634355,5.176526032508952,False,48,0.6666666666666661
6.2,15199.393149702157,3.0548516482279684,19990.6523998392,16.03889324633034,15.790292376436012,19.2988197681735,20.933757957476775,6.396943859300183,1.7386323998782716,8.148505945248527,260.75219024795285,0.9999952479639068,0.7762925977615571,0.34164164658631807,0.014878048006496775,True,1541,7.165359914580756,4.776906609720499,False,48,0.6666666666666661
6.3,15377.981677573194,2.912911552820606,20002.43548474952,16.035855886854623,15.748015748023622,19.2988197681735,20.933757957476775,6.232714743942479,1.7608560269746178,8.148505945248527,260.75219024795285,0.9999977742791193,0.7726427411406674,0.3456230504638577,0.0153421742800455,True,2150,8.006633516117699,5.337755677411795,False,48,0.6666666666666661
6.4,15536.978285585428,2.762199210623069,20054.541457074793,16.0343542775067,15.748015748023622,19.298819768173505,20.923139768633618,6.14725818647057,1.7825350081840485,8.148505945248527,260.75219024795285,0.999998316780045,0.7740828793613286,0.35105021145743115,0.015880952443825053,True,2964,8.911070166152772,5.940713444101843,False,48,0.6666666666666661
6.5,15717.532232244665,2.9285332927069403,20150.62617988975,16.02376233731475,15.748015748023622,19.28730152198591,20.912516188477493,6.6388550562336475,1.8048460835894704,8.148505945248527,260.75219024795285,0.9999997609936332,0.7745219382708087,0.356187131571823,0.016417783202013227,True,2207,8.076773574104104,5.384515716069398,False,48,0.6666666666666661
6.6000000000000005,15877.602211468818,3.2019419606896995,20146.05635159175,16.01311545981597,15.748015748023622,19.26424436906652,20.869967789998036,6.6439673449845795,1.8272179559793214,8.148505945248527,260.75219024795285,0.9999978198725517,0.7715237719084305,0.3603578332742735,0.016921191457395728,True,1371,6.891540009417874,4.5943600062785785,False,48,0.6666666666666661
6.7,16048.654292267467,2.986242408720904,20275.835681995835,16.009700879941846,15.748015748023622,19.24115958621575,20.848661028149188,6.398105909358367,1.849170028134668,8.148505945248527,260.75219024795285,0.9999980358161861,0.7707922804298886,0.36627967789347693,0.01751972482980268,True,2133,7.985474895830095,5.323649930553392,False,48,0.6666666666666661
6.8,16211.867278911139,2.9502688389212675,20211.31944167516,15.999706273418894,15.748015748023622,19.206480387850576,20.837999477450378,5.990454074742451,1.8711256907997396,8.148505945248527,260.75219024795285,0.9999979989847139,0.7665196533631047,0.36891027585895797,0.017972295330560783,True,2506,8.42618168473115,5.617454456487428,False,48,0.6666666666666661
6.9,16377.57940952742,2.991132710278292,20307.08715938796,15.993764899694112,15.748015748023622,19.148542155126762,20.82733246908441,6.683640232522267,1.8928934996984421,8.148505945248527,260.75219024795285,0.9999987858074249,0.7669179021208458,0.37425399659441677,0.01856628388583699,True,2400,8.305661184154147,5.53710745610276,False,48,0.6666666666666661
7.0,16563.279154356267,3.1411552350282412,20369.31247501999,15.985299375576583,15.74801574802362,19.113694915775266,20.805982045769646,6.892815318633601,1.9149943897477173,8.148505945248527,260.75219024795285,0.9999994624153382,0.7643531188178497,0.3779497893849986,0.019090329991615855,True,1869,7.641411084525404,5.094274056350265,False,48,0.6666666666666661
7.1000000000000005,16732.681238983037,3.2685174150590632,20440.906432066764,15.987106685520615,15.74801574802362,19.102065042525872,20.837999477450374,6.599972362944412,1.9376519136295913,8.148505945248527,260.75219024795285,0.9999999275595222,0.7643788924637427,0.3825320836925668,0.019667623097887946,True,1562,7.19776185361792,4.798507902411942,False,48,0.6666666666666661
7.2,16882.154705058023,3.2143948305780654,20533.51784266451,15.988073080065062,15.733898294941262,19.102065042525872,20.837999477450374,6.9151994723681165,1.958966447816905,8.148505945248527,260.75219024795285,0.9999987131022864,0.7656176820068905,0.3883524670776381,0.02031980967731582,True,1740,7.4613981132645755,4.974265408843046,False,48,0.6666666666666661
7.3,17031.009768249118,3.4779318856287897,20638.41938749786,15.985344313683601,15.70562531918633,19.102065042525872,20.848661028149184,6.656292731866035,1.9790689076264363,8.148505945248527,260.75219024795285,0.9999978784137862,0.7672266534113265,0.3943254961147398,0.02099401802799901,True,1016,6.236415365212329,4.157610243474882,False,48,0.6666666666666661
7.4,17205.62330923184,3.3503402224190832,20698.539557387918,15.98182960940491,15.69146972791976,19.113694915775266,20.848661028149188,6.619788876426582,2.0003725569287183,8.148505945248527,260.75219024795285,0.9999994471488075,0.764898443650592,0.3982223099897335,0.0215678523370233,True,1388,6.919907443028223,4.613271628685478,False,48,0.6666666666666661
7.5,17360.653619339802,3.5582835389091287,20831.729651698766,15.975073316319047,15.691469727919758,19.113694915775266,20.859317129549353,6.99877215749135,2.021582263652734,8.148505945248527,260.75219024795285,0.9999983134010274,0.7671046640573864,0.40436503369053656,0.022275314235415306,True,923,6.040010550603702,4.026673700402465,False,48,0.6666666666666661
7.6000000000000005,17499.51255187499,2.8847408628507076,20965.55658225946,15.969801543775208,15.663120165960974,19.136933459209764,20.859317129549353,6.514621425649037,2.041699940780903,8.148505945248527,260.75219024795285,0.9999986951601305,0.769503056277939,0.41115476778254706,0.023035349065484594,True,3411,9.338225778360218,6.22548385224014,False,48,0.6666666666666661
7.7,17658.503399289635,3.045341315813201,21078.150804019628,15.968904916294909,15.67730135507313,19.160143817599884,20.859317129549353,6.542243396506108,2.0618190789054447,8.148505945248527,260.75219024795285,0.9999993119685039,0.7682856380134846,0.41646384422794935,0.02372865981462065,True,2525,8.447423309970974,5.631615539980644,False,48,0.6666666666666661
7.8,17812.340840743916,3.351093508798102,21120.194148916522,15.963188984083446,15.691469727919758,19.148542155126766,20.848661028149188,6.345526717048204,2.081682667198961,8.148505945248527,260.75219024795285,0.9999992437357408,0.7667078066036301,0.420539991484483,0.024363337533079298,True,1417,6.967769044215827,4.6451793628105476,False,48,0.6666666666666661
7.9,17979.121371652243,3.5309770010672143,21306.208455143664,15.960724907628467,15.69146972791976,19.160143817599884,20.859317129549353,8.179848425726565,2.102679639609005,8.148505945248527,260.75219024795285,0.9999980902892177,0.7702325305478932,0.4268485308333263,0.025138217253487118,True,980,6.161869393357532,4.107912928905018,False,48,0.6666666666666661
8.0,18132.303957596087,2.830964863177914,21414.930313724253,15.959615285810239,15.71976816340213,19.160143817599884,20.848661028149188,7.167090740196834,2.1233470047156406,8.148505945248527,260.75219024795285,0.9999980771827206,0.77178674288482,0.4321930076919184,0.02587054072964403,True,3981,9.831833669883876,6.554555779922578,False,48,0.6666666666666661
0.0,1.0,1.4362512059597474,1.8873066938969778,0.6117469641319158,0.5,0.7071067811865476,0.8660254037844386,0.0,0.0,0.2945243112740431,9.42477796076938,0.9988206227177869,0.0,0.0,0.0,True,1,0.6203504908994001,0.31017524544970004,True,64,0.5
0.1,327.1564522189369,2.8925987585852453,13867.073417895714,15.983025715501501,15.732132722552274,19.222382786741086,20.89258241577618,3.9101636808418094,0.011160845881395917,10.897399517139595,348.71678454846705,0.9999664565206703,0.13195930522226124,0.0006088127970082031,6.285252296268334e-06,True,1,0.6203504908994001,0.31017524544970004,True,64,0.5
0.2,650.6119843968092,5.23215681959934,14532.491205788494,15.996699388655713,15.732132722552274,19.235384061671343,20.89258241577618,10.63416690827934,0.0348065396308334,0.6872233929727672,21.991148575128552,0.9999766124844534,0.28320394213222844,0.001987739241671762,2.1070912320653505e-05,True,1,0.6203504908994001,0.31017524544970004,True,64,0.5
0.3,969.88574802073,2.9207331631059357,16165.616164132834,15.990636002006617,15.724185193516387,19.222382786741086,20.89258241577618,12.128145784944252,0.06299629036802872,0.6872233929727672,21.991148575128552,0.9999778597972867,0.3973786651760945,0.004144293639093005,4.523037274303416e-05,True,1,0.6203504908994001,0.31017524544970004,True,64,0.5
0.4,1288.0760035816033,0.571368910323928,16379.463358166196,16.00140401615684,15.732132722552274,19.241881404893856,20.898564544006366,7.588595446977427,0.09307174754821435,0.6872233929727672,21.991148575128552,0.9999736163286362,0.4537578108917319,0.006405872023537748,7.191636692436919e-05,True,183,3.5219849309417994,1.7609924654708997,False,64,0.5
0.5,1601.5327530346792,0.6006452606445815,16399.613876108288,16.00369730778796,15.748015748023622,19.241881404893856,20.89258241577618,3.363647105301067,0.1237833363628976,10.112001353742146,323.5840433197487,0.9999700339435439,0.5017846030825789,0.009074078829835934,0.00010465669927024622,True,553,5.091887979159829,2.5459439895799143,False,64,0.5
0.6,1913.1445681346847,0.7149722165961163,16386.620669584405,16.00672050413685,15.75595125658873,19.241881404893856,20.904544960366874,1.6796948911171667,0.15481692615560516,10.701049976290232,342.4335992412874,0.9999774726008039,0.5386214909503382,0.01215411622475006,0.00014399478139544503,True,597,5.2235037073023385,2.6117518536511692,False,64,0.5
0.7000000000000001,2220.3077972312276,0.8182028665825899,16407.03686246515,16.00385766918224,15.75595125658873,19.241881404893856,20.904544960366874,1.5907644968976271,0.18596932496341936,10.50470043544087,336.15041393410786,0.999977330781197,0.5686703253606011,0.015654292297513292,0.00019053765884209124,True,622,5.295422200026766,2.647711100013383,False,64,0.5
0.8,2524.9288083685915,0.9762931060834099,16417.145501604013,16.009873569367098,15.763882770434446,19.241881404893856,20.904544960366874,1.770688461628756,0.21729715564202834,10.50470043544087,336.15041393410786,0.9999770701015833,0.590819594453686,0.01946275282738713,0.00024342067058863746,True,458,4.781809710001343,2.3909048550006715,False,64,0.5
0.9,2825.1789316871127,1.07491207358283,16440.65248323822,16.008092010953636,15.763882770434446,19.241881404893856,20.89258241577618,2.2917512875822643,0.24851914093261468,10.30835089459151,329.8672286269283,0.999980689437189,0.609873543351856,0.023597393086141647,0.000303264944838169,True,488,4.884015919923077,2.4420079599615385,False,64,0.5
1.0,3122.863679442028,1.2365894433858722,16441.474434721393,16.005794601726986,15.75595125658873,19.235384061671343,20.89258241577618,2.368873459246184,0.2798602571107772,10.30835089459151,329.8672286269283,0.9999849788010217,0.6242308989438432,0.027950516270969616,0.00036910161056795767,True,380,4.493295655350236,2.246647827675118,False,64,0.5
1.1,3414.9242150082473,2.1674201959047084,16421.577330905187,16.003445764684688,15.748015748023622,19.235384061671343,20.89258241577618,4.265228213754227,0.3110325803239713,10.30835089459151,329.8672286269283,0.9999881566875264,0.6347210251386047,0.032514227539481085,0.0004411937280900173,True,10,1.3365046175719757,0.6682523087859878,False,64,0.5
1.2,3701.701234667545,1.5541376924551231,16490.39038161697,16.003661138971026,15.748015748023622,19.235384061671343,20.904544960366874,4.349719508421932,0.3419278888078744,10.30835089459151,329.8672286269283,0.9999841423409541,0.6470949665494506,0.037486441488309395,0.0005226545060874438,True,240,3.855146420814098,1.927573210407049,False,64,0.5
1.3,3992.8583003403473,1.3592917058756446,16470.04263945744,15.999580076556875,15.748015748023622,19.222382786741086,20.89258241577618,3.199593044349988,0.37299262061097127,10.30835089459151,329.8672286269283,0.9999857925317431,0.6531349039541049,0.042289614908432784,0.0006057440520836899,True,938,6.072554339042775,3.0362771695213877,False,64,0.5
1.4000000000000001,4282.344245178015,1.6288422918942607,16515.885442348143,15.999394333343872,15.732132722552274,19.235384061671343,20.89258241577618,3.219518058588151,0.4043338592731192,10.30835089459151,329.8672286269283,0.999984811768139,0.6613033211691934,0.04739498105873874,0.0006972714088856901,True,467,4.812928653266251,2.4064643266331256,False,64,0.5
1.5,4572.481333994576,1.6421858146450703,16503.09308539267,15.994564607133663,15.732132722552274,19.222382786741086,20.89258241577618,4.143147767742492,0.43569487493131853,10.112001353742146,323.5840433197487,0.999988661303692,0.6648240933326746,0.05238704792675681,0.0007914447108611643,True,704,5.518588563740668,2.759294281870334,False,64,0.5
1.6,4857.869344544403,1.8679913221285096,16538.01382738597,15.987979037838887,15.732132722552274,19.215878850575635,20.886598574205422,3.42720870444536,0.4673917187602541,10.112001353742146,323.5840433197487,0.9999893286430315,0.6715667043850604,0.05772296006776708,0.0008952349191683585,True,423,4.656760680970258,2.328380340485129,False,64,0.5
1.7,5132.192957668401,1.949179021154911,16603.389219167035,15.982444754382051,15.732132722552274,19.215878850575635,20.8806130178211,3.7251046260175578,0.4985191605186371,10.701049976290232,342.4335992412874,0.9999910391289681,0.6785352979818737,0.06346782434013257,0.00101042318140872,True,415,4.62721659826314,2.31360829913157,False,64,0.5
1.8,5413.455046956454,1.879488713427064,16632.19859252196,15.984434254937613,15.732132722552274,19.215878850575635,20.886598574205422,3.7168974361631157,0.5297258895300309,10.701049976290232,342.4335992412874,0.9999896949421797,0.6811807296003849,0.06892859004171546,0.0011263278848247429,True,750,5.636258258934133,2.8181291294670663,False,64,0.5
1.9000000000000001,5680.526446720508,1.7472071443895183,16609.11329843745,15.987980070251256,15.732132722552274,19.222382786741086,20.8806130178211,4.744198704020707,0.560601517543489,10.701049976290232,342.4335992412874,0.9999903367560212,0.6847034430476497,0.07452772963972909,0.0012497721411637477,True,1464,7.043969861883599,3.5219849309417994,False,64,0.5
2.0,5948.171040510688,2.330069335580986,16668.624777852907,15.987975525765696,15.732132722552274,19.222382786741086,20.886598574205422,6.300655944813617,0.591113559660899,10.701049976290232,342.4335992412874,0.9999893533494377,0.6901206106145544,0.08046314101026018,0.001384480798884509,True,339,4.325507104155695,2.1627535520778474,False,64,0.5
2.1,6216.5195276580125,1.981521017649914,16742.91152397901,15.99307528363527,15.732132722552274,19.222382786741086,20.89258241577618,4.471117558299391,0.6217178687300932,10.701049976290232,342.4335992412874,0.9999890911504731,0.6930608424552953,0.0864430713930032,0.001525916960880281,True,1178,6.5516732080574895,3.2758366040287448,False,64,0.5
2.2,6474.822846831918,2.2939177360751497,16786.636531485776,15.995302092700696,15.724185193516387,19.222382786741086,20.89258241577618,4.460599793023839,0.6521593966721504,10.701049976290232,342.4335992412874,0.999988379366361,0.6964234383669325,0.09252049014104573,0.0016753443825622473,True,575,5.158535359611894,2.579267679805947,False,64,0.5
2.3000000000000003,6744.101513533286,2.333470212145736,16832.619226216488,15.992614670011621,15.724185193516387,19.222382786741086,20.89258241577618,4.9035709259593085,0.682581117050848,10.701049976290232,342.4335992412874,0.9999846959513895,0.6971227914152676,0.09827093413496434,0.0018250470316680516,True,680,5.455150891048748,2.727575445524374,False,64,0.5
2.4,7006.851412320092,2.2963592297565105,16890.516401019864,15.992507032991812,15.724185193516387,19.222382786741086,20.89258241577618,5.009641685228531,0.7133288966052679,10.701049976290232,342.4335992412874,0.999984874316658,0.7009203569875174,0.10427347313118178,0.0019855409879546296,True,892,5.971618869662644,2.985809434831322,False,64,0.5
2.5,7263.650534854459,2.684994882775411,16920.66739172864,15.99519938482859,15.724185193516387,19.235384061671343,20.89258241577618,5.132191087469997,0.7436738779570531,10.701049976290232,342.4335992412874,0.9999840603265078,0.7015946593944745,0.11022282876493926,0.0021516042485349874,True,397,4.559325856583907,2.2796629282919536,False,64,0.5
2.6,7515.694517863145,2.293163970199201,16998.870033699637,15.998937802666353,15.732132722552274,19.241881404893856,20.898564544006366,4.932326833914861,0.7736106209866469,10.701049976290232,342.4335992412874,0.9999834693262429,0.704969545488566,0.1165761844057648,0.0023324627175492865,True,1288,6.749564489897218,3.374782244948609,False,64,0.5
2.7,7768.399073915918,2.249411000546402,17076.95833464949,15.998805261682609,15.732132722552274,19.241881404893856,20.89258241577618,5.122885709705846,0.8033951303639052,10.701049976290232,342.4335992412874,0.9999835120578331,0.7078799822895105,0.12285502448738278,0.0025191371029196223,True,1688,7.3863170325454695,3.6931585162727347,False,64,0.5
2.8000000000000003,8025.105922036153,2.5806398165489823,17075.41618258557,16.002882020913706,15.732132722552274,19.241881404893856,20.89258241577618,5.234168496927092,0.8333734584451513,10.701049976290232,342.4335992412874,0.9999824737377622,0.7067131950227213,0.1283670414161197,0.0026969515671480373,True,831,5.832267991291182,2.916133995645591,False,64,0.5
2.9,8273.805821346417,2.79447136343407,17102.190669280048,16.00176513472314,15.732132722552274,19.241881404893856,20.89258241577618,6.000942965904223,0.8632221512232161,10.701049976290232,342.4335992412874,0.999987433493078,0.7086128689188571,0.13425339669902453,0.002889414520877796,True,611,5.264020036228262,2.632010018114131,False,64,0.5
3.0,8507.531109182035,2.5516669427376693,17153.444313416076,16.00191494328551,15.732132722552274,19.241881404893856,20.898564544006366,5.916622281558942,0.892477752192794,10.701049976290232,342.4335992412874,0.9999801065025042,0.7116039657647694,0.14072468960147436,0.0031020996873387277,True,1285,6.744320070932521,3.3721600354662606,False,64,0.5
3.1,8751.492838077504,2.724484145492155,17295.53378036753,16.003793997553274,15.732132722552274,19.241881404893856,20.904544960366874,5.677508892822192,0.9215544678707333,10.701049976290232,342.4335992412874,0.9999787454732544,0.7140517649873664,0.14750894764027586,0.0033302528225098026,True,908,6.007112237230231,3.0035561186151156,False,64,0.5
3.2,8987.925943489292,3.0335087779753964,17349.927026627745,16.000246030842295,15.732132722552274,19.235384061671343,20.904544960366874,6.086833556437005,0.9504907185060693,10.701049976290232,342.4335992412874,0.9999706592271699,0.7151155361135785,0.15371678784584444,0.0035538822683659965,True,522,4.994905750700238,2.497452875350119,False,64,0.5
3.3000000000000003,9219.89579475238,2.650429586793395,17399.063809957188,16.00206210768732,15.732132722552274,19.222382786741086,20.89258241577618,5.827017598533298,0.9789935354756173,10.701049976290232,342.4335992412874,0.999971595224557,0.714868441145693,0.1599274073916093,0.0037857629616666437,True,1436,6.998773577111646,3.499386788555823,False,64,0.5
3.4,9455.19628599862,2.821472320786997,17477.51041059699,16.006293057680086,15.732132722552274,19.241881404893856,20.89258241577618,6.254229763065103,1.007693391981893,10.701049976290232,342.4335992412874,0.9999726088948221,0.7162964607107981,0.16620372769768021,0.004027461907143102,True,1085,6.374513466964086,3.187256733482043,False,64,0.5
3.5,9682.93288829884,2.667282391587525,17542.629625826183,16.00916481417968,15.732132722552274,19.241881404893856,20.89258241577618,5.920055526329699,1.0358406924044805,10.701049976290232,342.4335992412874,0.9999777496304372,0.7173764087086139,0.17250567376722414,0.00427852378969631,True,1761,7.491295276812965,3.7456476384064823,False,64,0.5
3.6,9908.455925201537,2.7477226738336458,17549.306950818238,16.00972712556818,15.75595125658873,19.241881404893856,20.89258241577618,6.7155644167160355,1.0638355767906142,10.701049976290232,342.4335992412874,0.9999807484391812,0.7157776837223738,0.17819250518402768,0.004522806661200265,True,1640,7.315630236588791,3.6578151182943954,False,64,0.5
3.7,10137.277080941589,2.951306451347462,17648.653876158052,16.011221925264618,15.763882770434446,19.235384061671343,20.89258241577618,5.824917407396252,1.0917361282197056,10.701049976290232,342.4335992412874,0.9999803809378152,0.7182096687331713,0.184571947632879,0.004793372979211093,True,1139,6.478558304356277,3.2392791521781383,False,64,0.5
3.8000000000000003,10361.606832890318,2.794745162289618,17706.124882122098,16.01327847736453,15.763882770434446,19.235384061671343,20.904544960366874,5.8717768793496745,1.119581780027067,10.701049976290232,342.4335992412874,0.999975425222481,0.7180489745130129,0.19057367078057577,0.005063173839307783,True,1828,7.58512124798147,3.792560623990735,False,64,0.5
3.9,10588.139377185656,3.055651891709275,17765.502637870795,16.00903462687772,15.75595125658873,19.235384061671343,20.898564544006366,6.0359577801935425,1.1474716672664835,10.701049976290232,342.4335992412874,0.999975697982741,0.7184018891643428,0.19642511059688067,0.005337555872389996,True,1125,6.451905103710747,3.2259525518553733,False,64,0.5
4.0,10792.84520367493,3.1178275831495683,17832.267046627137,16.0141937308131,15.763882770434446,19.241881404893856,20.910523666326483,5.4731372773942235,1.174467284388594,10.701049976290232,342.4335992412874,0.999976280229115,0.7204952407569319,0.20304274599580624,0.00564236119977957,True,1011,6.226168196958447,3.1130840984792236,False,64,0.5
4.1,11015.68424279807,2.926441851885079,17935.762418750874,16.01746438676206,15.763882770434446,19.241881404893856,20.904544960366874,6.364311455572197,1.2015059780642674,10.701049976290232,342.4335992412874,0.9999780165450405,0.7213433608051635,0.20927414743617717,0.00594653141959778,True,1740,7.4613981132645755,3.7306990566322877,False,64,0.5
4.2,11235.733816644595,3.0292214733345655,17992.1213867025,16.016439100171624,15.763882770434446,19.248376554920156,20.904544960366874,6.053451850053623,1.2286341102955776,10.701049976290232,342.4335992412874,0.9999767466046603,0.7197157918838392,0.21496666555473226,0.006244523247556102,True,1492,7.088593485493209,3.5442967427466043,False,64,0.5
4.3,11450.691045510455,3.353957932813455,17998.039959620928,16.017772121199727,15.763882770434446,19.248376554920156,20.910523666326483,6.2164139449302205,1.2557924822387805,10.701049976290232,342.4335992412874,0.9999802011970306,0.7175268871206492,0.22012321028780696,0.006535802888396334,True,867,5.915300738446302,2.957650369223151,False,64,0.5
4.4,11658.977153449316,2.80902322896637,18095.356733408033,16.016976972155135,15.75595125658873,19.254869513969705,20.910523666326483,6.339395550796443,1.2823029370694419,10.701049976290232,342.4335992412874,0.9999838448644561,0.7200248341585455,0.22651353170806587,0.006873356211955901,True,2862,8.807655917955683,4.403827958977842,False,64,0.5
4.5,11868.67867854737,3.135940139594724,18116.8381461526,16.015707475849833,15.763882770434446,19.248376554920156,20.910523666326483,7.5520642296255165,1.3087945221444612,10.701049976290232,342.4335992412874,0.9999861602144909,0.718588371679086,0.23178074429211634,0.00718655789342905,True,1636,7.309677727665421,3.6548388638327105,False,64,0.5
4.6000000000000005,12069.821478218819,2.9262902593362554,18170.91379591955,16.014503511408012,15.75595125658873,19.241881404893856,20.910523666326483,6.259783838754972,1.3350122351838052,10.701049976290232,342.4335992412874,0.999988157108629,0.719213871706049,0.23765259693181673,0.007528255318939079,True,2667,8.602898562519496,4.301449281259748,False,64,0.5
4.7,12275.767159686697,3.1203105242710736,18192.05181654588,16.017536348652442,15.763882770434446,19.248376554920156,20.910523666326483,5.994951919986004,1.3607409503940127,10.701049976290232,342.4335992412874,0.9999936690960824,0.718420932971176,0.24277101292660333,0.007855506301467358,True,1940,7.736972268202585,3.8684861341012926,False,64,0.5
4.8,12478.063057047884,3.0858719880444645,18313.491018680965,16.01887989387798,15.763882770434446,19.248376554920156,20.910523666326483,6.132663943414356,1.3865532018259823,10.701049976290232,342.4335992412874,0.9999914531466961,0.7203867069199941,0.24927028323799783,0.008237407631162964,True,2202,8.070669601423765,4.035334800711882,False,64,0.5
4.9,12675.610533606476,3.1620383187497865,18381.132238003906,16.018310478715208,15.763882770434446,19.248376554920156,20.910523666326483,6.281201028484883,1.4120352395049225,10.701049976290232,342.4335992412874,0.9999867594295465,0.7215314023735531,0.2551135293329173,0.008608505897702458,True,1995,7.809407710674971,3.9047038553374853,False,64,0.5
5.0,12876.14304089072,3.20321666883368,18391.35925463758,16.01884338249296,15.75595125658873,19.248376554920156,20.898564544006366,6.344098534729624,1.4374192646924144,10.701049976290232,342.4335992412874,0.9999864549814494,0.7180175351589089,0.2598827430371726,0.008953647001769456,True,2016,7.8367135542065425,3.9183567771032712,False,64,0.5
5.1000000000000005,13079.38099911579,3.3930311274930043,18405.485660608345,16.015790408805792,15.748015748023622,19.248376554920156,20.904544960366874,6.819778926706885,1.4628545885088409,10.701049976290232,342.4335992412874,0.9999924500146867,0.7166423146259714,0.2644695023354514,0.009301257943694085,True,1538,7.160707082159036,3.580353541079518,False,64,0.5
5.2,13283.190613014227,3.1435759979211944,18507.55811685979,16.017189963877517,15.75595125658873,19.241881404893856,20.904544960366874,6.235614853971614,1.4884287777704146,10.701049976290232,342.4335992412874,0.9999922772504902,0.7172101220636623,0.2701960301589573,0.009698294748075292,True,2629,8.56184429648107,4.280922148240535,False,64,0.5
5.3,13470.904095088274,3.4451717322927973,18531.325959056587,16.01402867719846,15.75595125658873,19.241881404893856,20.904544960366874,6.498391774745025,1.513573538016106,10.701049976290232,342.4335992412874,0.9999915858837092,0.7171117034462949,0.27531260637100136,0.010083777583839182,True,1542,7.166909516686719,3.5834547583433594,False,64,0.5
5.4,13652.854356208543,3.3020165920558324,18576.741086285936,16.01406974332916,15.75595125658873,19.241881404893856,20.904544960366874,5.783197337534307,1.5378444959040052,10.701049976290232,342.4335992412874,0.999989714745056,0.7173718735310336,0.28083667048094296,0.010494813504685549,True,2188,8.053529171426842,4.026764585713421,False,64,0.5
5.5,13839.77310307802,3.1690028651468767,18663.49486485744,16.014169325079457,15.75595125658873,19.241881404893856,20.904544960366874,6.321827693537691,1.5618733964643439,10.701049976290232,342.4335992412874,0.9999921768294584,0.7169831829535898,0.28662142018297687,0.010927635726151397,True,2962,8.909065425890262,4.454532712945131,False,64,0.5
5.6000000000000005,14030.680946962035,3.7753598654568012,18636.285654189698,16.014689572078286,15.763882770434446,19.241881404893856,20.89258241577618,6.657422485287898,1.5861013329214735,10.701049976290232,342.4335992412874,0.9999931449851065,0.7128013167591718,0.2903633611887671,0.011292343961548122,True,1024,6.252741134374175,3.1263705671870876,False,64,0.5
5.7,14222.538214034832,3.1622233159841886,18699.22480797643,16.017844302279315,15.771810295587505,19.241881404893856,20.89258241577618,7.546699253559664,1.6101554781276566,10.701049976290232,342.4335992412874,0.9999940708778527,0.7125772200915269,0.29532464248486223,0.011714006710263212,True,3452,9.375491820189923,4.687745910094962,False,64,0.5
5.8,14406.748569981268,3.317251431775318,18681.155696374903,16.015922364182984,15.771810295587505,19.235384061671343,20.89258241577618,6.29181870777535,1.634301668161814,10.701049976290232,342.4335992412874,0.9999942895587808,0.709668171261291,0.29920091657080033,0.012101865883624054,True,2790,8.733169003290072,4.366584501645036,False,64,0.5
5.9,14587.885818656443,3.8561808981264973,18781.302428857944,16.018037228712963,15.771810295587505,19.241881404893856,20.89258241577618,6.33854374932551,1.6579093871695698,10.701049976290232,342.4335992412874,0.9999917233726159,0.7121586065539879,0.3049686038291398,0.012576544163883674,True,1011,6.226168196958447,3.1130840984792236,False,64,0.5
6.0,14758.292383016003,3.4144181804326066,18807.523179674918,16.01850851533799,15.7797338380595,19.241881404893856,20.89258241577618,5.894490602482163,1.6813228245989429,10.701049976290232,342.4335992412874,0.999991705953755,0.7120844279048196,0.3098797539859463,0.01302688089706097,True,2634,8.56726867977228,4.28363433988614,False,64,0.5
6.1000000000000005,14931.92372328334,3.8347847617559494,18816.101545756057,16.02015818146415,15.7797338380595,19.248376554920156,20.89258241577618,6.055263403014916,1.7039248148486486,10.701049976290232,342.4335992412874,0.9999944652459125,0.7092300537750207,0.31419183007867235,0.013463177460690777,True,1279,6.733806694462845,3.3669033472314225,False,64,0.5
6.2,15110.639143386943,3.5284046197769015,18824.263483485505,16.019908727916643,15.7797338380595,19.248376554920156,20.910523666326483,7.347545111702942,1.726819571340075,10.701049976290232,342.4335992412874,0.9999957028381449,0.707434059812694,0.31816454826606344,0.013894095408594405,True,2444,8.356110943090421,4.1780554715452105,False,64,0.5
6.3,15284.836995113226,3.3312335228840224,18899.262987221784,16.01819561505748,15.75595125658873,19.254869513969705,20.910523666326483,6.387284626571645,1.7496105548136796,10.701049976290232,342.4335992412874,0.9999963947667919,0.7079871480478569,0.3233438122399635,0.014387749788656696,True,3514,9.431288919214234,4.715644459607117,False,64,0.5
6.4,15462.94530207973,3.996008113648774,18871.735145838215,16.01559132158874,15.748015748023622,19.248376554920156,20.91650066335189,6.260988642545049,1.7724581847799417,10.701049976290232,342.4335992412874,0.9999962196922518,0.7055337016978389,0.3264702317386028,0.014799961205523187,True,1172,6.540530885180194,3.270265442590097,False,64,0.5
6.5,15632.353207019125,3.8636973543681528,18929.50931339997,16.012409915340466,15.732132722552274,19.254869513969705,20.92844953645635,6.4400227319112995,1.795163916399616,10.701049976290232,342.4335992412874,0.9999936292440742,0.7051444340432607,0.3313312422722024,0.015300280162526289,True,1555,7.186993653530205,3.5934968267651026,False,64,0.5
6.6000000000000005,15801.314422112646,3.483474109875858,19001.10951002433,16.011743299059397,15.75595125658873,19.254869513969705,20.92844953645635,6.257960039021038,1.8172996017901624,10.701049976290232,342.4335992412874,0.9999924967569849,0.7050441635933099,0.3363027795987058,0.015818195107324823,True,3174,9.116737236581384,4.558368618290692,False,64,0.5
6.7,15971.039922518692,4.073513017522395,19011.978797010976,16.009638029463442,15.75595125658873,19.254869513969705,20.93442141545832,6.450869354943396,1.8393652582003122,10.701049976290232,342.4335992412874,0.9999917346477437,0.7026970074818368,0.3400465359373699,0.016288945698453773,True,1175,6.546106788038556,3.273053394019278,False,64,0.5
6.8,16137.263858338623,4.755885253940322,19094.06423300614,16.006611878379193,15.732132722552274,19.254869513969705,20.93442141545832,6.35727298248736,1.8613474526239373,10.701049976290232,342.4335992412874,0.9999862753511738,0.7041281259164468,0.3451117381250922,0.01683331461038537,True,353,4.384250552313704,2.192125276156852,False,64,0.5
6.9,16299.944746493959,3.901227646036561,19081.47315620296,16.00258121573728,15.732132722552274,19.248376554920156,20.91650066335189,6.856116051067288,1.8830811663524278,10.701049976290232,342.4335992412874,0.9999841844119871,0.7009077856404945,0.34848654296180415,0.017306071211143068,True,1801,7.54759117203158,3.77379558601579,False,64,0.5
7.0,16460.224322000635,3.669293635040564,19073.31492226301,15.997438183521576,15.724185193516387,19.241881404893856,20.910523666326483,7.497081804484826,1.9044899140786042,10.701049976290232,342.4335992412874,0.999990787447729,0.7001690869193654,0.35193409353122557,0.017790617646767072,True,2901,8.847482382013732,4.423741191006866,False,64,0.5
7.1000000000000005,16621.3331594902,4.215858015343237,19104.2902393841,15.989759086742547,15.724185193516387,19.222382786741086,20.910523666326483,7.128115687211241,1.925538416440041,10.701049976290232,342.4335992412874,0.9999916058972166,0.6991293844018216,0.355944233447977,0.01831341756274648,True,1216,6.621377090805707,3.3106885454028534,False,64,0.5
7.2,16779.50325249416,3.9835077923699607,19154.89139678511,15.982621489442009,15.724185193516387,19.215878850575635,20.886598574205422,7.0838993413510005,1.9468602967085191,10.701049976290232,342.4335992412874,0.9999910922334487,0.6988987998257665,0.36033785291603154,0.018866898551352568,True,1887,7.665863766660526,3.832931883330263,False,64,0.5
7.3,16940.954384629324,3.795396663401904,19199.85602911224,15.973532947670257,15.724185193516387,19.209372712298546,20.862646045025066,6.562812623270424,1.9676523471134666,10.701049976290232,342.4335992412874,0.999989727709121,0.6983267080533517,0.36437384692718294,0.0194123192103993,True,2597,8.52696434039315,4.263482170196575,False,64,0.5
7.4,17092.46570027435,3.819583435565914,19235.68112258886,15.968119697676451,15.724185193516387,19.196353820452465,20.838665984174707,6.3001967153642715,1.9881889513980502,10.701049976290232,342.4335992412874,0.9999903692337716,0.6984808962847492,0.3685445030839321,0.019975953154298676,True,2658,8.593210605492622,4.296605302746311,False,64,0.5
7.5,17246.21904049444,4.038856246466308,19280.772748940253,15.961920677255062,15.724185193516387,19.196353820452465,20.83266665599966,6.510687061072126,2.0086850565163985,10.701049976290232,342.4335992412874,0.9999917480895162,0.6983209024174876,0.37272374312072504,0.020549948201741174,True,1849,7.614056595592697,3.8070282977963483,False,64,0.5
7.6000000000000005,17408.34707124673,3.6121426792082447,19363.004738476866,15.957021015391723,15.700318468107582,19.20286436967152,20.81465829649865,6.341211794937075,2.0292261579055246,10.701049976290232,342.4335992412874,0.9999928695187406,0.6991066181689484,0.37714918376612305,0.02114910755799428,True,3896,9.76135512427311,4.880677562136555,False,64,0.5
7.7,17566.051955954525,3.7774550240967826,19400.631219436553,15.954706093339569,15.700318468107582,19.20286436967152,20.820662813657012,6.986186250207891,2.050000418291707,10.701049976290232,342.4335992412874,0.999993321721963,0.6985566550933988,0.3808389101694785,0.021716575685876007,True,3154,9.097548088630454,4.548774044315227,False,64,0.5
7.8,17706.459068898443,4.021851602195459,19432.33163686667,15.955266159151893,15.684387141358123,19.20286436967152,20.850659461993043,6.425519087356374,2.0700263811481108,10.701049976290232,342.4335992412874,0.9999902126451586,0.6986821805459719,0.3850563323031666,0.022325072476796617,True,2157,8.015313472521896,4.007656736260948,False,64,0.5
7.9,17865.17918332347,3.6998176712548094,19492.835329615154,15.956098191594704,15.660459763365825,19.189841062395487,20.868636754709208,6.457075548247345,2.0899287137673417,10.701049976290232,342.4335992412874,0.9999903299792308,0.6987188973006809,0.3889418303745239,0.02292545775838455,True,3780,9.663498795226714,4.831749397613357,False,64,0.5
8.0,18009.78532658203,3.6739530197310657,19548.53408883028,15.95841104105759,15.660459763365825,19.196353820452465,20.886598574205422,6.664638112265338,2.1097595977442056,10.701049976290232,342.4335992412874,0.9999932167361612,0.6992101360848733,0.3932446506316136,0.023562001165449646,True,4014,9.858925532876208,4.929462766438104,False,64,0.5
