t,norm,peak,PR,R_rms,r50,r80,r90,Vmem_peak,Vmem_mean,k_star,k_star_L,crystallinity,M1,M2
0.0,1.0000000000000002,1.4366969770013205,1.9687012432099757,0.6123724356957945,0.5103103630798295,0.7795119555779038,0.8838834764831844,0.0,0.0,0.47123889803846897,9.42477796076938,0.9952294968704914,0.0,0.0
0.1,1.0140608529407316,3.2038542443474274,1.5057400107548304,1.3946804345923052,0.510310363079828,0.7795119555779048,0.9547032697824663,1.5801144321335776,9.256612848489333e-05,0.47123889803846897,9.42477796076938,0.9952392096578132,0.33719201878857435,0.0019341416595154769
0.2,1.0282152373659468,31.184811185381335,0.11698709557485146,1.8595680697346506,0.4658474953124551,0.8589803386703454,1.1219093348196878,11.261881401914124,0.00012883173955311668,0.47123889803846897,9.42477796076938,0.9959506506744445,0.1372659522995524,0.0009838914756246542
0.3,1.042484484248049,1.635150145601972,1.9897561700673707,2.2489237241852402,0.5103103630798295,0.7795119555779052,1.333984216131844,7.69875934357469,0.0001446301019962494,0.47123889803846897,9.42477796076938,0.9948492881182195,1.665799502875311,0.03471127113901296
0.4,1.056174094395784,1.6862890904636085,2.683627875680685,2.590558658701199,0.625,1.0416666666666656,1.8865385704452953,4.2641829944890715,0.0001529066592304636,0.47123889803846897,9.42477796076938,0.9942398395667295,1.3748984563771958,0.06252324572524945
0.5,1.070222546332132,1.2911588447733813,3.670430717309934,2.902544673901884,0.6909634979907076,1.214781644759437,2.59372908291432,2.8511080444126,0.00015841735331750492,0.47123889803846897,9.42477796076938,0.9935767408437303,1.352098130889429,0.10472616431335731
0.6,1.0842234696627944,0.8392328434214014,5.445104637828376,3.193288878051409,0.7795119555779039,1.3975424859373689,3.5843021946010962,2.0090758139354064,0.00016287151425305285,0.47123889803846897,9.42477796076938,0.9929282366405422,1.4191889150509005,0.1761195070190479
0.7000000000000001,1.098179998423766,0.5232936445495678,8.363695369512678,3.472952467273938,0.8838834764831844,1.62713534914722,5.70163840975167,1.4291222539744406,0.0001669106093953966,0.47123889803846897,9.42477796076938,0.9923142720300627,1.473778374646333,0.2881120453346972
0.8,1.1119703246415147,0.33574842596851096,12.833278367741288,3.7391015499523825,1.020620726159659,1.8865385704452962,7.171631032524379,1.0378470965936062,0.00017075834812160077,0.47123889803846897,9.42477796076938,0.9917886916734416,1.4901838276287855,0.44959620191854194
0.9,1.125889608692314,0.214753628043737,19.305882204089407,3.9983934490014614,1.1410886614690967,2.224391302506522,8.100925873009826,0.7834841949062351,0.0001745006809452655,0.47123889803846897,9.42477796076938,0.9913590560219562,1.4754604981977024,0.6653115173952807
1.0,1.1395866840749247,0.14723303409626362,28.272707119984727,4.246496101675467,1.333984216131842,2.7401971745762315,8.73262163130612,0.6182849044760905,0.00017816819565430927,0.47123889803846897,9.42477796076938,0.991030876023998,1.444550110413112,0.9367097131657693
1.1,1.1530824380181595,0.10398772280358742,40.31463253435064,4.475650758982658,1.4731391274719752,4.606946747394998,9.197391689435051,0.5120763405818058,0.00018175190805888182,0.47123889803846897,9.42477796076938,0.9908020640764172,1.4093492224996562,1.263633148762018
1.2,1.166616973836396,0.07825158835386847,55.97554613934738,4.683259645232527,1.6404183070857945,5.504102005676211,9.549305530304867,0.439395176887574,0.0001852578623575402,0.47123889803846897,9.42477796076938,0.9906339915403778,1.3725614541051598,1.6400617541379041
1.3,1.1799899190108514,0.05564241913342088,75.96516755450996,4.87624068747003,1.8162078931419472,6.218671481916374,9.8138047610949,0.38688736100580634,0.0001887114956386761,0.47123889803846897,9.42477796076938,0.9905131730584359,1.3396922147734112,2.0629398807748274
1.4000000000000001,1.1935032588748777,0.04414804699531413,100.84560321481449,5.055964954060778,1.9764235376052388,6.814761347415052,10.019512213675874,0.34882361677053725,0.0001921095970741074,0.47123889803846897,9.42477796076938,0.9904568074646708,1.3083530684328633,2.521229289736624
1.5,1.2068894162179948,0.035126022279124924,131.29071773425392,5.226196890173339,2.1850184336878153,7.315437444199768,10.191312340529175,0.3196344771517252,0.00019547297511682594,0.47123889803846897,9.42477796076938,0.9904334812749719,1.280375394653866,3.0078056635076593
1.6,1.2203510723679067,0.02916429553561396,168.10902055013295,5.389816078093939,2.3662118107501153,7.73643526151131,10.353978033157649,0.2949950150833342,0.00019879219773413022,0.47123889803846897,9.42477796076938,0.9903952385394243,1.2559578408251555,3.5152949753570066
1.7,1.2338678956983276,0.022868930112864255,211.7456404941175,5.544166748753408,2.5515518153991454,8.074092656281708,10.512063176285723,0.2744733668451541,0.00020207618738888407,0.47123889803846897,9.42477796076938,0.9903886950269473,1.2322129766251269,4.029039977507675
1.8,1.2475006432015578,0.018826697469918323,263.09687271136346,5.692275116987158,2.7481054079735254,8.354140689901424,10.661701318269987,0.2567396220208532,0.00020532078236096656,0.47123889803846897,9.42477796076938,0.9904236862953173,1.2107934615676859,4.543709355285504
1.9000000000000001,1.2609388803796822,0.01641248161298951,322.55529432568574,5.833241546439009,2.9609730007399775,8.574631511356948,10.805252066574951,0.24119163378887462,0.00020854252562323202,0.47123889803846897,9.42477796076938,0.9904692159846321,1.1910795828302636,5.048154846031446
2.0,1.2747514441942873,0.013768597589227532,390.206314489094,5.968939560674693,3.1595314350214796,8.752479807333335,10.931049685287421,0.22697438320133806,0.00021174626938757487,0.47123889803846897,9.42477796076938,0.9905314706273425,1.1705920146857627,5.522923054189086
2.1,1.2883712165556713,0.012528908585461164,467.6523353330243,6.098398552919022,3.365728004459065,8.890245122229945,11.03576886512419,0.2141973438579876,0.00021491282016742258,0.47123889803846897,9.42477796076938,0.9906058292832416,1.153190636596241,5.981163201311511
2.2,1.302084806678174,0.011311290430085939,552.7820617128513,6.225097631464534,3.572172541558802,9.025907926014362,11.13365767990616,0.20260195764302397,0.00021805858615145924,0.47123889803846897,9.42477796076938,0.9906985068875247,1.1323979332683638,6.381912322137509
2.3000000000000003,1.3157946018508846,0.009738841545524762,649.0599494659032,6.3487112334319455,3.7788244056702207,9.140587903533461,11.221027507912694,0.19145425102463937,0.0002211791853627793,0.47123889803846897,9.42477796076938,0.9907916737477537,1.11506869137486,6.75951891857006
2.4,1.3292714014328928,0.008661376428348858,753.9873110266715,6.466527168488429,4.00195264839553,9.244461555139079,11.290436587366026,0.1814590533665531,0.00022425596776448105,0.47123889803846897,9.42477796076938,0.9908934501975976,1.0964745015479123,7.081709423241194
2.5,1.342871569526009,0.007653021927214841,871.9497945424055,6.582177758056662,4.213280920032642,9.34021323810829,11.351777271521065,0.1721190280295385,0.00022731582448514334,0.47123889803846897,9.42477796076938,0.9909867664479639,1.0825644807726722,7.381625189328735
2.6,1.356580837218178,0.0075718265765563845,993.2599159148033,6.69491239387465,4.424325121165688,9.441890994687217,11.403276819503342,0.16320137924707304,0.00023034389392178356,0.47123889803846897,9.42477796076938,0.991073952073215,1.0605565876996863,7.575447626441064
2.7,1.3702397666481474,0.007041174757213624,1124.5521769092506,6.803948934044526,4.630439743936015,9.526552804311399,11.445068079016977,0.15482760468993795,0.00023336384761496684,0.47123889803846897,9.42477796076938,0.991150612141135,1.0410311457430288,7.725760274428506
2.8000000000000003,1.3833702100991037,0.005897777200030723,1262.6151038837952,6.910134139361952,4.850186136176173,9.61272666254944,11.488596399135197,0.14685571757489851,0.00023632149145153645,0.47123889803846897,9.42477796076938,0.9912393998127401,1.02156271111331,7.818089801902312
2.9,1.396312985785173,0.005277575850978393,1409.0475310216473,7.013588890427162,5.056108791463166,9.686939947968892,11.522547340854027,0.13954689027137793,0.00023922924682760234,0.47123889803846897,9.42477796076938,0.9913312286619661,1.0040983802440693,7.865188244046623
3.0,1.4092738488413277,0.004822405194873028,1564.6732670859249,7.113751281661408,5.262221225131287,9.749465797331327,11.552642194176478,0.13220579648893319,0.00024208780096827962,0.47123889803846897,9.42477796076938,0.9914143076522358,0.9888437628667347,7.8730193052869755
3.1,1.4228714157808435,0.004481558120797591,1707.9361444358822,7.210915906645234,5.468501978502787,9.811593199430515,11.584532312048204,0.1264842913331103,0.0002449507271034517,0.47123889803846897,9.42477796076938,0.9914986118478126,0.9630262780826032,7.7413159847196
3.2,1.435843632336748,0.005012511345814676,1849.818604642984,7.306190258658574,5.667279378639769,9.873329675893988,11.610728994243978,0.11949300310501255,0.0002477987737646521,0.47123889803846897,9.42477796076938,0.9915874810597343,0.9351734871951293,7.5595000621779365
3.3000000000000003,1.4492008487185735,0.00420152367662465,2022.572647871078,7.401617476415409,5.870417834835571,9.923754469845463,11.638731436219519,0.11367288267534556,0.0002506281863341625,0.47123889803846897,9.42477796076938,0.9916553773473218,0.9226899523208159,7.449599833880775
3.4,1.462718202121998,0.004314149620382453,2172.8419678215105,7.496433323988562,6.059599821770412,9.982623792259117,11.662945835232007,0.108655666513556,0.0002534567788214832,0.47123889803846897,9.42477796076938,0.9917446362092991,0.9036097527446866,7.2138574372443065
3.5,1.4757186856003568,0.004074954168636868,2313.0690554954303,7.590106629201374,6.250000000000001,10.038986502630632,11.692679333668567,0.10270175647294931,0.00025626770290934517,0.47123889803846897,9.42477796076938,0.9918404386361105,0.874286346343463,6.9281743473620585
3.6,1.4889834920551621,0.0042409924015553635,2497.001757456855,7.683038146539086,6.431395433513805,10.097184013377197,11.727889954197975,0.0974547726130799,0.0002590471096480359,0.47123889803846897,9.42477796076938,0.9919317662451275,0.8708565228783028,6.747037431120251
3.7,1.501967039735721,0.003699477776584056,2595.100853967103,7.775603126033783,6.607813136314044,10.161456998547665,11.759304826391737,0.09325516368364647,0.00026179756226837213,0.47123889803846897,9.42477796076938,0.9920040256648269,0.8317607037602204,6.3312937697711975
3.8000000000000003,1.5148574703233968,0.003560911737543372,2789.2590795172036,7.866019496618011,6.786040614542638,10.22320345532108,11.796156389076721,0.08857351760293615,0.0002645260473525279,0.47123889803846897,9.42477796076938,0.9920903237747075,0.8334846601179374,6.147544394238679
3.9,1.5277424009576623,0.004201979350385876,2880.773372622524,7.955760340111017,6.940971353732368,10.286689079690424,11.82004829375357,0.08408871273178128,0.00026721644368926526,0.47123889803846897,9.42477796076938,0.9921804937560208,0.7974008181208508,5.737885246523111
4.0,1.5404473797138212,0.003537038729187893,3050.079948172941,8.04304171154679,7.107800878846659,10.345590848279281,11.847556006760776,0.07955717428484833,0.00026986870916851556,0.47123889803846897,9.42477796076938,0.9922476373045465,0.7969150462512355,5.493953949691385
4.1,1.5535447908358935,0.0030623757880244708,3185.40479551697,8.129600125519945,7.267818142713503,10.412499166333168,11.876827344782688,0.07582066848723347,0.00027254170939018023,0.47123889803846897,9.42477796076938,0.9923026898002189,0.7760812137981485,5.189523112145592
4.2,1.5664141485089642,0.0032008746624625057,3241.7981401710404,8.213680914054759,7.409758018241142,10.470693227607555,11.911493632435674,0.07263863524612509,0.00027519981460426214,0.47123889803846897,9.42477796076938,0.9923988753829106,0.7550380961012423,4.7819068620156076
4.3,1.579074674693502,0.0029493947912154154,3424.3617020220377,8.295588045751893,7.5576488113404405,10.536807180334828,11.942425539972094,0.06873084188285467,0.000277829273955909,0.47123889803846897,9.42477796076938,0.9924810670957995,0.7523519531205538,4.577656589839636
4.4,1.5919886755051185,0.0030494598541546216,3448.813656450463,8.376868740413556,7.6970638341296524,10.600461861007126,11.97871375955421,0.0655593602041844,0.0002804527514042297,0.47123889803846897,9.42477796076938,0.992562519945109,0.7191174448353059,4.18012960192973
4.5,1.6046919234123727,0.002644139627712246,3592.094555321837,8.454474361662623,7.82845592835664,10.65762963535722,12.013086036115412,0.062222409323027014,0.0002830594168600008,0.47123889803846897,9.42477796076938,0.9926207579735412,0.7240688986213732,3.9517329569833763
4.6000000000000005,1.6170977714428125,0.003033125824848298,3696.11556958894,8.531555892402357,7.944031652057343,10.720566941890507,12.049161450767714,0.05889178902280857,0.0002856410714776477,0.47123889803846897,9.42477796076938,0.9927010094963769,0.7112248922972506,3.695054394059612
4.7,1.6305199571567979,0.0028937316063400898,3690.7928809901787,8.607267573295337,8.06602528441914,10.78112419411301,12.094104394749994,0.05609800764005063,0.00028822239062575855,0.47123889803846897,9.42477796076938,0.992787032745259,0.6819048587377169,3.3524077969206827
4.8,1.6430055732508797,0.00318715983498496,3814.6128393053436,8.678061707086869,8.186201126828541,10.835336353288204,12.122780438313464,0.053848115254726735,0.0002908259870634005,0.47123889803846897,9.42477796076938,0.9928530416826714,0.6921603042738899,3.1556027195351315
4.9,1.65599212415424,0.0027925737810387307,3899.473486127613,8.747944104958782,8.296794896558284,10.901229543292608,12.167451458707365,0.050979473126602386,0.00029338358016013123,0.47123889803846897,9.42477796076938,0.9929247677085632,0.6796004346739486,2.939153249995608
5.0,1.6687067066232082,0.0029454846203942806,3938.185848479508,8.817751759460034,8.400768814023314,10.962768430769056,12.208404436653012,0.04863141634519772,0.0002959459681156349,0.47123889803846897,9.42477796076938,0.993013450436712,0.6641586244785078,2.7089439636853956
5.1000000000000005,1.6812956634406084,0.0038935659884765713,3824.3282529428852,8.883484465585292,8.500919067959652,11.014116573238587,12.250992023324297,0.04626262979700989,0.0002984919702194087,0.47123889803846897,9.42477796076938,0.993076805840397,0.6427309220813269,2.4044362081751864
5.2,1.6940427681459163,0.0026701082367560094,4055.7150367106265,8.94415296388187,8.58980338670346,11.067187487744523,12.279301690242814,0.04404278581196391,0.0003010186647234324,0.47123889803846897,9.42477796076938,0.9931448632919383,0.6616198266511336,2.3333641022195026
5.3,1.7066054569818945,0.003197860246714231,4057.5769357554504,9.005813799230324,8.672774290207771,11.11414889029095,12.318121249245403,0.041667497608613976,0.00030354075428915337,0.47123889803846897,9.42477796076938,0.9932126651575437,0.6463443922263374,2.1395254791805107
5.4,1.7191622079290643,0.002612949649662662,4101.1204205698905,9.065727348505177,8.75,11.164800839145219,12.356818855280766,0.03951168969861757,0.00030604066891661046,0.47123889803846897,9.42477796076938,0.9932666301895843,0.6391344201871136,1.9851142682140603
5.5,1.7318799541670178,0.0030083733100344104,3925.307542893676,9.122184017948722,8.814248250544242,11.213288867331574,12.391893631635876,0.038069371997243154,0.00030853820192151924,0.47123889803846897,9.42477796076938,0.9933243273022502,0.6165578995911214,1.7473984294977483
5.6000000000000005,1.7441689777150278,0.002682428519536417,4146.022663432375,9.171752265347742,8.880475619144633,11.253857363391257,12.425122959373706,0.0362700720517418,0.00031102416205640873,0.47123889803846897,9.42477796076938,0.9933977921886018,0.6418921740720958,1.7015037570987814
5.7,1.7569977559619288,0.0023726259848603436,4153.647900658547,9.221114535167153,8.946212730659955,11.29235852738971,12.454779314695939,0.03418768352359035,0.00031348702848478055,0.47123889803846897,9.42477796076938,0.9934688731762031,0.6274019316641312,1.5733756493187057
5.8,1.7693884716905675,0.002673930385507816,4177.850435953153,9.270655088886357,8.999421277689658,11.346040670158416,12.494790581144875,0.03249131402601133,0.00031597207657796384,0.47123889803846897,9.42477796076938,0.9935156816911188,0.6270114492030392,1.46461654196186
5.9,1.7817553770048358,0.0024342457677892252,4135.35287126186,9.316963856900852,9.0571104663684,11.386136184949759,12.532942702245863,0.03101920863304576,0.00031841596869778877,0.47123889803846897,9.42477796076938,0.9935720338142119,0.6124745222532674,1.3448163468077434
6.0,1.7934458138275837,0.004771019449470182,3904.1083931560865,9.360867430642791,9.112053220262101,11.4279901265854,12.565799041666853,0.029455306564605967,0.0003208164228833681,0.47123889803846897,9.42477796076938,0.9936337667646427,0.5959495919984779,1.1815239710603196
6.1000000000000005,1.8055435233774646,0.0025187133324748564,4184.083786989993,9.398334677155688,9.161930594706677,11.464013743498004,12.591677696884647,0.028104358358601703,0.0003231855277282018,0.47123889803846897,9.42477796076938,0.9936877106357167,0.6258923028250328,1.1806236763001328
6.2,1.8178063866671859,0.002870216030335512,4172.824769921824,9.436651538293058,9.20682491416015,11.498037272122192,12.614062919350504,0.02687067762543278,0.00032556596027133916,0.47123889803846897,9.42477796076938,0.9937344575408043,0.6143972020774342,1.1003306745558363
6.3,1.8303967548486901,0.002860767407421439,4151.335419900376,9.475291847489187,9.256191621467941,11.531960419248374,12.646708508980156,0.02535604280680732,0.00032798800546547587,0.47123889803846897,9.42477796076938,0.9937904049874848,0.6111630127161115,1.0252063699457528
6.4,1.8427300112335407,0.0025909165493111976,4201.354203589872,9.51305819626945,9.30296398406921,11.567660259918117,12.675846454313552,0.02402421032344686,0.0003304031097258731,0.47123889803846897,9.42477796076938,0.9938537144393773,0.6142016552283983,0.9746601101591177
6.5,1.8548328210632261,0.003431543870597587,4027.1683247313517,9.549039734843273,9.3355652093367,11.601379826938212,12.716868718359878,0.02299415180517961,0.00033278839358953053,0.47123889803846897,9.42477796076938,0.993894211925895,0.5847730988335827,0.8803781171630378
6.6000000000000005,1.8667939899970978,0.002844892594863336,4042.060413584558,9.580811593403538,9.375,11.625672023586423,12.730513431210158,0.023022599033153093,0.0003351584127013488,0.47123889803846897,9.42477796076938,0.9939262582334568,0.6159361237640895,0.8355733034661267
6.7,1.8790561696028847,0.0029353294047826163,4142.68989876051,9.60783356020099,9.416574483324602,11.648050623745302,12.735626429648272,0.021565548280637854,0.00033751167930658394,0.47123889803846897,9.42477796076938,0.9939786268023946,0.6161659793386493,0.8116049470686278
6.8,1.8910822621147398,0.0029810015143802884,4102.002765030035,9.635298313097879,9.45108018517813,11.670386311800765,12.762861160413836,0.02028538639048498,0.0003398738279750656,0.47123889803846897,9.42477796076938,0.9940190290517934,0.6065325453617028,0.7640074600168238
6.9,1.9032591822801652,0.002927547258028144,4091.703399069898,9.661523204446624,9.478594305064439,11.692679333668567,12.783249130535372,0.019207348821961383,0.00034222204958399,0.47123889803846897,9.42477796076938,0.9940479132354757,0.6067328733595935,0.7265252456310658
7.0,1.9149375157509885,0.00287421103841973,4129.765584516427,9.687587376969603,9.510593508761106,11.72048598252934,12.806994074419736,0.01825841502425538,0.00034454716241788736,0.47123889803846897,9.42477796076938,0.9940968305359056,0.6069515822201061,0.7013539709612654
7.1000000000000005,1.9270352224034843,0.0029176084321189746,4150.238201106559,9.712877737871414,9.542485408832322,11.737138350836064,12.823927830426994,0.017411664457206575,0.00034687299044019977,0.47123889803846897,9.42477796076938,0.9941390527160695,0.6021162924632862,0.6755995474254608
7.2,1.9391548281024333,0.0035687447720748294,3957.2758933996024,9.738549199169285,9.569736731546543,11.759304826391737,12.83745875250325,0.016340366699573755,0.00034919486160889213,0.47123889803846897,9.42477796076938,0.9941821485839343,0.5718381058475844,0.6190008880083052
7.3,1.9515551347306577,0.005229579780666679,3882.2738901143457,9.761530006611396,9.599171694590229,11.779587452689317,12.85772843684123,0.015479313773157812,0.00035155161160385217,0.47123889803846897,9.42477796076938,0.9942198935954087,0.6034566844292365,0.5851326575139629
7.4,1.9632136132546076,0.002913883730752859,4016.371891321983,9.780309899673233,9.617240739653159,11.80535130542266,12.874595462900315,0.014789319357509817,0.00035388003039432843,0.47123889803846897,9.42477796076938,0.994267296749719,0.6129127341978217,0.5852253683161256
7.5,1.975631695789983,0.0029772538919516853,3994.3943219903017,9.798812700894793,9.635275899872651,11.823719686385592,12.891440420337485,0.014244493758608954,0.00035621302265678034,0.47123889803846897,9.42477796076938,0.9942976482403785,0.6093846882418874,0.5638442453401382
7.6000000000000005,1.9872297356419992,0.0035345820996713394,3974.7122572248536,9.814576654331757,9.65102901825039,11.834727030603155,12.899854650343933,0.013377349417561862,0.00035849590669000353,0.47123889803846897,9.42477796076938,0.9943395277566599,0.6093912883051512,0.545542348887921
7.7,1.9990001565254116,0.0036316286223269877,4014.9464823168905,9.829822203552109,9.669001154893579,11.853049888812023,12.90490055495715,0.01265982545946319,0.00036078646259842044,0.47123889803846897,9.42477796076938,0.9943860574434256,0.6127062373680229,0.5370622085821656
7.8,2.0109964219075445,0.003001252038059055,4118.308671075129,9.846400084326522,9.686939947968893,11.876827344782686,12.925064474371752,0.012396031767230585,0.00036307290895243007,0.47123889803846897,9.42477796076938,0.9944454670034032,0.6098359080707259,0.5377973961131307
7.9,2.0227591315873625,0.002779632174497041,4121.837804697643,9.860610063346602,9.702609185162515,11.891435994025281,12.938489629353533,0.011680489475128272,0.00036536193691456164,0.47123889803846897,9.42477796076938,0.9944882665115292,0.5968607029566515,0.5263730120077453
8.0,2.0346616095681886,0.002913793427642803,4110.511877925098,9.875084071730457,9.713786022395638,11.911493632435674,12.958601283403324,0.011319480815176499,0.00036763256701271505,0.47123889803846897,9.42477796076938,0.9945203930052536,0.5938354764100094,0.5141554043962125
8.1,2.046427576208057,0.005713674993503504,3712.422735723738,9.890458776244781,9.720485956073505,11.924240017711822,12.973664564116888,0.011135949692318169,0.00036990470555124124,0.47123889803846897,9.42477796076938,0.9945730786405339,0.5488452376964353,0.4558193820968868
8.2,2.0584185469466667,0.004064095177570047,3733.8853340874834,9.903538427037235,9.738329910433537,11.946059322359543,12.993721774593896,0.012946186933422508,0.0003721820319553297,0.47123889803846897,9.42477796076938,0.9946102257383301,0.610851502767447,0.45134442790706386
8.3,2.070753464673167,0.003529820380692118,3846.4639806107434,9.91404881887021,9.756141228306749,11.955138946169644,12.9937217745939,0.010839114002851698,0.0003744689203497632,0.47123889803846897,9.42477796076938,0.9946489875527793,0.6178814149863996,0.45821817497013023
8.4,2.0828354543789964,0.004278488515637824,3803.074819201115,9.925374846845322,9.762812094883317,11.969652018519355,13.003738778606028,0.009899147631340761,0.0003767738586503654,0.47123889803846897,9.42477796076938,0.9946840161151901,0.614839182070177,0.4475728682902291
8.5,2.094185430934119,0.0039263443614756385,3813.973885800226,9.936109740271077,9.773920088116585,11.97871375955421,13.008744388124304,0.009671894967762315,0.0003790383799982128,0.47123889803846897,9.42477796076938,0.9947283096161806,0.6214312530826122,0.4447051667380431
8.6,2.1061389376982045,0.004595209208346511,3873.560562387372,9.94225866677203,9.785015471514482,11.980525285274894,13.012080391355994,0.009576400422632506,0.00038129531285747926,0.47123889803846897,9.42477796076938,0.9947774460607283,0.6202819319855644,0.4477776788633804
8.700000000000001,2.1183555644121115,0.0035807003216432698,3967.3180480516817,9.948545149401026,9.793882727952631,11.985958219702106,13.01874983330666,0.00918882983014025,0.0003835690604955669,0.47123889803846897,9.42477796076938,0.994816389052941,0.6182895956945231,0.4547618260429409
8.8,2.12976744476408,0.003269187874151469,4099.498834108032,9.955950854252741,9.800527905282562,11.993198303853546,13.025415860283822,0.008284045131054392,0.0003858403858009706,0.47123889803846897,9.42477796076938,0.9948634688691018,0.6099131000145775,0.4661782877931005
8.9,2.140954663383908,0.003381148974259502,4118.650203943595,9.96180268693606,9.80716857994985,11.996816707406643,13.037073205968348,0.007523090243496771,0.0003880493390015226,0.47123889803846897,9.42477796076938,0.9949033389311771,0.5949744137459156,0.4646061675027365
9.0,2.152499224759898,0.0033795907066806745,4068.044938260827,9.968098507759215,9.8138047610949,11.998625499984943,13.04539350371106,0.007160160026662756,0.000390234351922059,0.47123889803846897,9.42477796076938,0.9949398007472291,0.5805329825032169,0.4550711606528465
9.1,2.1647061911678436,0.0035666972943455286,3974.4042999708986,9.976419658446185,9.82485510212633,12.02030978062638,13.048720137324667,0.00671299494029859,0.0003924764510932687,0.47123889803846897,9.42477796076938,0.994978285260294,0.5798179595668488,0.44094975575546597
9.200000000000001,2.1763876660223582,0.005220075977335742,3747.4713074704127,9.986988611848423,9.835893028427396,12.034744261696817,13.053708498183784,0.006239331564186969,0.00039472714102679456,0.47123889803846897,9.42477796076938,0.9950034065060402,0.5623979362121034,0.41310592826620945
9.3,2.1882720137812095,0.011800144241365617,3175.58854823573,9.996530138383351,9.84691858174706,12.050962386649642,13.058694953512349,0.006111860544449994,0.00039696133097673374,0.47123889803846897,9.42477796076938,0.9950509768353435,0.5412868081735287,0.34860505169951217
9.4,2.199764650161539,0.004054335329545719,3575.0941122171153,9.999832981521127,9.85352799198789,12.049161450767713,13.057033013326999,0.005680520658439623,0.0003992030605690947,0.47123889803846897,9.42477796076938,0.995085923416972,0.6223976625443961,0.39175805803821706
9.5,2.211554512435707,0.004980268233814523,3611.08488018786,10.002903453362523,9.862333648787187,12.052763053433939,13.058694953512349,0.005434999719117653,0.00040142081164108435,0.47123889803846897,9.42477796076938,0.9951155829753113,0.6300835354526999,0.3954342112000978
9.6,2.2231148673310783,0.005642219727300285,3588.754843881095,10.00662803339673,9.864533834793095,12.058163440406485,13.060356682214566,0.005136624105443266,0.00040364979266886215,0.47123889803846897,9.42477796076938,0.9951563218026054,0.6321859708114157,0.3934930976424541
9.700000000000001,2.2351263458558357,0.005458275084242351,3651.4164188771992,10.009854429450936,9.864533834793097,12.058163440406485,13.075302737094336,0.004863978569086432,0.000405873116128496,0.47123889803846897,9.42477796076938,0.9951861583459923,0.6382010509292315,0.40111198271822734
9.8,2.2468840881813046,0.0041618140809172475,3813.1901883916844,10.00942611205178,9.862333648787189,12.05276305343394,13.07862176309959,0.004726499091731876,0.00040810985378587325,0.47123889803846897,9.42477796076938,0.9952266591564098,0.642612263467681,0.419645444946992
9.9,2.2585731009571566,0.003765287384066002,3924.278267184275,10.008211405888678,9.864533834793095,12.049161450767714,13.07862176309959,0.004844543759779028,0.00041033103715237736,0.47123889803846897,9.42477796076938,0.9952649918324094,0.6244977171831108,0.4321113763726772
10.0,2.269851939206549,0.004401555638057241,3950.0979546419107,10.007962176759548,9.864533834793097,12.049161450767714,13.083598723422986,0.004666038161973856,0.00041254384332984527,0.47123889803846897,9.42477796076938,0.9952959516313455,0.6043425947748153,0.43470002958188275
10.1,2.281306811003575,0.0032480891149650275,4083.2952229540847,10.00884028657811,9.862333648787189,12.04375702732886,13.086915645449508,0.0045647704938578835,0.00041473565658703144,0.47123889803846897,9.42477796076938,0.9953382937955283,0.5990321493670749,0.4483820916331037
10.200000000000001,2.292484173872836,0.00329398146040263,4080.0892760046477,10.010747574493816,9.86673353017885,12.041955013848689,13.091889452804146,0.004273820122390449,0.0004168868145937237,0.47123889803846897,9.42477796076938,0.9953592442295287,0.5847952348763406,0.4467028049516584
10.3,2.303869650423227,0.003601872435313387,4080.795990826403,10.012773203793406,9.86893273527251,12.040152730666577,13.091889452804146,0.003952544266812454,0.0004190371373875683,0.47123889803846897,9.42477796076938,0.9953973886692992,0.5814400463845593,0.4451931944619263
10.4,2.3152510671822997,0.0039026276120988756,4052.7751357044094,10.015603799723314,9.873329675893988,12.040152730666577,13.091889452804148,0.004274960207160294,0.0004212122704495536,0.47123889803846897,9.42477796076938,0.9954436628593479,0.5782033859747884,0.44059548798439946
10.5,2.326466910054862,0.004224840901349728,3942.4544963551716,10.020164120502752,9.879921417816147,12.041955013848687,13.101831402941771,0.0039458633605616925,0.0004233640847364536,0.47123889803846897,9.42477796076938,0.9954888350832202,0.5712656007323527,0.42733106157761935
10.6,2.3378541299343754,0.0038908837015360336,3783.916368638897,10.025310241961902,9.882117688026188,12.049161450767711,13.113420818213513,0.0035337808532050303,0.0004255214685990945,0.47123889803846897,9.42477796076938,0.99552555096328,0.5739911064000879,0.4093371885889652
10.700000000000001,2.349022441471907,0.005251734605472548,3587.612102610146,10.0325079620575,9.886508764753893,12.065360196308548,13.13326459372874,0.0037648076562600535,0.00042766841538234844,0.47123889803846897,9.42477796076938,0.9955543938767835,0.5709982547054049,0.3881038376813898
10.8,2.3603969482088836,0.00983988332465186,2952.036523096102,10.039124399493625,9.890897892057684,12.083333333333332,13.144826295289466,0.005920519501436446,0.00042981303998055264,0.47123889803846897,9.42477796076938,0.9955935802402166,0.5401082044249016,0.32022461333988483
10.9,2.371585268667486,0.005297373181192411,3232.699542131967,10.038592103680479,9.886508764753895,12.079740845270186,13.153078431387165,0.006321942470917923,0.00043195871874225286,0.47123889803846897,9.42477796076938,0.9956164562436354,0.6298627628652456,0.35270629026509465
11.0,2.383043925741691,0.005210604504871507,3351.2636092328003,10.037485893593516,9.888703571921514,12.07075494739248,13.151428418405525,0.005009413705077635,0.00043409742212836356,0.47123889803846897,9.42477796076938,0.9956516353820195,0.651359704682629,0.36801470498010913
11.1,2.394196489054866,0.006415025327727579,3335.9338694146413,10.036870261383633,9.888703571921516,12.07255266204202,13.146477136902918,0.004395012094051043,0.00043624470605415066,0.47123889803846897,9.42477796076938,0.9956847239932952,0.6519282694802118,0.3693235099479295
11.200000000000001,2.40577602514079,0.005544159208454088,3395.5661542382036,10.035861653476402,9.888703571921514,12.070754947392482,13.144826295289466,0.004700786725015249,0.00043839144287530126,0.47123889803846897,9.42477796076938,0.9957202523112334,0.6590832233595849,0.37914051450642744
11.3,2.4167170779009908,0.004638813623631063,3569.649042948352,10.03544118226626,9.882117688026188,12.06536019630855,13.139872526017902,0.004446191717573577,0.00044053431326166587,0.47123889803846897,9.42477796076938,0.9957533049705402,0.6650575116857922,0.40186089410061104
11.4,2.4281726011519424,0.004697551773095875,3719.103881566816,10.034686470577117,9.882117688026186,12.06356140983619,13.138220854522968,0.00414594666748302,0.00044267179180046515,0.47123889803846897,9.42477796076938,0.9957866223890325,0.64910252888717,0.4210282455174231
11.5,2.4393212817854004,0.004739164012266509,3878.5338726600125,10.030737069212803,9.87992141781615,12.058163440406485,13.13326459372874,0.0034889957840256672,0.000444783467559913,0.47123889803846897,9.42477796076938,0.9957947353480534,0.6311728744649299,0.4404553599569036
11.6,2.450201711665104,0.004288827417267847,4000.9167564272084,10.02661680653303,9.87332967589399,12.050962386649644,13.125,0.0031309859289126996,0.00044691090723923525,0.47123889803846897,9.42477796076938,0.9958263287735165,0.6134436030028441,0.45467126048457046
11.700000000000001,2.46141644718226,0.00428621900299459,4010.184600733633,10.02402199351492,9.87113145040178,12.041955013848689,13.113420818213513,0.0029302693816789377,0.00044899887500559504,0.47123889803846897,9.42477796076938,0.9958406112953556,0.5876505839884838,0.45490893993036674
11.8,2.4724345090553266,0.004421099191333954,4019.420190519727,10.021546915068624,9.86893273527251,12.03835017766139,13.103487661263657,0.0031597742439028456,0.0004511033103155954,0.47123889803846897,9.42477796076938,0.9958615465099411,0.5845442039665638,0.4545670881521516
11.9,2.483343325202383,0.004193636600836043,4076.0293401639474,10.020374382007718,9.866733530178848,12.036547354711908,13.106799550021526,0.0026122375218227325,0.0004532063640718339,0.47123889803846897,9.42477796076938,0.9958940473177289,0.5807210501678021,0.4591584443640997
12.0,2.49461019894707,0.0039015670904091492,4055.36526438951,10.021602752603513,9.864533834793097,12.036547354711908,13.103487661263657,0.0023949353355618196,0.0004552981650107117,0.47123889803846897,9.42477796076938,0.9959149160368953,0.5738818589906688,0.4547156302877727
12.1,2.505495990106328,0.00427478253428294,4037.45111182814,10.023657311279733,9.864533834793097,12.03835017766139,13.103487661263657,0.0023772019903429923,0.0004573935521099516,0.47123889803846897,9.42477796076938,0.9959412240467848,0.57327059716473,0.45078543997456644
12.200000000000001,2.516278018504726,0.003914226596295751,4034.1071346399467,10.025647178559462,9.866733530178848,12.03835017766139,13.11176581463297,0.0022044746627501418,0.0004594820665332685,0.47123889803846897,9.42477796076938,0.9959630198662223,0.5754378521390272,0.448646764879341
12.3,2.52684750685053,0.004143929538639652,4006.161392766446,10.029442451935816,9.871131450401778,12.041955013848689,13.118384576192637,0.001946838786198111,0.0004615242613130211,0.47123889803846897,9.42477796076938,0.9959815371730806,0.5738374096193956,0.444035919642538
12.4,2.5377778764244456,0.004143159187747834,3983.7787886200194,10.034838165310077,9.873329675893988,12.049161450767714,13.12995938049061,0.0019270676852581128,0.00046359846202045316,0.47123889803846897,9.42477796076938,0.996000505435664,0.5764937104327013,0.4402283570733804
12.5,2.548440973859014,0.004278506677144695,3915.784477350652,10.038214082102634,9.873329675893988,12.050962386649642,13.138220854522968,0.0019198148959756738,0.0004656411617309295,0.47123889803846897,9.42477796076938,0.9960258877907472,0.5757327468106844,0.4318362089150908
12.6,2.559116446375223,0.004730667961999971,3776.478474929357,10.042826334189352,9.871131450401778,12.058163440406485,13.153078431387165,0.0018740155747854598,0.00046767433753935715,0.47123889803846897,9.42477796076938,0.9960486484655843,0.5727204382624886,0.4160895498523391
12.700000000000001,2.569502410138542,0.005389256569565447,3563.6181998343177,10.047606209048112,9.87332967589399,12.063561409836188,13.154728237405745,0.0019675577266804445,0.00046970211290581963,0.47123889803846897,9.42477796076938,0.996078117930524,0.5742789311733262,0.3930348110029879
12.8,2.579973764433369,0.0061099599126248835,3403.7347264981754,10.054540019901678,9.882117688026186,12.056363580191904,13.154728237405747,0.002162001397685492,0.00047169170665726417,0.47123889803846897,9.42477796076938,0.9961021216015923,0.5869985003492387,0.37663025823325913
12.9,2.590575902755414,0.01473372277001249,2706.9935102186014,10.061567326364944,9.890897892057684,12.05276305343394,13.156377836539122,0.006551343101021062,0.00047370527950704445,0.47123889803846897,9.42477796076938,0.99613173472115,0.5315476021542435,0.301384967020597
13.0,2.6017207028675062,0.008374559546910406,2852.3856858302906,10.061804088046351,9.897477933516422,12.05276305343394,13.159676414461467,0.009014064501069981,0.0004757450633582434,0.47123889803846897,9.42477796076938,0.9961617296850757,0.6351724462531053,0.32077211396826866
13.1,2.612850711485306,0.007180976875764989,3029.69891433997,10.060734245730075,9.890897892057684,12.058163440406485,13.158027228865109,0.005391652644503121,0.0004778188001309395,0.47123889803846897,9.42477796076938,0.9961920361790234,0.6728149082450843,0.34451100085105935
13.200000000000001,2.6233756686679106,0.007816962668109644,3028.351889016097,10.059907868182849,9.890897892057684,12.058163440406485,13.158027228865105,0.005041488751421058,0.00047986464529181904,0.47123889803846897,9.42477796076938,0.9962163504297349,0.6768924456383303,0.3489045094305721
13.3,2.634010361153289,0.008315478841660985,3098.3496824126746,10.058188027835827,9.886508764753897,12.056363580191906,13.154728237405743,0.004998576578803714,0.00048188755409604944,0.47123889803846897,9.42477796076938,0.9962369131419949,0.6875548353338463,0.3619212162844192
13.4,2.644669054000597,0.007003359106674619,3256.300131718336,10.054652951825906,9.882117688026186,12.056363580191904,13.153078431387167,0.004500949116005602,0.0004839123736043278,0.47123889803846897,9.42477796076938,0.9962692849440011,0.6935153035790095,0.3852860206525967
13.5,2.6553756822324073,0.0063044421310310475,3452.5448181048487,10.049306728113482,9.879921417816146,12.05276305343394,13.144826295289466,0.003975387970576564,0.00048593298513249615,0.47123889803846897,9.42477796076938,0.9962907728949456,0.6831542270167418,0.41268186156663184
13.6,2.6662691478709912,0.006179501647607943,3636.5672566512044,10.044322722302217,9.87332967589399,12.050962386649644,13.1398725260179,0.003516153274198367,0.0004879606483502639,0.47123889803846897,9.42477796076938,0.9963046135514124,0.6627297378485882,0.4375218163194357
13.700000000000001,2.67675148843436,0.005444815274711581,3801.3283058500106,10.040993686170207,9.871131450401778,12.050962386649642,13.13822085452297,0.0029164675185923412,0.0004899959424800425,0.47123889803846897,9.42477796076938,0.9963347742807909,0.6389735775793295,0.4588240290036188
13.8,2.687702078691073,0.004740255475133482,3879.649391844595,10.035230762172002,9.873329675893988,12.04736024566747,13.13326459372874,0.002605856998252366,0.000492026553341741,0.47123889803846897,9.42477796076938,0.9963678423385388,0.6113255799569907,0.4681215006176373
13.9,2.698045638622565,0.004838144139388516,3990.388968036315,10.028650309336697,9.86893273527251,12.041955013848689,13.120038744861493,0.0022800027932265744,0.0004940527472385127,0.47123889803846897,9.42477796076938,0.9963846435894784,0.6003306806735722,0.48029115285992446
14.0,2.7086510414375637,0.004422806759503019,4043.1715315891197,10.022559133044918,9.866733530178848,12.038350177661389,13.11176581463297,0.0020865666690116328,0.0004960529411718134,0.47123889803846897,9.42477796076938,0.9964111461663895,0.5852045864035386,0.4843878929694419
14.1,2.7194660101224994,0.004006162546423405,4061.693852579092,10.016527089661517,9.862333648787189,12.03294089849471,13.10017493521874,0.001793723619326653,0.0004980518186036401,0.47123889803846897,9.42477796076938,0.996439868813761,0.5762460055257239,0.4836752576282059
14.200000000000001,2.7303000928533723,0.004529120298667004,4057.9946515616057,10.011988347177194,9.855730143762393,12.025724741384844,13.086915645449508,0.0017397717101867995,0.0005000832353775606,0.47123889803846897,9.42477796076938,0.9964612519775293,0.5698734895754007,0.4800117883078022
14.3,2.741220242234769,0.0066202099923189555,3935.870096684616,10.008905994744278,9.85352799198789,12.022115038544591,13.076962355396013,0.002101875584579703,0.000502122958911348,0.47123889803846897,9.42477796076938,0.9964955366603226,0.5547479941019973,0.46233770791600604
14.4,2.7518792308032887,0.004397868328105807,3959.058999162697,10.006025462245606,9.84912221131068,12.020309780626379,13.073642908114358,0.003134054946211091,0.0005041415303423828,0.47123889803846897,9.42477796076938,0.9965135376169258,0.570645412711316,0.46208500129431695
14.5,2.762764339221086,0.005341500382559524,4014.301006110972,10.005434218005131,9.85352799198789,12.02030978062638,13.075302737094338,0.001870211999974346,0.0005061829039828366,0.47123889803846897,9.42477796076938,0.9965376102790632,0.5748362083317887,0.4655764625211227
14.6,2.773507104243802,0.004506598839775312,3985.2310532205747,10.005860765156282,9.846918581747062,12.02030978062638,13.07862176309959,0.001872318192062117,0.0005082110398819828,0.47123889803846897,9.42477796076938,0.9965432186837196,0.572153874008062,0.45960339795509175
14.700000000000001,2.7841338274403635,0.005170189149864588,3987.670881092952,10.00861450989475,9.855730143762392,12.022115038544591,13.086915645449508,0.001836385436895799,0.0005102257204806618,0.47123889803846897,9.42477796076938,0.9965636705991295,0.5742686476386494,0.4576236460239414
14.8,2.7945988454273474,0.0051875987142764295,3998.39903479528,10.012080812679104,9.855730143762393,12.029333361043376,13.090231727004173,0.002001692455112662,0.0005122505178289558,0.47123889803846897,9.42477796076938,0.9965716876274286,0.5732812395055032,0.4568524645947678
14.9,2.805639192470489,0.004989617324981001,3987.697819457309,10.0172958747167,9.866733530178848,12.036547354711908,13.101831402941771,0.001914223390887715,0.0005142675821820514,0.47123889803846897,9.42477796076938,0.9966050613522646,0.5704394677310864,0.4536164384841453
15.0,2.815578908850112,0.00443281597654425,4035.966695993668,10.022518728917024,9.873329675893988,12.040152730666577,13.113420818213513,0.0017590885739334134,0.0005162486933344824,0.47123889803846897,9.42477796076938,0.9966251487561072,0.572002616983761,0.4575639383457921
