t,norm,peak,R_rms,r50,r80,r90,PR,Vmem_peak,Vmem_mean,n_atoms_detected,n_raw_maxima,nn_mean,nn_median
0.0,1.0000000000000002,0.008545308042512608,15.097761394915306,14.902348808157726,18.74459922217597,20.83074650606646,327.4580502059753,0.0,0.0,12,12,8.92252863486995,9.055911767388427
0.1,1.315724870232424,0.008831515028829473,15.318238004494097,15.221038072352357,18.880677953929517,20.83074650606646,577.2294399550826,0.017157427320322376,7.00082005808741e-05,12,12,8.877613150735728,8.709534809459841
0.2,1.6296202550038896,0.009249200410104243,15.465612066058117,15.367498169838838,19.01578291840754,20.83074650606646,906.1399477529408,0.02312911042432288,0.00011555699520749985,12,12,8.714593841009242,9.175159898806793
0.3,1.935299545329655,0.008067705241065109,15.555681068328077,15.388307249337076,19.032603605392513,20.861447696648476,1355.0873706389402,0.025712600657424794,0.00015191617536405866,12,12,8.648956319845475,8.59190018239892
0.4,2.238831962777679,0.007475051978664053,15.630898183265703,15.471263684650971,19.0829767070025,20.861447696648476,1906.056522000975,0.023712939143954347,0.00018482127271911354,12,12,8.824766932922786,8.613787306705872
0.5,2.5467079526152925,0.007380807886436708,15.679666295663331,15.471263684650975,19.099738218101315,20.861447696648476,2596.409529058755,0.023422779948249286,0.00021684202659628303,12,12,8.864718803594847,8.870164208381873
0.6,2.842457626007142,0.006991425224847662,15.70138770648792,15.471263684650975,19.099738218101315,20.861447696648476,3383.7030226925035,0.021985612313621686,0.00024851951616661476,12,12,9.031724716454823,8.81970004665473
0.7000000000000001,3.1412770088833275,0.0063405801488429945,15.729423573143977,15.553777676178862,19.149934725737317,20.861447696648476,4308.303268202813,0.021845675477951815,0.0002796109579765659,12,12,8.80889979608675,8.54868280225816
0.8,3.436103186923965,0.006812008822261672,15.750126700869354,15.553777676178864,19.149934725737317,20.861447696648476,5384.750454004015,0.021238461708010137,0.00031110036065062587,12,12,8.801366172696005,8.757229380507821
0.9,3.7328452408272548,0.006708229645635648,15.771249276587197,15.553777676178868,19.14993472573732,20.83074650606646,6508.328760323394,0.022097893231389318,0.00034271201044113364,12,12,8.854474404978175,9.20942088093795
1.0,4.033213982023026,0.005560748861391346,15.781954484363098,15.574337867145427,19.149934725737317,20.83074650606646,7696.252977785074,0.02104579990611715,0.00037447824819100293,12,16,8.810184485816153,8.978195096440592
1.1,4.339463974197313,0.004958268439829604,15.793529578922486,15.574337867145431,19.149934725737317,20.861447696648476,8909.237780349866,0.01776772706236223,0.0004070576569072184,22,25,5.547381346871981,4.7995369253591385
1.2,4.617256015548975,0.004490620671556296,15.817437893415917,15.61537703675451,19.14993472573732,20.87678136111982,10024.678276645427,0.015562933245199844,0.0004391838638986777,41,52,4.357791959377911,3.666060555964675
1.3,4.90234365448336,0.0037634547072608665,15.837938060400122,15.615377036754511,19.1666376811375,20.876781361119825,11085.886836268113,0.014078818251643624,0.00047083775357357625,162,184,3.532083049730211,3.346298525094781
1.4000000000000001,5.179359516593603,0.003795167028843558,15.847645187681653,15.615377036754513,19.14993472573732,20.876781361119825,11929.4629481943,0.013153723597035542,0.000501883580457404,213,250,3.346154065787557,3.298484500494131
1.5,5.451319234594693,0.004501749679176747,15.859575507124477,15.635856228553651,19.1666376811375,20.876781361119825,12694.437535990593,0.01289258436576096,0.0005328406112572727,145,174,3.5256424326643576,2.993325909419156
1.6,5.727033953754245,0.0037879059065351758,15.86357924722811,15.635856228553653,19.14993472573732,20.87678136111982,13343.47067584465,0.012719158448078681,0.0005638778388819177,358,449,3.032305046022342,2.884441020371194
1.7,6.005989438073433,0.003371883992683023,15.884776217116018,15.697133496278868,19.166637681137505,20.876781361119825,13819.828326492336,0.011526347361325708,0.000595205118413603,592,854,2.73298801214896,2.6532998322843224
1.8,6.270889047587711,0.0030442053538776255,15.892469945431328,15.697133496278868,19.166637681137505,20.876781361119825,14363.184296033673,0.010932608170236521,0.0006261850652802336,726,1243,2.673061928035544,2.5298221281347057
1.9000000000000001,6.542297049139162,0.003651960050953973,15.901960416638795,15.717506163510802,19.23330444827409,20.90741495259517,14735.14668778482,0.010698681314332902,0.0006570137813131639,594,930,2.7392756385851245,2.6532998322843224
2.0,6.802570478358819,0.003038545449757162,15.905444703901212,15.7175061635108,19.23330444827409,20.90741495259517,15043.241321193873,0.010224255235838444,0.0006878286846725728,809,1547,2.6520642598268855,2.5298221281347057
2.1,7.059596628499779,0.003308597140744115,15.906730564188036,15.7175061635108,19.23330444827409,20.90741495259517,15315.620768712739,0.00908337481346877,0.0007180675177914533,791,1437,2.644376103952127,2.5298221281347057
2.2,7.298746417601448,0.0030373145668851687,15.909025354793393,15.69713349627887,19.2166594391429,20.90741495259517,15483.51137039819,0.009210299706636282,0.0007478215990985949,890,1770,2.5931701030484096,2.5298221281347057
2.3000000000000003,7.563974263566852,0.004331176324631083,15.917273888559343,15.7175061635108,19.2166594391429,20.876781361119825,15580.015585615136,0.008802200883498132,0.0007773799415470407,622,995,2.7211710034489927,2.6532998322843135
2.4,7.811529152647176,0.005296972152755422,15.931187906657824,15.717506163510802,19.23330444827409,20.876781361119825,15780.559741267862,0.013052784811819202,0.0008075034015377224,399,559,2.9146927196810553,2.8844410203711703
2.5,8.06076265019823,0.004028218898726592,15.928214106607523,15.717506163510802,19.166637681137505,20.87678136111982,15898.17769850082,0.01338111139741297,0.000837032237828166,757,1348,2.6568892751358044,2.5298221281347057
2.6,8.308319328178499,0.00400087939977919,15.937082270944387,15.717506163510802,19.200000000000003,20.87678136111982,15991.295005202854,0.011647734519824978,0.0008667220311350477,795,1467,2.64558452019017,2.5298221281347057
2.7,8.539960517268627,0.0030319489063594086,15.949405531925585,15.717506163510803,19.233304448274094,20.87678136111982,16037.651477079842,0.01107383077171016,0.0008957706290824381,968,2129,2.5773212966341985,2.5298221281347057
2.8000000000000003,8.774291854393356,0.003779372444266704,15.951991368638694,15.7378524583248,19.233304448274094,20.87678136111982,16152.572839436198,0.009752525915090805,0.0009237713765358979,910,1793,2.5780664850185637,2.5298221281347057
2.9,9.035120909156266,0.003569098369735378,15.952542483252829,15.717506163510803,19.249935064825543,20.87678136111982,16281.849337240474,0.01172014907300903,0.0009534240840915985,939,2012,2.5644535541874522,2.5298221281347057
3.0,9.265689496220867,0.0029363862337686997,15.96192882346364,15.717506163510803,19.249935064825547,20.87678136111982,16248.561700329536,0.010469699829964686,0.0009831072167438442,993,2250,2.554171949240454,2.5298221281347057
3.1,9.48883983055367,0.004077699285350612,15.96315843387625,15.717506163510803,19.249935064825547,20.87678136111982,16147.385776333602,0.008993989609246782,0.001011068576244884,923,1842,2.573850610109058,2.5298221281347057
3.2,9.72429150581962,0.0031994200778341906,15.963905549069459,15.717506163510803,19.249935064825543,20.87678136111982,16188.861169677972,0.011130815484161746,0.00103981468026666,989,2247,2.5534607401069533,2.5298221281346787
3.3000000000000003,9.94640442280221,0.0038755161915351374,15.969094359362536,15.737852458324799,19.249935064825543,20.87678136111982,16276.676210112519,0.00907387274280141,0.0010678048973655568,951,2055,2.576225921528774,2.5298221281347057
3.4,10.185523490525968,0.0035891566655164866,15.969233309443837,15.7378524583248,19.249935064825543,20.87678136111982,16368.079784418896,0.010931066251878034,0.0010961626097335808,991,2193,2.5749223708012328,2.5298221281347057
3.5,10.410800505697512,0.004067493841372363,15.980615628493966,15.737852458324804,19.249935064825543,20.876781361119825,16325.831946770011,0.01002473854219405,0.001124087079257197,965,2051,2.5821216545355763,2.5298221281347057
3.6,10.63597904473228,0.004039892641198937,15.986200222553867,15.758172482873768,19.249935064825547,20.90741495259517,16354.567685871325,0.011568215033130023,0.0011523423346693114,977,2076,2.5670423041555663,2.5298221281347057
3.7,10.859332844429074,0.0033574517465507743,15.985760702003807,15.737852458324804,19.249935064825547,20.876781361119825,16396.507754262522,0.011480255318498172,0.001179839712512767,1004,2268,2.558777043198203,2.5298221281347057
3.8000000000000003,11.081080601830603,0.003726517538800993,15.98546234931105,15.737852458324802,19.266551326067674,20.87678136111982,16402.683233536445,0.009621849346772005,0.0012074543945191064,969,2256,2.56789400935161,2.5298221281347057
3.9,11.282214616524799,0.0042950923058228925,15.984217513252107,15.737852458324802,19.249935064825547,20.87678136111982,16349.00836066334,0.011135811241158271,0.0012346218225334489,949,2160,2.57608597003855,2.5298221281347057
4.0,11.507050368259087,0.0037481844862777363,15.988061654715779,15.737852458324804,19.249935064825547,20.876781361119825,16385.486479007734,0.011448617263340156,0.0012611234335301398,1010,2290,2.5516952735495266,2.5298221281347057
4.1,11.73630668431488,0.004010423939015627,15.984442810399093,15.737852458324804,19.249935064825547,20.876781361119825,16345.165824010366,0.011502669233435207,0.0012886942470929713,992,2229,2.559899111425492,2.5298221281347057
4.2,11.938459710386352,0.0037118359027298532,15.985261622425488,15.737852458324804,19.249935064825547,20.90741495259517,16391.950325446393,0.010879460708568149,0.0013161747727353592,996,2302,2.5702179498778954,2.5298221281347057
4.3,12.14649053138071,0.004056780210171248,15.983715483202431,15.737852458324804,19.249935064825547,20.90741495259517,16488.21236946799,0.010570217705053338,0.0013426007233355104,986,2234,2.559684417222078,2.5298221281347057
4.4,12.362781231165012,0.003923409664702495,15.98094050662741,15.737852458324802,19.249935064825547,20.90741495259517,16522.669202907142,0.011502484342811996,0.0013687394638599631,998,2273,2.56631208720261,2.5298221281347057
4.5,12.553487915376616,0.003977780063376691,15.974384810740561,15.737852458324802,19.249935064825543,20.90741495259517,16413.373938487948,0.011083077583144436,0.0013946287514491455,1025,2324,2.5428791778697977,2.5298221281346787
4.6000000000000005,12.760961138065426,0.0044752180242960665,15.978013114976818,15.737852458324804,19.249935064825543,20.90741495259517,16407.238613106372,0.011739840364643109,0.001420341593148419,1006,2224,2.556946760821998,2.5298221281346787
4.7,12.972603280721993,0.005199676963977838,15.98088406920478,15.75817248287377,19.249935064825543,20.90741495259517,16358.476479390156,0.012986849081870904,0.0014462689488639207,961,2056,2.5559903253865865,2.5298221281347057
4.8,13.190379164183794,0.004906340879270736,15.97925326304649,15.758172482873771,19.249935064825547,20.876781361119825,16302.28113190483,0.014739550478651189,0.001472975513268355,970,2178,2.574078162563812,2.5298221281347057
4.9,13.386071294638436,0.00473907142191349,15.982858032218575,15.778466338652814,19.266551326067674,20.90741495259517,16310.532835766702,0.013379305367616641,0.0014990184945379904,981,2250,2.585899880688549,2.5298221281347057
5.0,13.594308057867007,0.00411517736215593,15.98263426205655,15.737852458324804,19.266551326067674,20.90741495259517,16430.63769212,0.013116632862521129,0.0015250260462510515,1020,2350,2.5521291797533388,2.529822128134697
5.1000000000000005,13.795254995756144,0.004585586592967329,15.979925075437006,15.737852458324804,19.249935064825547,20.876781361119825,16538.231951953174,0.012028314905777793,0.001550714687139532,996,2262,2.5654401745158535,2.5298221281347057
5.2,13.98353867994592,0.004880282088504339,15.977214629917366,15.737852458324804,19.249935064825547,20.87678136111982,16468.479778081542,0.013356422665935916,0.0015756943739645552,993,2258,2.559542320534275,2.5298221281347057
5.3,14.18048246434606,0.005617507063981429,15.9772562711417,15.758172482873768,19.249935064825543,20.876781361119825,16380.711509633584,0.014425877064818373,0.0016007794044445335,967,2073,2.5641631878054385,2.5298221281347057
5.4,14.364023340654324,0.005115733152723616,15.97818146081774,15.75817248287377,19.249935064825543,20.87678136111982,16348.610567206299,0.014177458031514283,0.0016256653126462792,969,2212,2.577221571231703,2.5298221281347057
5.5,14.545650803621994,0.005158789754049084,15.979632980972402,15.758172482873768,19.249935064825543,20.87678136111982,16320.08873533949,0.014115139232148662,0.0016495157529804942,987,2245,2.5616895866743525,2.5298221281347057
5.6000000000000005,14.738411285973221,0.005258287468195092,15.975987698117768,15.737852458324802,19.249935064825543,20.876781361119825,16301.363137828273,0.014485982003232955,0.0016734448297127163,993,2219,2.5618110809590715,2.5298221281347057
5.7,14.917717462150584,0.005825918356108983,15.97557986504176,15.737852458324802,19.233304448274094,20.876781361119825,16330.503126401472,0.013717941304041002,0.0016970006198546493,966,2111,2.5688904940997075,2.5298221281347057
5.8,15.10241486430598,0.006207125824173328,15.974753189820959,15.737852458324802,19.233304448274094,20.87678136111982,16348.367327749527,0.015673483033985185,0.0017209395392799238,941,1999,2.566338243476673,2.5298221281347057
5.9,15.27313502060769,0.006663022654034721,15.980935942107134,15.778466338652816,19.233304448274094,20.87678136111982,16382.966207065107,0.018099129583234185,0.0017446876626643413,902,1867,2.5835254058111725,2.5298221281347057
6.0,15.430638400325176,0.0055439045761530555,15.978719289858379,15.778466338652816,19.23330444827409,20.87678136111982,16475.839293851037,0.019175435347297543,0.0017670346774232288,971,2165,2.560300019778211,2.5298221281347057
6.1000000000000005,15.61330264891112,0.005078877064753258,15.979690398935167,15.75817248287377,19.233304448274094,20.87678136111982,16496.33765673055,0.015594686794464767,0.0017893483281267596,995,2310,2.5581270396579323,2.5298221281347057
6.2,15.8028999588009,0.005495848684211919,15.982949539131587,15.778466338652814,19.233304448274094,20.87678136111982,16395.898821634553,0.014291802990269314,0.0018125288001972991,989,2244,2.557638041730766,2.5298221281346787
6.3,15.95715000783708,0.0053420239851537975,15.983981792852262,15.758172482873768,19.233304448274094,20.87678136111982,16388.02230473596,0.014505128808089884,0.0018348841757394316,993,2293,2.5580241128885484,2.5298221281347057
6.4,16.131596550591542,0.005711271981006598,15.986985550520531,15.758172482873768,19.249935064825543,20.87678136111982,16366.420605372905,0.014473729991650123,0.0018570080354658658,994,2263,2.571824913828305,2.5298221281347057
6.5,16.285422563553606,0.0059673006408333075,15.995601313843446,15.778466338652816,19.249935064825547,20.876781361119825,16340.288072516525,0.015941493451349358,0.0018786739486056315,985,2174,2.5684657082820523,2.5298221281347057
6.6000000000000005,16.46163928412125,0.006275922309142357,15.995372996555115,15.778466338652816,19.249935064825543,20.87678136111982,16372.736755309239,0.016554042188523074,0.0019005232190466832,966,2145,2.575559057688376,2.5298221281347057
6.7,16.634783767770582,0.00625401063710783,15.997034185757473,15.778466338652816,19.249935064825543,20.876781361119825,16434.306565267016,0.017685120601445364,0.001922702495652017,968,2185,2.5852944793329473,2.5298221281347057
6.8,16.769723040548968,0.005882913893785737,15.994997606972976,15.778466338652816,19.233304448274094,20.876781361119825,16416.057388345347,0.018073653551705846,0.0019436502956646146,991,2269,2.554939289332785,2.5298221281347057
6.9,16.91269093254058,0.0056194543704544825,15.99332311171444,15.778466338652816,19.23330444827409,20.876781361119825,16329.293333843598,0.017612236590628372,0.001963262979055054,1009,2263,2.5582260334241846,2.5298221281347057
7.0,17.085996131540067,0.0056331923714274534,15.990708126151516,15.778466338652816,19.23330444827409,20.87678136111982,16304.604480638298,0.015889403762245874,0.001984502561965046,1002,2257,2.5500227978595014,2.5298221281347057
7.1000000000000005,17.24634785023144,0.006385720480487116,15.991537727795972,15.778466338652816,19.233304448274094,20.87678136111982,16395.137549650557,0.015987133050488142,0.0020055359776763775,986,2164,2.5616270854232606,2.5298221281347057
7.2,17.387486812300605,0.006082164957834465,15.994878152342565,15.778466338652816,19.233304448274094,20.87678136111982,16361.447702623815,0.018949129409144807,0.002025997352962433,997,2213,2.5659579474660776,2.5298221281347057
7.3,17.51956871549121,0.005769234916384666,15.992411415570079,15.758172482873771,19.233304448274094,20.87678136111982,16345.600716283698,0.018306480217508518,0.0020450700606974284,1005,2287,2.550373041907008,2.5298221281347057
7.4,17.683529865211664,0.005535675367681579,15.99350212177921,15.75817248287377,19.23330444827409,20.87678136111982,16372.01814055172,0.016410732822390292,0.0020647856465165165,994,2302,2.5559611416516432,2.5298221281347057
7.5,17.82746640893131,0.00597600823335375,15.988799596148548,15.758172482873768,19.23330444827409,20.87678136111982,16426.505082693362,0.014580976814863799,0.0020843752146582598,1010,2258,2.560131390472783,2.5298221281347057
7.6000000000000005,17.966206790056294,0.006412832581381968,15.98572566045701,15.758172482873768,19.2166594391429,20.87678136111982,16564.113853446517,0.018242306046659395,0.0021039172064162837,985,2205,2.5702343061610007,2.5298221281347057
7.7,18.108504617828537,0.006060952625088922,15.98465365932778,15.737852458324804,19.233304448274094,20.87678136111982,16540.772781529966,0.017203402402118404,0.002123220665631079,1027,2297,2.555839041127793,2.5298221281347057
7.8,18.236631321758438,0.005806796592962513,15.988623253472863,15.758172482873768,19.233304448274094,20.87678136111982,16486.30621502019,0.0177411748614455,0.00214182556517285,1024,2290,2.5607597965117463,2.5298221281347057
7.9,18.373504582333513,0.007308309185752039,15.987458888760273,15.758172482873768,19.249935064825543,20.87678136111982,16438.597395906116,0.017516948551699697,0.0021600717985680315,940,2034,2.5793366542974447,2.5298221281347057
8.0,18.52192288898857,0.005986965478830238,15.984964911193456,15.758172482873768,19.233304448274094,20.87678136111982,16416.087673235255,0.01876922503449775,0.0021787497855896066,1000,2275,2.554499707483664,2.5298221281346787
8.1,18.648045969432438,0.006198187790026924,15.98469746178575,15.758172482873768,19.233304448274094,20.87678136111982,16344.564328132228,0.01653372873887765,0.002197258954816406,1000,2260,2.553573270605986,2.5298221281347057
8.2,18.807145196556828,0.006973838213110328,15.980385828625352,15.737852458324804,19.233304448274094,20.87678136111982,16299.652599513658,0.017471339572009355,0.0022153879125152817,1001,2227,2.56547592396256,2.5298221281347057
8.3,18.96349307911906,0.006758701165281589,15.981274774941129,15.737852458324804,19.249935064825543,20.86144769664848,16385.84486529838,0.01941172720067205,0.0022348681907134677,1001,2213,2.573208076230397,2.5298221281347057
8.4,19.095511129467408,0.006953435140908758,15.98363931995841,15.737852458324804,19.249935064825543,20.86144769664848,16379.006958691027,0.019624497980507166,0.002253786562530021,999,2202,2.56552410449066,2.5298221281347057
8.5,19.195580299726206,0.007018200302646648,15.988308815578481,15.737852458324802,19.249935064825543,20.87678136111982,16335.574910563633,0.01935754944725361,0.002271414441056926,1004,2262,2.555353367359844,2.5298221281347057
8.6,19.350695366437808,0.006121723321925249,15.989373772799857,15.737852458324802,19.249935064825543,20.87678136111982,16333.065639758306,0.018243828545353703,0.0022888469222437013,1005,2335,2.5596187295383372,2.5298221281347057
8.700000000000001,19.497851284061372,0.0074473446225008545,15.98615985001179,15.737852458324802,19.233304448274094,20.876781361119825,16279.036751844507,0.017927618811683633,0.0023074046158812226,995,2181,2.5581809435133067,2.5298221281347057
8.8,19.621648556777284,0.007433736099872424,15.985727113875736,15.737852458324804,19.233304448274094,20.87678136111982,16295.296864563681,0.0222906507089707,0.0023258560548468725,974,2151,2.565350545732828,2.5298221281347057
8.9,19.76295127104087,0.006306717919333932,15.986783472998159,15.758172482873768,19.23330444827409,20.876781361119825,16403.807035610207,0.021922332526803097,0.002343661963309093,1003,2323,2.5489435862460246,2.5298221281347057
9.0,19.86985572367796,0.00845795413959836,15.987073770830365,15.758172482873768,19.23330444827409,20.876781361119825,16368.66947030967,0.01916801831158338,0.002360811499232735,931,1930,2.6012282928169737,2.5298221281347057
9.1,20.01930682852624,0.009224183271039047,15.990797607359161,15.758172482873771,19.23330444827409,20.876781361119825,16403.5274015457,0.02449199292772279,0.002378206892963978,882,1738,2.6054640825359074,2.5298221281347057
9.200000000000001,20.16331008253169,0.0072177484573534845,15.991213181759496,15.75817248287377,19.23330444827409,20.876781361119825,16460.675648948043,0.023984591343067355,0.0023961514826599194,975,2248,2.575786812343889,2.5298221281347057
9.3,20.279650132006974,0.006940394317423629,15.993064358383178,15.758172482873771,19.23330444827409,20.90741495259517,16366.337561920376,0.021489241991300135,0.0024137085313246077,990,2285,2.5749341688747354,2.5298221281347057
9.4,20.37650882831516,0.006874497304168366,15.988898404006829,15.758172482873768,19.23330444827409,20.90741495259517,16359.810224376317,0.019820483635194105,0.0024294083583181313,1022,2265,2.558006359319381,2.5298221281347057
9.5,20.518140276284896,0.0072814513522200435,15.989619894427127,15.758172482873768,19.233304448274094,20.90741495259517,16369.545984427054,0.019636203109793915,0.002445797859234845,1010,2196,2.567090185185048,2.5298221281347057
9.6,20.639291327232762,0.00667379148697021,15.987318400492029,15.737852458324804,19.233304448274094,20.922714928995234,16339.157309451442,0.020277661573470416,0.0024629059346094363,990,2255,2.581447329568501,2.5298221281347057
9.700000000000001,20.7512483354898,0.007186941559021159,15.988504828204787,15.737852458324804,19.249935064825543,20.922714928995237,16336.864341229113,0.019985973945752418,0.002479131156853034,1023,2270,2.5578895526998706,2.5298221281347057
9.8,20.85377117626069,0.006909652960217644,15.989132786651677,15.737852458324802,19.249935064825543,20.922714928995237,16336.621165638986,0.02081215415076451,0.0024942186783190505,995,2313,2.5608309231967383,2.5298221281347057
9.9,20.991579953020842,0.007419682907996412,15.991635462162732,15.737852458324802,19.249935064825543,20.922714928995237,16400.51012385655,0.02203382045764747,0.0025104437097613536,1001,2186,2.557081035678134,2.5298221281347057
10.0,21.1485193368406,0.007328214944691923,15.985938327575429,15.7378524583248,19.249935064825543,20.90741495259517,16346.286590853679,0.022751329516990215,0.002527966740018508,978,2203,2.5575061468029094,2.5298221281347057
10.1,21.257947716962157,0.007862783431710804,15.992642538907374,15.7378524583248,19.249935064825543,20.922714928995237,16276.122530370354,0.021759853068932418,0.0025452208178324796,1003,2223,2.5592827134951817,2.5298221281347057
10.200000000000001,21.386413482563526,0.007090889947170011,15.990709244130866,15.717506163510803,19.249935064825543,20.90741495259517,16281.146433694654,0.023373199453099607,0.0025616893080096298,997,2253,2.5468290077968256,2.529822128134697
10.3,21.496222333578565,0.007210251332706608,15.987670214921456,15.7378524583248,19.249935064825543,20.90741495259517,16328.993234662597,0.021087297959696803,0.0025775534772588906,969,2225,2.5781325997356577,2.5298221281347057
10.4,21.617003154314006,0.007059334280165446,15.990361495428916,15.737852458324804,19.233304448274094,20.90741495259517,16318.667408391111,0.021659862345092328,0.002593715131527073,993,2274,2.574896624765658,2.5298221281347057
10.5,21.710589331655623,0.00717942525753523,15.99258209279783,15.778466338652816,19.233304448274094,20.90741495259517,16336.547350303028,0.019860921732576677,0.002608700840640717,1006,2278,2.560233863652257,2.5298221281347057
10.6,21.847984027245122,0.007443174870719134,15.994681591531748,15.778466338652816,19.249935064825543,20.90741495259517,16390.573713199192,0.021658246413272624,0.0026238181975714913,994,2262,2.573791760643125,2.5298221281347057
10.700000000000001,21.92071479054599,0.007784024852491793,15.996207217966784,15.778466338652816,19.249935064825547,20.876781361119825,16387.57115550825,0.021200630399677123,0.0026388163370383547,1012,2211,2.553623074146858,2.5298221281347057
10.8,22.02125474640148,0.007813441786555877,15.994750128403508,15.778466338652816,19.266551326067674,20.876781361119825,16391.252288342475,0.021563834062100752,0.002652867841448531,1022,2222,2.5439665461690577,2.5298221281346787
10.9,22.14676705345678,0.007365081995849887,15.994220265232823,15.778466338652816,19.266551326067674,20.876781361119825,16376.633173616548,0.022563113173025298,0.002667654489998677,1024,2307,2.5664985552106545,2.5298221281347057
11.0,22.274039379203288,0.007641204630797801,15.996293623953873,15.75817248287377,19.28315326911032,20.876781361119825,16351.700085009732,0.02258316760008098,0.002683071726765463,984,2251,2.572318616030256,2.5298221281347057
11.1,22.369233986820486,0.007716908864848985,16.000310921422066,15.778466338652816,19.283153269110322,20.876781361119825,16399.42408008068,0.02218793268909933,0.002697434184808428,992,2258,2.5652550829763787,2.5298221281347057
11.200000000000001,22.474254151562285,0.007474696027249003,16.000852976841816,15.778466338652816,19.283153269110322,20.876781361119825,16415.81424711265,0.023257961193586564,0.002711638794276471,987,2265,2.5651332738865187,2.5298221281347057
11.3,22.580451314455672,0.007409419991893735,15.999247704393268,15.758172482873768,19.28315326911032,20.876781361119825,16411.886407993417,0.021877103373318656,0.002725999380158843,1005,2285,2.5486992469874736,2.5298221281347057
11.4,22.663694802076673,0.007441978289953148,15.997911287210483,15.737852458324804,19.266551326067674,20.876781361119825,16401.021344219407,0.020462678891710554,0.002740013385982006,995,2308,2.57220676444621,2.5298221281347057
11.5,22.775880563479195,0.008626538986252317,15.996744359305124,15.737852458324804,19.266551326067674,20.876781361119825,16375.327048942689,0.02183709568856464,0.002753675033531063,973,2164,2.5691866006532686,2.5298221281347057
11.6,22.85253190062074,0.007300430882383409,15.997752538320825,15.737852458324802,19.266551326067674,20.876781361119825,16424.799620715396,0.023586367116817684,0.0027665431116383654,1021,2319,2.5563013339559206,2.5298221281347057
11.700000000000001,22.961889096673254,0.007246571185831663,15.998657724007485,15.737852458324802,19.28315326911032,20.876781361119825,16493.45266208857,0.022371283204611268,0.002780182778790864,1007,2274,2.55784904126977,2.5298221281347057
11.8,23.075015601660553,0.007211007148588241,16.002919106711502,15.737852458324804,19.283153269110322,20.90741495259517,16489.96317791462,0.02144370098305103,0.002793745079821367,1013,2301,2.5403609475778253,2.5298221281346787
11.9,23.17912691816674,0.008032378245627154,16.004650401046085,15.758172482873768,19.283153269110322,20.922714928995234,16432.0602140837,0.022139043156464894,0.0028083614704342477,1007,2233,2.5580154318116053,2.5298221281347057
12.0,23.275045428439924,0.00808924964870064,16.003210077269898,15.758172482873768,19.266551326067674,20.938003725283846,16362.9838513105,0.024430918878748063,0.002822141239708034,1007,2205,2.5522385198844186,2.5298221281347057
