t,norm,peak,PR,R_rms,r50,r80,r90,Vmem_peak,Vmem_mean,k_star,k_star_L,crystallinity,M1,M2,M3,finite,r90_over_r50,peak_n_cells_half,peak_r_cells,peak_width_phys,artifact_1_2_cells,rho_core,rho_mid,rho_far,rho_shell,rho_origin,mass_core,mass_mid,mass_far,mass_core_frac,mass_mid_frac,mass_far_frac,contrast_im,contrast_mf,contrast_oi,contrast_sf,two_scale_bright,two_scale_hollow,two_scale,re_core_mean,re_core_min,re_mid_mean,re_mid_max,re_origin,re_max,re_min,plus_env,minus_core,hole_core,sign_nest,N,dx
0.0,1.0000000000000002,0.014579860327610177,141.55978395858352,2.5224893176766083,2.23606797749979,3.082207001484488,3.570714214271425,0.0,0.0,0.2945243112740431,9.42477796076938,0.9308994211670185,0.0,0.0,0.0,True,1.5968719422671311,358,4.404853536089669,2.2024267680448344,False,0.005951074895614618,0.006250686652763564,1.901470440947038e-11,0.009657473508708632,0.0,0.014133802877084716,0.6266313369395473,5.824845706894597e-07,0.014133802877084713,0.6266313369395472,5.824845706894596e-07,0.9520673849461833,328729099.2359773,9.657473508708632e+297,507895011.1840115,False,True,True,0.07368185294189433,0.0,0.07676102554626413,0.11524443293673238,0.0,0.12074709241886604,0.0,True,False,True,True,64,0.5
0.01,33.675405096199434,0.03234984631382771,14978.381735807936,15.765385030748782,15.580436450882884,19.150718002205558,20.83266665599966,0.006089328557945162,0.00012143548826505213,0.2945243112740431,9.42477796076938,0.9979465390184373,0.002005739446498328,5.265645234816348e-06,5.2778884554741394e-08,True,1.3371041768742717,64,2.4814019635976,1.2407009817988,False,0.008234857951176953,0.007112397415331618,0.000996312863704597,0.010457993924291442,0.002060080137450206,0.019557787634045264,0.7130178408869947,30.520425571186813,0.0005807736411239944,0.021173252076705236,0.9063120542722531,1.1578174657993292,7.138718844686539,5.076498595455353,10.49669667558583,False,True,True,0.08025599651721362,-0.03478362308888638,0.07594808976278278,0.17972492518100838,-0.03478362308888638,0.17972492518100838,-0.10781508021014705,True,False,True,True,64,0.5
0.02,66.23625721306783,0.04551903812661517,15977.14964137301,15.877805602893973,15.644487847162015,19.196353820452465,20.868636754709208,0.017031952746919835,0.0005240723183316087,0.2945243112740431,9.42477796076938,0.9989590132998201,0.006733041161701576,1.86270181400167e-05,1.871757069019704e-07,True,1.333929046357045,46,2.2227455057007925,1.1113727528503963,False,0.010497801773443817,0.008259355045886584,0.0019907700728613643,0.011578880009592956,0.0024941518133749815,0.024932279211929066,0.8280003433501301,60.9840061807395,0.00037641437274644416,0.012500711516452849,0.9207042901679519,1.2710195548104024,4.148824195460849,4.642411880263576,5.816281934030912,False,True,True,0.0872110022757237,-0.017798544305587638,0.07676033919653928,0.20950775549204828,-0.017798544305587638,0.21198762454193293,-0.15324987532066864,True,False,True,True,64,0.5
0.03,99.0439071048242,0.06461560508959231,16238.028704412909,15.915612998559109,15.692354826475215,19.196353820452465,20.868636754709208,0.027479138889680666,0.0011823777446456003,0.2945243112740431,9.42477796076938,0.9992908878091527,0.014382052045882486,4.2047892370370475e-05,4.236664199848653e-07,True,1.329860112486169,21,1.711499967172251,0.8557499835861255,False,0.009981467211486197,0.009341923251258702,0.0029932444630178315,0.012780006249214776,0.002502939781628003,0.02370598462727972,0.9365278059386848,91.69318010229887,0.0002393482377688335,0.009455683174407693,0.9257831479250348,1.0684595605237204,3.121002432871802,5.105998291697691,4.269616600686799,False,True,True,0.0809265694402089,-0.019458038851354078,0.07670152603766896,0.22070620838951283,-0.019458038851354078,0.25376234275475346,-0.16641356629347312,True,False,True,True,64,0.5
0.04,131.6536533328282,0.07012818853035585,16340.356229778343,15.934618557621382,15.692354826475215,19.20286436967152,20.89258241577618,0.04513866367199825,0.002071293384602777,0.2945243112740431,9.42477796076938,0.9994548624812414,0.024452818082316898,7.561249898287e-05,7.639830868577084e-07,True,1.3313860568923312,52,2.315465128419067,1.1577325642095335,False,0.012633115592528141,0.010337164467636991,0.0039863463642923185,0.01357137799475376,0.0034478399761085775,0.030003649532254335,1.0363007378806084,122.1152430572532,0.00022789834366694964,0.0078714164905153,0.9275492169483414,1.2221064714679915,2.5931425729164177,3.9361971810742693,3.4044653310408055,False,True,True,0.08587123479733794,-0.0006908439140924476,0.07636719999307434,0.2267181970964207,0.029836569479516475,0.2528935067850866,-0.19593906284202284,True,False,True,True,64,0.5
0.05,164.17381855384565,0.057509337979032245,16357.118375334512,15.948986229764346,15.700318468107582,19.20286436967152,20.886598574205422,0.05927282061651435,0.003168187582609186,0.2945243112740431,9.42477796076938,0.9995830160119722,0.03633315922714412,0.0001187889670803569,1.2036244222385227e-06,True,1.3303296118886283,846,5.867150806277213,2.9335754031386063,False,0.01328686535010101,0.01136929857742797,0.004978566779834154,0.014855457970146292,0.00669018185093583,0.0315563052064899,1.139772182387154,152.51030312920207,0.00019221277475579994,0.006942472267667528,0.928956300539369,1.1686618360502978,2.2836489054399514,2.220486423409895,2.983882435868653,False,False,False,0.08894679520219562,0.025074482516183993,0.077511540582027,0.23954255395106416,0.03329208456761402,0.23954255395106416,-0.2111359675352939,True,False,True,True,64,0.5
0.06,196.84019241409067,0.0712822702438083,16377.61628758835,15.95129847983311,15.700318468107582,19.20286436967152,20.868636754709208,0.06904492366042247,0.004454709025863867,0.2945243112740431,9.42477796076938,0.9996685493507603,0.04961811802546448,0.00017137980920213123,1.7414170426538213e-06,True,1.3291855701589843,684,5.465826360334499,2.7329131801672495,False,0.014330070717395574,0.012629280886821729,0.005976132214037803,0.015901434177737293,0.005289774073159686,0.03403391795381449,1.2660854089038782,183.0690991622003,0.00017290126338739646,0.00643204720223209,0.9300392207353656,1.1346703621382408,2.113286727016485,3.0060705727341306,2.6608236913475865,False,False,False,0.08984432860381546,0.014084936561447233,0.0784105737775605,0.25592304096753926,0.014084936561447233,0.2572561751242837,-0.23074380820861365,True,False,True,True,64,0.5
0.07,229.42595185261098,0.08342995862926078,16414.666661716616,15.969395439277463,15.724185193516387,19.215878850575635,20.89258241577618,0.0757933139154761,0.005912986596069871,0.2945243112740431,9.42477796076938,0.99971528426869,0.06411766285015646,0.00023373078606742494,2.3817019539390845e-06,True,1.3286909406530583,680,5.455150891048748,2.727575445524374,False,0.014880056667538333,0.013670067610404632,0.006971112910504327,0.016980708507653753,0.008111843030403122,0.03534013458540354,1.3704242779430644,213.5487159548205,0.00015403721462211448,0.0059732748927351495,0.9307958155144087,1.0885137580601831,1.9609591446734533,2.0933231133800536,2.435867662115557,False,False,False,0.08891582081759308,-0.0027614223006102723,0.07829410820674523,0.24578954688800736,0.04728924332417098,0.2586798105308189,-0.2554601286412541,True,False,True,True,64,0.5
0.08,261.9824669998553,0.09652923238495774,16410.62000342471,15.978183508002301,15.724185193516387,19.222382786741086,20.89258241577618,0.08469734328806418,0.007525053082302833,0.2945243112740431,9.42477796076938,0.9997614711016142,0.07922224233679812,0.00030452427939330225,3.111884480547802e-06,True,1.3286909406530583,617,5.281194774669723,2.6405973873348616,False,0.015739892856933477,0.014407470547510131,0.007965499134465403,0.017565774830096168,0.01213499546346959,0.03738224553521701,1.4443489223878907,244.01012204825415,0.0001426898752550401,0.005513151085750667,0.9313986727531233,1.0924813488273006,1.8087341802814816,1.4475303994117712,2.205232156022961,False,False,False,0.08730930327774845,-0.029258718053239995,0.07715535214522214,0.27751032078739885,0.06909431356391955,0.27751032078739885,-0.29486534484361343,True,False,True,True,64,0.5
0.09,294.527097328227,0.10644845572395384,16429.534050042283,15.982788001577452,15.724185193516387,19.222382786741086,20.89258241577618,0.09242963929452896,0.009277335853118813,0.2945243112740431,9.42477796076938,0.9997869666064717,0.09494045348987155,0.0003844397480050313,3.939662845946109e-06,True,1.3286909406530583,672,5.43367369666554,2.71683684833277,False,0.01893979467059945,0.015500619428992552,0.00895868104211248,0.018552324694304134,0.0347482793704023,0.0449820123426737,1.5539370977565032,274.4346358684224,0.00015272622706271683,0.00527604119231435,0.9317806013705654,1.221873406889419,1.7302345463721818,0.5339062834318793,2.070876796159432,False,False,False,0.10065340288652236,0.0016512705152082717,0.07748579449734087,0.2848833707922791,0.15611320553559027,0.3110837537981015,-0.29429688806467513,True,False,False,False,64,0.5
0.1,327.08546195367796,0.12317703369852023,16403.0331881657,15.985310323023931,15.732132722552274,19.222382786741086,20.89258241577618,0.10268606192631168,0.011158188133240043,0.2945243112740431,9.42477796076938,0.9997922650187333,0.11066330538523313,0.00047155948313134583,4.846126859639629e-06,True,1.3280197150781925,531,5.023448688860067,2.5117243444300335,False,0.02100408622289197,0.016427670641621463,0.009953958600794757,0.019261801417146958,0.025950876945607968,0.04988470477936843,1.6468739818225515,304.92334655262107,0.00015251275456086498,0.005034995967065583,0.9322436550108867,1.2785797013531313,1.6503655782042155,0.7422408675251687,1.9350895648299193,False,False,False,0.10854277826372771,-0.027764159186340554,0.07710497295707931,0.30203668962207664,0.15754689051909881,0.32382879444815116,-0.32591970586184577,True,False,False,False,64,0.5
0.11,359.7656266679745,0.14011751021498758,16393.733949422378,15.985251980036598,15.732132722552274,19.222382786741086,20.886598574205422,0.11916703599871299,0.013152890641446941,0.2945243112740431,9.42477796076938,0.9998201273102345,0.12651038134378517,0.0005666830552290972,5.8401354588636245e-06,True,1.3276393571396798,456,4.774839132028925,2.3874195660144624,False,0.022562225004046824,0.01733460435855253,0.010948844099876873,0.019957190966162133,0.02329953059567599,0.05358528438461121,1.7377940869448913,335.4000471280657,0.0001489449808779668,0.004830350534151199,0.932273742309474,1.3015713850379915,1.5832360202066873,0.8565490572529327,1.82276693175187,False,False,False,0.1162141295073461,-0.004371875004512353,0.07674172687483052,0.3226379642107241,0.1520025744999675,0.36513871582094576,-0.3290894792327997,True,False,False,False,64,0.5
0.12,392.39167409152486,0.190604550519214,16398.152575760825,15.987975282857505,15.732132722552274,19.222382786741086,20.886598574205422,0.14189428816622804,0.015254120281204897,0.2945243112740431,9.42477796076938,0.9998334269752744,0.14252957691673643,0.0006703427350549656,6.927861674136272e-06,True,1.3276393571396798,88,2.759294281870334,1.379647140935167,False,0.02488032149380091,0.018606116584618953,0.01194339575737373,0.021128014524507813,0.02207439713941439,0.05909076354777716,1.8652631876080499,365.8665210090385,0.00015059127766812482,0.004753574835466513,0.9324013356198291,1.3372119528891178,1.5578581638418645,0.9571275895359884,1.7690123440365435,False,False,False,0.11836769432993244,-0.013170201868596194,0.07663116365486435,0.3467675379784492,0.14857112870861208,0.3735700371996884,-0.3392951319188183,True,False,True,True,64,0.5
0.13,425.0485572188676,0.1782965319668129,16395.52246354185,15.987748279262396,15.732132722552274,19.222382786741086,20.89258241577618,0.18115409533019222,0.017451706273253383,0.2945243112740431,9.42477796076938,0.9998389264045936,0.15835412449694233,0.000781216065345332,8.096379587896634e-06,True,1.3280197150781925,288,4.096704379531774,2.048352189765887,False,0.025648845260515068,0.019876675427820827,0.012935753733661603,0.022622394268495213,0.027704749664173984,0.060916007493723286,1.992636711639038,396.265795030906,0.00014331540822606814,0.004688021351435812,0.9322835904295503,1.2903991592384256,1.5365687873368723,0.8165529211674867,1.7488269129325564,False,False,False,0.11630850810899351,-0.009666071056512626,0.07713350463593498,0.336793021148491,0.16576808785768785,0.39058222123721226,-0.38930176688945045,True,False,False,False,64,0.5
0.14,456.938086785992,0.1734626059803291,16407.418120755698,15.996711205206752,15.732132722552274,19.235384061671343,20.89258241577618,0.21462578951296307,0.019732244094213973,0.2945243112740431,9.42477796076938,0.9998628369141127,0.17460951858300577,0.0009028828006037917,9.383619329970729e-06,True,1.3280197150781925,521,4.991714116763674,2.495857058381837,False,0.024736620115775817,0.02083628962070005,0.013911997261621619,0.02364869461828031,0.022677318349255526,0.058749472774967566,2.08883803447518,426.17142911422815,0.00012857206364258057,0.004571380882621615,0.9326677758727223,1.187189301266044,1.4977209403411942,1.042834706205757,1.6998777510917764,False,False,False,0.11029255547510432,-0.009762743905045619,0.07681251171371094,0.37601289726674725,0.14878756439131186,0.40847916427603237,-0.38203075486934535,True,False,True,True,64,0.5
0.15,489.6679757615584,0.17410731893989462,16420.03035523823,15.997001872656016,15.732132722552274,19.222382786741086,20.89258241577618,0.24393323852412457,0.02208951330081533,0.2945243112740431,9.42477796076938,0.9998761634518394,0.18989894730920434,0.0010283237166719935,1.0717372377369807e-05,True,1.3280197150781925,756,5.651248378088314,2.825624189044157,False,0.02680215487786438,0.021951145298876647,0.01491426794850705,0.024903135456145656,0.019742160386248157,0.0636551178349279,2.200602316212384,456.8743629170972,0.00012999648942924638,0.004494070319362598,0.9330288798374883,1.2209911835094993,1.4718218403119143,1.261418961700488,1.6697524506148163,False,False,False,0.11685134015482448,0.02286377708246935,0.07556781884687165,0.3676695497307877,0.13799064590272572,0.398309817539675,-0.37744967697088316,True,False,True,True,64,0.5
0.16,522.1801106299793,0.18107565995454053,16418.90796725293,15.995398921356994,15.732132722552274,19.222382786741086,20.89258241577618,0.2673902575033917,0.024517702670238856,0.2945243112740431,9.42477796076938,0.9998826568702048,0.20483818995140463,0.0011605518642447412,1.2129453846345429e-05,True,1.3280197150781925,882,5.9492194886130285,2.9746097443065143,False,0.025993555916539245,0.022684459064067977,0.01590535045810184,0.025242388340959654,0.00854103146595783,0.06173469530178071,2.2741170211728146,487.23456508945543,0.00011822490754636647,0.004355043355498982,0.9330776013311497,1.1458750611211557,1.4262156073721095,2.9554262200729235,1.5870375448471636,False,False,False,0.11507573377183475,-0.014437557560331864,0.07558582321690412,0.3718127766206538,0.08983244285701308,0.3971435833964094,-0.42297453996966233,True,False,True,True,64,0.5
0.17,554.516984481056,0.20393425553755837,16431.53913119142,15.998774374492653,15.732132722552274,19.235384061671343,20.89258241577618,0.28305880623435387,0.02701038198868891,0.2945243112740431,9.42477796076938,0.9998843305902099,0.2196937339600986,0.001301134971360883,1.3636908830458537e-05,True,1.3280197150781925,602,5.238045830519883,2.6190229152599414,False,0.02755875599037365,0.023505286900994456,0.01689163306552509,0.025613153411867366,0.003924653797131413,0.06545204547713741,2.356405011824694,517.4477300586296,0.00011803433854851285,0.004249473105012162,0.9331503714766868,1.1724492496710475,1.3915343063523846,6.526219823666586,1.5163219158568173,False,False,False,0.11917042793250102,-0.028603682181545097,0.07531165896411206,0.3934123378512645,0.06022506324189344,0.444981501926117,-0.4220937225105422,True,False,True,True,64,0.5
0.18,586.4672953326003,0.23984322711436679,16426.877181794232,16.001789424302817,15.732132722552274,19.235384061671343,20.89258241577618,0.2969738283606556,0.029558899899418983,0.2945243112740431,9.42477796076938,0.9999023299428662,0.2341391143636929,0.0014483847174025155,1.522281967420519e-05,True,1.3280197150781925,310,4.1984697474723625,2.0992348737361812,False,0.03187487119208148,0.02437880258324055,0.017864986056819725,0.02644292755753918,0.0038396750550972036,0.07570281908119351,2.443974958969865,547.2648172483299,0.000129082763324868,0.0041672826062429036,0.9331548776952043,1.3074830514438054,1.364613580201159,6.886761816585483,1.480153831267332,False,False,False,0.12226901830031812,-0.053270884138013674,0.07610416769586839,0.4091922197137983,0.06149929277563085,0.44917434505156395,-0.4185063570386603,True,False,True,True,64,0.5
0.19,618.3952773538934,0.2900353559336385,16428.569232621256,15.995907776037189,15.732132722552274,19.235384061671343,20.89258241577618,0.3218796822783215,0.03215752686595744,0.2945243112740431,9.42477796076938,0.9999079968694407,0.2482000801051109,0.0016023370179253167,1.688816419403823e-05,True,1.3280197150781925,109,2.963325076860906,1.481662538430453,False,0.03527792714295061,0.025314885708865868,0.018832126757411197,0.027234588469223088,0.0030709672015316876,0.0837850769645077,2.5378172923138034,576.8916010073112,0.00013548789913633093,0.00410387560392294,0.9328848749877652,1.3935645433546417,1.344239343488034,8.868407469685595,1.446176994242309,False,False,False,0.1319994562923661,-0.05767884657276325,0.07672234400271477,0.4118284623554229,0.05331303992180534,0.455308645408134,-0.4818813932129936,True,False,True,True,64,0.5
0.2,650.6057275791543,0.29191119631626533,16435.132230056595,15.997061614947098,15.732132722552274,19.235384061671343,20.89258241577618,0.34608301390532614,0.03480149586312093,0.2945243112740431,9.42477796076938,0.99990996734924,0.2616133526317563,0.0017611401956563527,1.8613991442519512e-05,True,1.3280197150781925,150,3.2961038252544337,1.6480519126272168,False,0.04004330253762104,0.026529779106806612,0.01981452341012012,0.028666542309379758,0.005836643083279042,0.09510284352684997,2.659610355457363,606.9857260684884,0.0001461758473610725,0.004087898772968899,0.9329547840395257,1.5093718789142625,1.3389057388711518,4.911477693659968,1.4467439723904,False,False,False,0.13941832043927566,-0.08959936053123911,0.07764183106577498,0.4240305356453781,0.07588052799846134,0.4799038858303183,-0.5380833876041662,True,False,True,True,64,0.5
0.21,682.2963453955344,0.3115068738201354,16449.724192523132,15.99869377167522,15.732132722552274,19.235384061671343,20.89258241577618,0.37014356085508876,0.03748660934396879,0.2945243112740431,9.42477796076938,0.9999124349195362,0.2750682840530659,0.0019294463498410466,2.045011343939611e-05,True,1.3280197150781925,124,3.0934589591553863,1.5467294795776931,False,0.043163630808934234,0.027463621241304526,0.020785488080028634,0.02888773080654742,0.0020995545859698104,0.1025136231712188,2.7532280294407787,636.7296509135472,0.000150247944112599,0.004035237837665249,0.9332156843730831,1.5716656747369253,1.321288253398892,13.75898059502169,1.3898028612714504,False,False,False,0.14799794467820424,-0.058663885981232976,0.07704850695656222,0.4092505982588744,0.04508867084518817,0.46462310486261593,-0.5194035571286992,True,False,True,True,64,0.5
0.22,714.7108379882804,0.2713005611039317,16465.143721919267,15.997948998903881,15.732132722552274,19.235384061671343,20.89258241577618,0.4128790147728864,0.040208330374076895,0.2945243112740431,9.42477796076938,0.9999144391036604,0.28746453004712913,0.0020994591137554817,2.231454641257351e-05,True,1.3280197150781925,489,4.8873497202210245,2.4436748601105123,False,0.048179028712695623,0.02797216093982121,0.02177861565656654,0.029599166535081267,0.004471493910577647,0.11442519319265211,2.8042091342170763,667.152500388474,0.00016009998325298714,0.003923557591641081,0.9334579314150735,1.7223920889182318,1.2843865460010189,6.619525180401625,1.3590931123373184,False,False,False,0.15804582930657995,-0.05783140240659231,0.07680711239444209,0.36784950332360317,0.0631144514981402,0.4650578716203654,-0.4909078093812323,True,False,True,True,64,0.5
0.23,746.1409927043773,0.294274427205966,16461.56792238641,15.998974619228534,15.732132722552274,19.235384061671343,20.89258241577618,0.4530064865907063,0.042966606305452404,0.2945243112740431,9.42477796076938,0.9999153041408388,0.29989591993082493,0.0022786117097995206,2.428661363608134e-05,True,1.3280197150781925,374,4.469521159372306,2.234760579686153,False,0.05008410971835291,0.028620419089587408,0.02274480949113072,0.030346474084800682,0.014330307144505451,0.11894976058108815,2.869197013731138,696.7502784453666,0.00015941995111400656,0.0038453818270080225,0.9338051189494431,1.7499432681813647,1.2583274922899603,2.1176429631821376,1.3342153556675957,False,False,False,0.16162263493784917,-0.00543231407693965,0.07700519905389981,0.38384607098628354,0.08180828570281903,0.4861723405654243,-0.4776488592144871,True,False,True,True,64,0.5
0.24,777.9762755420172,0.31819100084560314,16471.78312417993,15.994851379389372,15.732132722552274,19.235384061671343,20.89258241577618,0.485630963209857,0.045751263518301735,0.2945243112740431,9.42477796076938,0.999917209825053,0.31174555921427494,0.002462570360796757,2.6320978471398054e-05,True,1.3280197150781925,299,4.148211199396802,2.074105599698401,False,0.052068913262749546,0.02958704132773483,0.023711479200639356,0.03135556835864618,0.019719492165780433,0.12366366899903017,2.9661008931054167,726.3626341578856,0.0001589555785783744,0.0038125852758670946,0.9336565355438734,1.7598553598510798,1.2477939936761535,1.590079911543464,1.322379261678483,False,False,False,0.16435700133310122,0.014912774927636388,0.07648382794932587,0.41084377599930766,0.07699785658399219,0.5026601710635061,-0.4971131043081944,True,False,True,True,64,0.5
0.25,810.0847154010967,0.32820519286779737,16487.67315673365,15.996159139366613,15.732132722552274,19.222382786741086,20.89258241577618,0.5086319238296332,0.048564778024016625,0.2945243112740431,9.42477796076938,0.9999193074705076,0.32304285486653334,0.0026510763768687546,2.8415286822204308e-05,True,1.3280197150781925,303,4.166627472806216,2.083313736403108,False,0.05476572513306175,0.03010000761136082,0.024690727039564795,0.03221989039313659,0.04105314747928998,0.13006859719102165,3.0175257630389223,756.3603004256282,0.00016056172239544217,0.0037249508670767315,0.9336804979108044,1.8194588466612613,1.219081461762066,0.7848336210857038,1.3049389085022465,False,False,False,0.16140546745433118,-0.0028335452121958787,0.07422688568890634,0.4390576925568409,0.13360283770496573,0.4803695051532051,-0.5308766083972836,True,False,True,True,64,0.5
0.26,842.2037031489936,0.31031192999038204,16485.946689524633,15.996855129542123,15.732132722552274,19.222382786741086,20.89258241577618,0.5262566219974842,0.05140606157542868,0.2945243112740431,9.42477796076938,0.9999262891892613,0.33353967812853463,0.002841772735971806,3.0544693356674786e-05,True,1.3280197150781925,568,5.137516647158831,2.5687583235794156,False,0.052773514819082934,0.030766371197962022,0.02567368596342854,0.032981011542427836,0.05410707506569529,0.12533709769532198,3.084328712595693,786.4716497499428,0.0001488204067812662,0.0036622122427904438,0.9338259221721906,1.7152986447286533,1.1983620599624016,0.6095508120219624,1.2846231581008034,False,False,False,0.1600808602421599,-0.014101966424704918,0.07230607558383588,0.46656093581567426,0.1855710600188195,0.4788775086519146,-0.4907699911148712,True,False,True,True,64,0.5
0.27,873.6109728921043,0.3620721485850225,16495.592030678617,15.993362304155186,15.732132722552274,19.222382786741086,20.89258241577618,0.5353674072261395,0.054269789798208797,0.2945243112740431,9.42477796076938,0.9999290362014509,0.3443942343163608,0.003044278084614991,3.2813114479695145e-05,True,1.3280197150781925,256,3.938980087370786,1.969490043685393,False,0.05145512690681905,0.03144353575857872,0.02663393149281098,0.0335051911031754,0.05752168531372518,0.12220592640369524,3.1522144597975172,815.8872111435885,0.0001398859792238305,0.0036082587760568716,0.933925095334574,1.6364294175403151,1.1805818366344432,0.5824793018569776,1.2579889346121924,False,False,False,0.1549767363322364,-0.056691557111235226,0.0716733218491518,0.46686242538367473,0.2026188266682834,0.5507547898161261,-0.47500934399642725,True,False,True,True,64,0.5
0.28,905.5457948501032,0.3558385732624261,16472.61928833234,15.993871856383217,15.732132722552274,19.222382786741086,20.89258241577618,0.5458691106718104,0.05715618593258687,0.2945243112740431,9.42477796076938,0.999932776223555,0.35375755078067017,0.003241993854912624,3.504218108325103e-05,True,1.3280197150781925,400,4.570781497340832,2.285390748670416,False,0.05138688272440001,0.032023632731731415,0.02761320317182012,0.03396062599295074,0.05730253777023505,0.12204384647045001,3.210369181356074,845.8856077135551,0.00013477379848100577,0.0035452311739656334,0.9341168746231948,1.6046550107190691,1.159721765434741,0.5926548337025149,1.2298691238982482,False,False,False,0.14782468853410116,-0.09360414665097597,0.07091545884561737,0.47704956172620355,0.20949582129907796,0.5391845568785676,-0.4913458217336027,True,False,True,True,64,0.5
0.29,937.616258605434,0.4200158940742361,16461.718888699645,15.991510219916448,15.724185193516387,19.222382786741086,20.89258241577618,0.5486637173414783,0.06006301336958692,0.2945243112740431,9.42477796076938,0.9999315952191647,0.36292052261776564,0.003445638727752316,3.7347601705269363e-05,True,1.3286909406530583,167,3.4161947475397194,1.7080973737698597,False,0.04944930457963376,0.03310011231200258,0.028589493040753842,0.03519363325643097,0.07028389905655898,0.11744209837663017,3.3182862592782585,875.7926613773027,0.00012525603870319822,0.003539066466502746,0.9340630064157752,1.4939316251716381,1.157771922182003,0.5007353565872874,1.2309988570368504,False,False,False,0.14066134981802345,-0.06581877078079645,0.07114647105488472,0.4588426727170518,0.2437294114665064,0.519064728711714,-0.5199029002343662,True,False,False,False,64,0.5
0.3,969.821712149713,0.41494630165378066,16467.631587053518,15.991338602795826,15.724185193516387,19.222382786741086,20.89258241577618,0.5531087000281038,0.06299177620411402,0.2945243112740431,9.42477796076938,0.9999333573752138,0.372065466907127,0.003656751701618535,3.9746573265095836e-05,True,1.3286909406530583,220,3.744938504039213,1.8724692520196065,False,0.05173930878786174,0.033858882437220066,0.029575517412571358,0.03597535800425365,0.07556447035838834,0.12288085837117163,3.3943529643313113,905.9979157183282,0.0001267045858344346,0.003499976255230837,0.9341901757489914,1.5280867253606176,1.1448280672455124,0.4760882705010591,1.2163898099365789,False,False,False,0.14029236277455812,-0.014193956611639358,0.07030772492906277,0.44462442547774117,0.25570452813854544,0.5197292103531205,-0.5278135474433541,True,False,False,False,64,0.5
0.31,1002.285664521482,0.33645943122729494,16459.42038446211,15.993211401374865,15.724185193516387,19.222382786741086,20.89258241577618,0.6159914117753892,0.06593798420567895,0.2945243112740431,9.42477796076938,0.999932013277926,0.380354108068887,0.003867327974920792,4.215272893602022e-05,True,1.3286909406530583,1011,6.226168196958447,3.1130840984792236,False,0.056375971702655125,0.03490851843542435,0.030567051543182757,0.03676874154168752,0.061682374870626416,0.13389293279380593,3.4995789731512907,936.3719525666461,0.00013358759636428603,0.0034915983506778815,0.9342366011128126,1.6149631731562146,1.1420309343905253,0.5960980202011816,1.2028880669024782,False,False,False,0.14241018474224115,-0.0359846808754199,0.0705369495625744,0.47744651503411273,0.24544341265363617,0.5414686409733788,-0.5355224195874275,True,False,False,False,64,0.5
0.32,1034.409275877424,0.34222403395852885,16466.42411452218,15.993456469402707,15.724185193516387,19.222382786741086,20.89258241577618,0.6479877439133702,0.06890395076357769,0.2945243112740431,9.42477796076938,0.9999363478680571,0.38898131607735215,0.004088860848451643,4.469154995470922e-05,True,1.3286909406530583,1121,6.444249320662983,3.2221246603314917,False,0.05753582154587773,0.0356963577542841,0.03154330543020438,0.03715853935515892,0.0647683063865257,0.13664757617145962,3.578559864866981,966.277903982987,0.00013210204061206828,0.0034595202772437577,0.934134995225516,1.6118121053673207,1.1316619253257763,0.5737148526534473,1.1780166614871521,False,False,False,0.1409256221957573,-0.08324576627389016,0.0705446930910919,0.46922432459310087,0.2524564902910946,0.5057416471017292,-0.576260886671923,True,False,False,False,64,0.5
0.33,1066.4070570082326,0.3832612579646427,16453.155387675695,15.994515475846216,15.724185193516387,19.222382786741086,20.89258241577618,0.6616784786865132,0.07188335494380828,0.2945243112740431,9.42477796076938,0.9999400598252305,0.3968880475267862,0.004310771409528079,4.724830686262109e-05,True,1.3286909406530583,695,5.494970919981689,2.7474854599908447,False,0.0619242169696501,0.036742898446679204,0.03252265892672742,0.03819596529347595,0.06532017028699692,0.147070015302919,3.68347556927959,996.2788068995386,0.0001379117048564164,0.0034540990188244355,0.9342387602859302,1.6853383806809277,1.1297630531827012,0.5847499344483414,1.1744416524961971,False,False,False,0.1455713123188232,-0.052417838947859334,0.07089446498814286,0.49882422597280357,0.254966171797302,0.5175338727802471,-0.5908542161835404,True,False,False,False,64,0.5
0.34,1098.2476245140551,0.4199776975108374,16448.036099811456,15.993994680056513,15.724185193516387,19.222382786741086,20.89258241577618,0.684850760277219,0.07487656940363058,0.2945243112740431,9.42477796076938,0.9999444400617504,0.4048248903717208,0.004540446188136387,4.9904154272382665e-05,True,1.3286909406530583,487,4.880677562136555,2.4403387810682773,False,0.06446925725934016,0.03781954873787979,0.033489311505004664,0.03919637713101022,0.05321600403770986,0.15311448599093289,3.7914097609724493,1025.8906378246222,0.00013941708825337265,0.0034522357948646104,0.9341159633999219,1.7046543232486593,1.1293020679815413,0.736552430791965,1.1704145403273725,False,False,False,0.14940734879767276,-0.06063593011631914,0.070697429243176,0.4605892261016088,0.23006435337601772,0.5473955179472965,-0.59276819592506,True,False,False,False,64,0.5
0.35000000000000003,1130.3669555272543,0.4251299249743275,16444.69298398301,15.99670393084147,15.732132722552274,19.241881404893856,20.904544960366874,0.7095235030042142,0.07788731368089824,0.2945243112740431,9.42477796076938,0.999945515265056,0.4123088582019752,0.004772673835174589,5.2602491697334557e-05,True,1.3287801043274865,552,5.08881687589421,2.544408437947105,False,0.07039611994123865,0.038511009734642894,0.034466303737053214,0.03938746451161744,0.0624656883213988,0.16719078486044178,3.86072872589795,1055.8192072410525,0.00014790841508849348,0.003415464957658048,0.934049957917047,1.8279479147988489,1.1173524735477043,0.6305455934298017,1.1427817967400347,False,False,False,0.15924641733172953,-0.10289188809694719,0.0700294992439644,0.479651878939769,0.24961247026260713,0.5749221179516928,-0.5657139671203817,True,False,False,False,64,0.5
0.36,1161.717665002508,0.4470869826577691,16417.52334800883,15.996475168685762,15.732132722552274,19.241881404893856,20.904544960366874,0.7281111753687464,0.08090486856311231,0.2945243112740431,9.42477796076938,0.9999459434554125,0.4194111196450496,0.0050082853064719775,5.535294322810199e-05,True,1.3287801043274865,478,4.850424651192556,2.425212325596278,False,0.07205042681022604,0.039421928579399405,0.0354175366266316,0.039985977777942425,0.06668763706564898,0.17111976367428686,3.95204834008479,1084.9586810598407,0.00014729892540105036,0.0034019008741476425,0.9339263004643201,1.8276738202980056,1.1130624073317614,0.5996010585677106,1.1289881111572189,False,False,False,0.16818023551571118,-0.11620040162404452,0.0687728700693172,0.4468110047701327,0.25722343609859616,0.6532584714559795,-0.5760216037134737,True,False,True,True,64,0.5
0.37,1193.9112652904505,0.47848288233210273,16386.519378451507,15.994854981990738,15.732132722552274,19.235384061671343,20.89258241577618,0.7391696413090854,0.08393066133924844,0.2945243112740431,9.42477796076938,0.9999445796881918,0.42555324988429816,0.005239058355276975,5.806448706248915e-05,True,1.3280197150781925,364,4.429325446774908,2.214662723387454,False,0.0712027429877247,0.04121079994072973,0.03639959152227891,0.041058872401026195,0.05763283245298755,0.16910651459584614,4.131382694058155,1115.0423369487908,0.00014164077307261735,0.003460376674687869,0.9339407118145645,1.7277690093405134,1.132177538737105,0.7124215599592277,1.1280036583898339,False,False,False,0.16952146788283345,-0.1308497613450093,0.06943865784907015,0.4439135226684938,0.2367812712707253,0.691674696331313,-0.6027600747355879,True,False,True,True,64,0.5
0.38,1225.71603629695,0.4749700903621541,16392.064334397277,15.99808415858835,15.732132722552274,19.241881404893856,20.89258241577618,0.7568864149374755,0.0869709797064916,0.2945243112740431,9.42477796076938,0.9999460989080735,0.4327631462125139,0.0054892888382602366,6.100650015676281e-05,True,1.3280197150781925,480,4.857180126010561,2.4285900630052804,False,0.07654606212313338,0.04184831470916021,0.03736776466106048,0.04188739492972726,0.06532981760018797,0.18179689754244177,4.195293549593311,1144.7007477740137,0.00014831893534792464,0.003422728776779201,0.9339037051618463,1.8291312960896404,1.1199041497060362,0.6411680985560679,1.120949976795816,False,False,False,0.17611226531064217,-0.15762285362759063,0.06856572978987902,0.4845577335106347,0.24702912498148072,0.6804369101256851,-0.5981537191980428,True,False,True,True,64,0.5
0.39,1256.970094547697,0.4772675875705366,16388.374810652746,16.00191055074668,15.732132722552274,19.241881404893856,20.89258241577618,0.7948168411750595,0.09001792169828883,0.2945243112740431,9.42477796076938,0.9999445753228915,0.4398565918514039,0.005745782501863971,6.403413838840579e-05,True,1.3280197150781925,547,5.073405464511547,2.5367027322557734,False,0.07515337899284388,0.042720215891927996,0.03832767838364653,0.04256207957080691,0.04102658349340395,0.17848927510800422,4.282701643165781,1174.106144805638,0.00014199961946766208,0.003407162717508288,0.934076434991179,1.759199419379436,1.1146048415537648,1.0374268570925442,1.1104789375650548,False,False,False,0.17550569801423826,-0.12005658139339084,0.06894066748717376,0.4927107126514021,0.17676334231511223,0.632461281280837,-0.6525569991586258,True,False,True,True,64,0.5
0.4,1287.9535878116853,0.4947766398728388,16393.558327170173,16.002277541532152,15.732132722552274,19.241881404893856,20.898564544006366,0.8284225706918642,0.09306303303429113,0.2945243112740431,9.42477796076938,0.9999405002342017,0.4470351508296995,0.006011855480335677,6.718542581979456e-05,True,1.3283999641096293,497,4.913857898181191,2.4569289490905954,False,0.07896989944302794,0.04352714298622684,0.03927103508541712,0.043722333504259546,0.02858646340355483,0.18755351117719138,4.363596084369241,1203.0043444097396,0.00014562132747023647,0.003388007243167253,0.9340432417706294,1.8142679262917887,1.1083777876379475,1.529476832689367,1.11334813073199,False,False,False,0.17960819490741498,-0.11260077955414294,0.06972614963934129,0.48607284461220457,0.14062300845671075,0.6332033210649277,-0.6959640477288523,True,False,True,True,64,0.5
0.5,1601.4003465647925,0.6006448303688975,16400.47786388078,16.004435205191538,15.748015748023622,19.241881404893856,20.89258241577618,1.078303017930416,0.12377385267557509,0.2945243112740431,9.42477796076938,0.9999444123261542,0.5009346406060865,0.008829872057009181,0.00010146483067237334,True,1.3266803100827607,550,5.082663524214308,2.541331762107154,False,0.09145643695325262,0.05270171933230153,0.048835203358278956,0.05316256359518298,0.055510303779644034,0.21720903776397496,5.283347363063228,1495.9870976754187,0.00013563693690332712,0.003299204583286547,0.9341743311624113,1.7353596450352968,1.0791747695951202,0.957706227049653,1.0886114921065526,False,False,False,0.17157982586926468,-0.16107887332208498,0.06532538805343309,0.5145474945433086,0.23553130389054988,0.767859868654757,-0.6919960133530151,True,False,True,True,64,0.5
0.6,1913.0060434359775,0.7149674160742333,16385.382654108027,16.007342436597227,15.75595125658873,19.241881404893856,20.904544960366874,1.2950789497155042,0.15480287217256614,0.2945243112740431,9.42477796076938,0.9999502552357731,0.5384096174776449,0.011995643138315106,0.0001417375450954461,True,1.32677136530396,598,5.22641860952969,2.613209304764845,False,0.09315293144815232,0.06069148306522266,0.058350168877660674,0.06321383344621136,0.033952809676343954,0.22123821218936174,6.0843211772885715,1787.4626045427085,0.0001156495103340043,0.0031805028521292257,0.9343737363904095,1.5348600288453105,1.0401252341269291,1.861814502210535,1.0833530504212943,False,False,False,0.18051707845124226,-0.2834614438041929,0.06829562739567509,0.5960516610260609,0.14876020016077626,0.7746397368766951,-0.7103945858681203,True,False,True,True,64,0.5
0.7000000000000001,2220.1833647286935,0.8181915433409012,16406.355860716987,16.004320759640745,15.75595125658873,19.241881404893856,20.904544960366874,1.5914092885346303,0.18595463649086175,0.2945243112740431,9.42477796076938,0.9999550677799997,0.5685563739186013,0.01554713922924081,0.00018887156076075919,True,1.32677136530396,623,5.2982585274036,2.6491292637018,False,0.08321048692010966,0.07018208401343687,0.06770066522248139,0.07663088358403969,0.11536040261249736,0.19762490643526043,7.035753922347046,2073.8998655097307,8.901287595198706e-05,0.003168996774825766,0.934111974018489,1.1856371621022026,1.0366527977649986,0.6642737182657684,1.1319073945907527,False,False,False,0.16436985900503007,-0.15658970523737392,0.0688348226615955,0.5981700224116127,0.2739972432165046,0.8770596221726124,-0.8660612694487955,True,False,True,True,64,0.5
0.8,2524.7606279653555,0.9747671807562182,16416.222664289315,16.01039146828098,15.763882770434446,19.241881404893856,20.904544960366874,1.770683906853963,0.21728125296392942,0.2945243112740431,9.42477796076938,0.9999628527456292,0.5907668250851363,0.01938660746397,0.00024213074940497594,True,1.3261038073420508,459,4.785287391016279,2.3926436955081396,False,0.11003733993162126,0.07936909543522279,0.07702065645674906,0.08568708053737491,0.04945915510857413,0.2613386823376005,7.956751817381084,2359.4026519857653,0.00010351028111057289,0.003151487602130916,0.9345054837484342,1.3864003278382884,1.0304910278165766,1.7324816881580816,1.1125207766242875,False,False,False,0.13312358549689002,-0.43155315598256494,0.05831847770321175,0.6685831007636054,0.17814838594853144,0.8628410631547215,-0.8789610828312948,True,False,True,True,64,0.5
0.9,2825.0469483209586,1.074905000784209,16440.769740532836,16.008440327167097,15.763882770434446,19.241881404893856,20.89258241577618,2.2917468039742217,0.2485028876980397,0.2945243112740431,9.42477796076938,0.9999685200429717,0.6098640093408515,0.023542373544082847,0.00030224527787297943,True,1.325344949593303,485,4.87398711158066,2.43699355579033,False,0.09537690027247862,0.08971417928041701,0.08616838161444024,0.09491139680852825,0.015725195357007286,0.22652013814713673,8.993846472861806,2639.628347138253,8.01827871504107e-05,0.0031836095602613677,0.9343661876865772,1.0631195763867136,1.041149637483531,6.0356259272947534,1.1014643077922546,False,False,False,0.1303134214985688,-0.20746695092345155,0.05521838094443234,0.7327160208099002,0.05368222830012483,0.94670365152027,-0.9467080018531492,True,False,True,True,64,0.5
1.0,3122.8245103389063,1.2365863781750106,16439.66568007086,16.00586149885859,15.75595125658873,19.235384061671343,20.89258241577618,2.3688727102805816,0.2798479812035858,0.2945243112740431,9.42477796076938,0.999974543660849,0.6241442801369871,0.027905128520158116,0.0003682146627488015,True,1.3260121255477635,380,4.493295655350236,2.246647827675118,False,0.08838472228563281,0.104807752713626,0.09520035551020585,0.11236303785489545,0.1462874020035081,0.20991371542837792,10.506977209541006,2916.308190477452,6.721918402183826e-05,0.0033645749784385836,0.9338687399251129,0.8433032862285765,1.1009176609890936,0.7680978424389606,1.1802796035026328,False,False,False,0.0998842404576031,-0.3502494341181397,0.05401174493852376,0.6989334780206875,0.32057086769302,1.005628857955839,-1.0874033623598627,True,False,True,True,64,0.5
1.1,3414.8888027327666,2.1674085319649024,16421.501891943728,16.003488551065168,15.748015748023622,19.235384061671343,20.89258241577618,4.26524233277098,0.31102326850672635,0.2945243112740431,9.42477796076938,0.9999778516443864,0.6347144335329231,0.03248185843816039,0.00044048892586201444,True,1.3266803100827607,10,1.3365046175719757,0.6682523087859878,False,0.08185566764732757,0.11486996223386843,0.10413044122505416,0.11864647676831963,0.018409063629677834,0.194407210662403,11.51571371394531,3189.8668549625436,5.69292945957211e-05,0.003372207523925773,0.9341056295624768,0.7125941895991424,1.1031352684428106,6.445003350254376,1.1394024203920579,False,False,False,0.0834346904156305,-0.20223029459855268,0.03955016433752677,0.7497550317327009,0.07622419782526937,1.0367247291605226,-1.4695014790162642,False,False,True,False,64,0.5
1.2,3701.6639183232064,1.5544043167973414,16491.705574959156,16.003690829362725,15.748015748023622,19.235384061671343,20.904544960366874,4.349760212315873,0.3419201632313014,10.30835089459151,329.8672286269283,0.9999787735129837,0.6470959132360669,0.03746331114304153,0.0005220875693168975,True,1.3274399324238926,235,3.828186472892078,1.914093236446039,False,0.08517849591255089,0.12308388727253596,0.11286346329134204,0.12639682662108923,0.10126973621036686,0.20229892779230835,12.339159699071729,3457.3887948024153,5.4650809002656966e-05,0.003333408967246591,0.9340093728359208,0.6920361210557655,1.0905556473560558,1.2481204291727002,1.1199091622309392,False,False,False,0.011243867878987462,-0.5234746687122103,0.03389676616168465,0.7470165047499722,-0.0893714714783943,1.096582118694619,-1.0405189929492886,False,False,True,False,64,0.5
1.3,3992.8830258159455,1.359274446848121,16469.419222493714,15.999494434277144,15.748015748023622,19.222382786741086,20.89258241577618,3.199034561354368,0.37298756087199514,10.30835089459151,329.8672286269283,0.9999803073127336,0.6530610165165399,0.04226522609920154,0.0006051696941430937,True,1.3266803100827607,946,6.089769326506887,3.0448846632534434,False,0.08514664343870751,0.12990891580226233,0.1217645970037167,0.13969550313950643,0.11138395584287927,0.20222327816693034,13.023368809176798,3730.06056173873,5.0645930987574075e-05,0.003261645463935291,0.9341772693119385,0.6554334081912545,1.0668857697471543,1.2541797611907775,1.1472587810990942,False,False,False,-0.00790297931291481,-0.3145204329750505,0.02531382739662426,0.7093335979496376,-0.29113216002804376,1.0633800298409115,-1.0528023815996015,False,True,True,False,64,0.5
1.4000000000000001,4282.331409635379,1.6286880408080526,16515.51966840962,15.999369977812048,15.732132722552274,19.235384061671343,20.89258241577618,3.219593257797609,0.40433232076533,10.30835089459151,329.8672286269283,0.9999793056684899,0.6612732329501257,0.04737651823457307,0.000696790247590693,True,1.3280197150781925,470,4.823212720119538,2.411606360059769,False,0.1241115680679871,0.14085927708466006,0.13060896339054592,0.14853038154390177,0.1245643005685555,0.29476497416146935,14.121142527737172,4000.9933539038648,6.88328263193827e-05,0.0032975361262241785,0.9343025962216528,0.8811032587750173,1.078480935978825,1.1923992738365374,1.1372143051144765,False,False,False,-0.02574406875291858,-0.4406356791464931,0.021026322732510563,0.7934857391867748,0.3179333247118856,1.2303597093924823,-1.1702180333282655,False,True,True,False,64,0.5
1.5,4572.490101877143,1.642173530695925,16503.68308639664,15.994523401756338,15.732132722552274,19.222382786741086,20.89258241577618,4.142065114182183,0.4356938136962629,10.112001353742146,323.5840433197487,0.9999796930141491,0.6648306565576488,0.05237446679907999,0.000791059841987609,True,1.3280197150781925,707,5.526416359429567,2.7632081797147836,False,0.1282677153524759,0.15149876748841384,0.1394607582582135,0.15131275507885958,0.23168760921720438,0.30463582396213024,15.187751440713487,4272.153705508201,6.66236158361651e-05,0.0033215493313978883,0.9343166656072923,0.8466584743818817,1.086318254543775,0.6530895441068049,1.084984457052083,False,False,False,-0.02766713612164584,-0.6892465278746466,0.011008899937402398,0.7865602765745479,-0.43856214704522334,1.1096100759872538,-1.066745517734987,False,True,True,False,64,0.5
1.6,4857.848379061952,1.867976515888945,16536.124901181098,15.987979741976138,15.732132722552274,19.215878850575635,20.886598574205422,3.4253765613384974,0.4673896693405613,10.112001353742146,323.5840433197487,0.9999793233313037,0.6714824173091046,0.0577050126861061,0.0008947751081131996,True,1.3276393571396798,419,4.642035647701579,2.3210178238507897,False,0.09643231563413367,0.1569355579118038,0.1481096831992163,0.15587036242827743,0.11960560848383302,0.22902674963106745,15.732789680658332,4537.099466572793,4.714571797222135e-05,0.0032386333316760134,0.933973049905873,0.6144707860810464,1.059590126195302,1.3032027879306871,1.0523981893784928,False,False,False,-0.015038282864091009,-0.3730528625457783,-0.004765474069030029,0.7743561191053097,0.07538031597761922,1.2092746279424897,-1.2988119319959694,False,True,True,False,64,0.5
1.7,5132.223363219526,1.9487550470724082,16603.03424088421,15.982377822192825,15.732132722552274,19.215878850575635,20.8806130178211,3.7261450588075924,0.49851839778115614,10.701049976290232,342.4335992412874,0.9999793038807376,0.6785337627936656,0.06345670041832058,0.0010100731493183186,True,1.3272588902004618,419,4.642035647701579,2.3210178238507897,False,0.16321689928016495,0.1569656358622562,0.1564443783984384,0.1553657197840829,0.09419606547588746,0.38764013579039175,15.735804995191184,4792.419310121262,7.553064400283991e-05,0.0030660795295783584,0.933790088807612,1.0398256814847964,1.003331902808871,1.6493865109881238,0.9931051621963154,False,False,False,0.05252881449586328,-0.3880454092633431,-0.011003858722004529,0.8611726745650723,0.24345432134728529,1.257721676016252,-1.3849964330393227,False,False,True,False,64,0.5
1.8,5413.448592542025,1.877236656886116,16632.57903647109,15.984398650275645,15.732132722552274,19.215878850575635,20.886598574205422,3.7168270028412436,0.5297251615309766,10.701049976290232,342.4335992412874,0.999978384931271,0.6811879383598181,0.06892304961336218,0.0011260750592992875,True,1.3276393571396798,753,5.643763272138857,2.8218816360694285,False,0.16154203189037564,0.1597719200227016,0.16508071970927646,0.15676774122380657,0.22707990545651394,0.38366232573964215,16.017134982275834,5056.979592124157,7.08720733523182e-05,0.002958767356605593,0.9341512172279669,1.0110789922748786,0.9678411888685476,0.6903637770530416,0.9496429474010661,False,False,False,0.056733831333571884,-0.6321278180718046,-0.020764892313740946,0.8017954481265859,0.006071460707383763,1.2655124798767599,-1.219704176609428,False,False,True,False,64,0.5
1.9000000000000001,5680.437779971906,1.7470332530111936,16609.57216867214,15.988042854380343,15.732132722552274,19.222382786741086,20.8806130178211,4.744223506583933,0.5605972072228138,10.701049976290232,342.4335992412874,0.9999805418652559,0.6847661065392586,0.07452615495834292,0.0012495914196073666,True,1.3272588902004618,1465,7.0455733151285775,3.5227866575642888,False,0.14459813074629665,0.16076712880504954,0.17329365018441667,0.16044385996945243,0.030627348382925603,0.34342056052245457,16.116904662706215,5308.569371218055,6.045670665266103e-05,0.002837264536112202,0.9345352553521517,0.8994259698550701,0.9277150584222988,5.238581478339733,0.925849618833179,False,False,False,0.05326580526948852,-0.8216433292743999,-0.026891696307349142,0.7992842562148157,0.1544893245624126,1.2074938845869299,-1.321747621642925,False,False,True,False,64,0.5
2.0,5948.15186750877,2.3295423306691294,16667.849940475076,15.987968357327912,15.732132722552274,19.222382786741086,20.886598574205422,6.300747149214227,0.5911094834474624,10.701049976290232,342.4335992412874,0.9999797523216265,0.6900932844154897,0.08045512876908816,0.001384196311288177,True,1.3276393571396798,339,4.325507104155695,2.1627535520778474,False,0.13916221454709227,0.16366114437946555,0.18150692281393785,0.16359328592959343,0.2871890980437223,0.33051025954934415,16.407029724041422,5560.1696316554135,5.556520191670389e-05,0.00275834075684303,0.9347726412345533,0.8503069868827878,0.9016799020235391,0.5696361284044551,0.9013060405265775,False,False,False,0.04310460600996881,-0.6274466577781953,-0.03197217645291008,0.9653891349005284,0.5009192252171181,1.2538579227455715,-1.271223193340098,False,False,True,False,64,0.5
2.1,6216.399697891734,1.9808886687595428,16742.790200913365,15.993163973262844,15.732132722552274,19.222382786741086,20.89258241577618,4.471182440481816,0.6217116247930788,10.701049976290232,342.4335992412874,0.9999790525170305,0.6930989325203986,0.08644196585710069,0.0015257587079430754,True,1.3280197150781925,1183,6.560929610883693,3.2804648054418464,False,0.12825273348079255,0.17460735624597354,0.18969972079748093,0.17773209463509348,0.009718126772433708,0.3046002420168823,17.504387463658848,5811.142684584533,4.8999462199991126e-05,0.002815840086601154,0.9348084047033458,0.7345207913240487,0.9204407656054504,18.2887195029443,0.9369127897918005,False,False,False,0.048494619094263725,-0.3273005592669286,-0.028809077465057977,0.8013262854149412,-0.06809439250615555,1.3533670511503417,-1.3197390345451316,False,False,True,False,64,0.5
2.2,6474.657278216366,2.296123311790625,16787.34949351892,15.995435305495699,15.724185193516387,19.222382786741086,20.89258241577618,4.445014821591635,0.6521468381699944,10.701049976290232,342.4335992412874,0.9999801633390284,0.6964527654019733,0.09252501133796862,0.0016753015765836926,True,1.3286909406530583,571,5.14654569323394,2.57327284661697,False,0.1341501745422308,0.1819762858228931,0.19759817910364144,0.1817816456132345,0.2026656366983188,0.3186066645377981,18.243122653745033,6053.099119799012,4.9208267070711684e-05,0.0028176198167465995,0.93489104669128,0.7371849245939184,0.9209411070911004,0.8969534676657025,0.9199560767100436,False,False,False,-0.008037875682924155,-0.4290933625996903,-0.03812957414677997,0.8994844115618357,-0.155221027325656,1.3946903468864664,-1.325573882731434,False,True,True,False,64,0.5
2.3000000000000003,6743.993840498697,2.3335349561406593,16833.896872601632,15.99271483347484,15.724185193516387,19.222382786741086,20.89258241577618,5.171240441748918,0.6825676681057773,10.701049976290232,342.4335992412874,0.9999785680275927,0.6971516417704018,0.09827716790659426,0.001825050122946451,True,1.3286909406530583,673,5.436367635479053,2.7181838177395266,False,0.1762703616918377,0.19400322866436762,0.20576745615563632,0.18567891125793573,0.08288352787185319,0.41864210901811455,19.448823673602853,6303.351647211666,6.207628875698339e-05,0.002883873285412828,0.934661536812073,0.9085949904307604,0.9428275602417391,2.240238995919855,0.9023725846982031,False,False,False,-0.013491548186027321,-0.6933108594925705,-0.03626988112283679,1.067565995637692,0.28564617621870625,1.4398242306018063,-1.5014408843601257,False,True,True,False,64,0.5
2.4,7006.702945231126,2.2962714854276896,16889.99456082082,15.992649453314709,15.724185193516387,19.222382786741086,20.89258241577618,5.039570001815958,0.7133164246649806,10.701049976290232,342.4335992412874,0.999978216549707,0.7008968028411147,0.10427042959914926,0.0019853772240756087,True,1.3286909406530583,904,5.998278235900232,2.999139117950116,False,0.19275869425348524,0.21583819826180173,0.21373406043821253,0.1929532790158777,0.27110328341690604,0.45780189885202743,21.637779375745623,6547.395623676429,6.533770625506748e-05,0.003088154235291599,0.9344474390958291,0.8930703453133809,1.009844653768684,0.7117334640287323,0.9027727196136702,False,False,False,-0.03732219873137491,-0.6617624557446746,-0.025505967063212905,1.0042115301698895,-0.498120123426665,1.4644446736228973,-1.3825586497494782,False,True,True,False,64,0.5
2.5,7263.392089478861,2.681307259846512,16920.54318086408,15.995440675055374,15.724185193516387,19.235384061671343,20.89258241577618,5.1334029740317835,0.7436568531140464,10.701049976290232,342.4335992412874,0.9999789170397534,0.7016254156544415,0.11022554848736657,0.0021515593294655203,True,1.3286909406530583,399,4.566969334189989,2.2834846670949944,False,0.19894226810834567,0.21456494883521274,0.22150472435154395,0.20664343411902253,0.0589119536043875,0.47248788675732095,21.510136120730078,6785.437285332478,6.505058255656158e-05,0.002961444990955101,0.9341967501880136,0.927189036179132,0.9686698532654442,3.5076656175196446,0.932907569912886,False,False,False,-0.09553427722461634,-0.5308958663885498,-0.01976077458883608,0.9574433874512337,0.23827987715071436,1.4887440361183257,-1.527606721960803,False,True,True,False,64,0.5
2.6,7515.518574630477,2.269295530132618,16997.43519504166,15.9990965068083,15.732132722552274,19.241881404893856,20.898564544006366,4.94563555407692,0.7735911857147884,10.701049976290232,342.4335992412874,0.9999787569675849,0.7049617856205125,0.11656755186760262,0.002332196392184848,True,1.3283999641096293,1357,6.868001997278793,3.4340009986393967,False,0.2623517574806051,0.21466809771297582,0.2291949915830516,0.209538212167386,0.17669085804709322,0.6230854240164371,21.520476795725827,7021.016125285463,8.290651108490847e-05,0.002863471972296196,0.9342024845744823,1.2221273690671317,0.9366177516806174,1.1859029634206542,0.9142355630029432,False,False,False,0.005607793147655179,-0.6377972017621232,-0.006815440701260893,1.130715033474742,-0.3952175612591712,1.3430119592627878,-1.471703160901079,False,False,True,False,64,0.5
2.7,7768.283737538988,2.259469087479624,17076.87961286326,15.998887290317654,15.732132722552274,19.241881404893856,20.89258241577618,5.124792692031372,0.8033767744894565,10.701049976290232,342.4335992412874,0.9999791888278378,0.7078430584586521,0.12285377455250676,0.002519025442372871,True,1.3280197150781925,1651,7.331949887629233,3.6659749438146165,False,0.19593916537334058,0.22110703768524353,0.23677511543111945,0.21620045352804593,0.08571971710598263,0.4653555177616839,22.165980527945663,7253.220901669769,5.990454693524231e-05,0.002853394813687367,0.9336967014502495,0.886173354881039,0.9338271772464453,2.522178803515401,0.9131046272932388,False,False,False,-0.09507978571330744,-0.7110496769442556,-0.00210227440134068,1.088437538126412,-0.1993893044959891,1.459349761276013,-1.37690141676972,False,True,True,False,64,0.5
2.8000000000000003,8024.8464166123995,2.6258884298758853,17073.816220025456,16.00301772907668,15.732132722552274,19.241881404893856,20.89258241577618,5.253390153651957,0.8333556818579633,10.701049976290232,342.4335992412874,0.9999783114362722,0.7066775888537743,0.1283586445893464,0.002696697560165625,True,1.3280197150781925,740,5.611096056635691,2.8055480283178453,False,0.17712915717895994,0.23326091730981294,0.24467940551055978,0.23110620922949107,0.02905551367766532,0.42068174830002986,23.38440696030875,7495.355983782044,5.242240492343479e-05,0.0029140005610450324,0.934018621000117,0.7593606302409426,0.9533328594741332,7.953953655520469,0.9445266092062541,False,False,False,0.0199366674743305,-0.5686398912865644,0.00770425126154616,1.05703510862226,0.01650445398414746,1.5252617844957255,-1.5097986867650781,False,False,True,False,64,0.5
2.9,8273.757353303747,2.8007572675070675,17102.960322156643,16.00178723118388,15.732132722552274,19.241881404893856,20.89258241577618,6.064306767158154,0.8632041936155899,10.701049976290232,342.4335992412874,0.9999842739831071,0.7086274652998357,0.13425667009225448,0.0028894092565573187,True,1.3280197150781925,598,5.22641860952969,2.613209304764845,False,0.13096322339935354,0.2483414127222795,0.2523399379566643,0.25804174843638966,0.006500751891189236,0.3110376555734647,24.89622662540852,7730.023946903231,3.759327743026764e-05,0.0030090593139605855,0.9342821667131197,0.5273515277365756,0.9841542117083681,39.69413888663023,1.0225957512944486,False,False,False,0.028240669422994653,-0.6251459093865832,0.002946496961668621,1.0088177657486646,0.06393242476643471,1.4421167685270577,-1.6455631967754267,False,False,True,False,64,0.5
3.0,8507.5856034024,2.5608757862147793,17151.721648787607,16.001905783698007,15.732132722552274,19.241881404893856,20.898564544006366,5.977830441689636,0.8924741846400677,10.701049976290232,342.4335992412874,0.9999773579462157,0.7115024856633004,0.14070458388987747,0.003101583560487849,True,1.3283999641096293,1268,6.714446453371265,3.3572232266856323,False,0.22607040575193768,0.2634062937142221,0.25954243613164124,0.2757990466196349,0.44066331324369507,0.536917213660852,26.406480944850767,7950.660774434116,6.311040977902416e-05,0.0031038748448549425,0.9345378518735615,0.8582574188497132,1.014887190087948,0.6258724934224621,1.0626356550022833,False,False,False,0.03130638848058577,-0.6313113736354945,0.006193469809002339,0.9772228198737174,0.055155994622298365,1.497117054500856,-1.583787228382422,False,False,True,False,64,0.5
3.1,8751.33629702857,2.7148645178897937,17295.982102443904,16.003955164477073,15.732132722552274,19.241881404893856,20.904544960366874,5.656727572015969,0.9215476423551975,10.701049976290232,342.4335992412874,0.9999760656283435,0.7141325290623721,0.14751414552106398,0.0033302931758194296,True,1.3287801043274865,917,6.026894308345932,3.013447154172966,False,0.27044500027500173,0.26987741464834225,0.2670550648147248,0.28833072886403954,0.25218397875512305,0.6423068756531292,27.055210818496313,8180.797946118771,7.339529117070019e-05,0.0030915519527780736,0.9348055735095541,1.0021031238475404,1.0105684190471187,1.143334839458679,1.0796677047262713,False,False,False,-0.018233846309337245,-0.6365199294946764,-0.007692128141855396,1.2436620676060406,-0.055859351251994704,1.6353177508200538,-1.4269001162324482,False,True,True,False,64,0.5
3.2,8987.951721079822,3.0291446516809533,17350.616847010468,16.000336042413405,15.732132722552274,19.235384061671343,20.904544960366874,6.137007091575275,0.9504821179851868,10.701049976290232,342.4335992412874,0.9999680884422033,0.7150756130835476,0.1537178281745714,0.0035538347784946295,True,1.3287801043274865,530,5.020293255436294,2.510146627718147,False,0.25698113451701193,0.28051617233164633,0.2741904049717483,0.2770231346248652,0.41380277702547913,0.6103301944779034,28.121746276247546,8399.37749690143,6.79053708139609e-05,0.0031288270285533943,0.9345151996313038,0.9161009591033148,1.023070710153223,0.6694569249055765,1.0103312501158048,False,False,False,0.0963079285057475,-0.47833156882454236,-0.012192231473262073,1.1287879016809965,-0.12864640880164754,1.4286048966126104,-1.4736190399176385,False,False,True,False,64,0.5
3.3000000000000003,9219.898240687859,2.639960429389062,17400.179217423814,16.0021038838216,15.732132722552274,19.222382786741086,20.89258241577618,5.831388287429166,0.9789898174009829,10.701049976290232,342.4335992412874,0.9999693954933797,0.7148805431252471,0.15993384597480712,0.003785841429607103,True,1.3280197150781925,1466,7.0471760388679225,3.5235880194339613,False,0.25624076865679096,0.2785425403153849,0.2813721378489927,0.27495079294621033,0.5070814169725841,0.6085718255598785,27.923889666617335,8619.378213279886,6.600634949247288e-05,0.003028654865558912,0.9348669571256385,0.9199340551955104,0.9899435759516233,0.5422221831510655,0.9771784621182764,False,False,False,0.011640383177832803,-0.6594781514940173,-0.01213866035243335,1.0258746168564101,0.623187214551018,1.471046556336434,-1.4982504960654062,False,False,False,False,64,0.5
3.4,9455.503956282617,2.815211052608847,17475.81185225674,16.006231938808675,15.732132722552274,19.241881404893856,20.89258241577618,6.253410028596579,1.007701424547089,10.701049976290232,342.4335992412874,0.9999706168764161,0.7161508230613794,0.16617267256788526,0.004026643688114094,True,1.3280197150781925,1115,6.432731424225094,3.216365712112547,False,0.20318057033271172,0.2864796003933193,0.288597396279449,0.2866689242062742,0.12789089842158308,0.48255385454019034,28.71957993943026,8840.712264251966,5.103417615510194e-05,0.0030373399527105923,0.9349805473221595,0.7092322456948312,0.9926617637115511,2.2415115363510143,0.993317777297937,False,False,False,0.0057045149698556966,-0.46121596116497066,-0.009549139313230936,1.0868296999373581,-0.33195956577108576,1.5303284299125002,-1.4840451731894908,False,False,True,False,64,0.5
3.5,9683.280733586258,2.667524834127702,17539.648319635035,16.009181409476255,15.732132722552274,19.241881404893856,20.89258241577618,5.871466726190092,1.0358611574965093,10.701049976290232,342.4335992412874,0.9999764343253124,0.7173282356279228,0.1724630260191825,0.004277369133219875,True,1.3280197150781925,1752,7.478511471637478,3.739255735818739,False,0.32063286446233036,0.29075628621553495,0.29548367665302044,0.280573199866457,0.0659515287436133,0.7615030530980346,29.148317693107376,9051.66227329072,7.864101785841828e-05,0.0030101696413703098,0.9347722659630446,1.1027547112933207,0.984001179046392,4.254233453134739,0.9495387462500257,False,False,False,-0.039886411340157246,-0.788228494591118,-0.005326300801086366,1.242955249106887,-0.09652352561946398,1.5159818255224615,-1.5123178660965566,False,True,True,False,64,0.5
3.6,9908.607823383216,2.730252523704365,17549.16985042738,16.00983044126603,15.75595125658873,19.241881404893856,20.89258241577618,6.697983896870851,1.0638533379740651,10.701049976290232,342.4335992412874,0.9999799952100974,0.7158815891738223,0.17818725895529028,0.004522548581335363,True,1.3260121255477635,1704,7.409581176811981,3.7047905884059906,False,0.35774547304969984,0.3014118513218133,0.30243175166146324,0.2819691993538123,0.08432227925282625,0.849645498493037,30.216538095011785,9264.505260552476,8.574822150978344e-05,0.003049524073775945,0.9349956548577159,1.1868991596741825,0.9966276677827413,3.3439466040567387,0.9323399339016614,False,False,False,0.044846466301284485,-0.7353583600146105,-0.006764381151639019,1.10655885081308,0.2627233280260898,1.541626702040876,-1.551610171763199,False,False,True,False,64,0.5
3.7,10137.758350863316,3.0118815451199548,17650.50651774356,16.01124677277525,15.763882770434446,19.235384061671343,20.898564544006366,5.8363364870688255,1.0917647454764785,10.701049976290232,342.4335992412874,0.9999798934035496,0.7182622405867589,0.18457642342599132,0.004793357967789423,True,1.325724432764886,966,6.132386313620396,3.066193156810198,False,0.3724897307942405,0.30601416605034976,0.3095214528346406,0.3046495860644755,0.35307163172500905,0.8846631106363212,30.677920146547564,9481.686735228359,8.726417419103155e-05,0.0030261048926989937,0.935284350550821,1.2172303511365983,0.9886686794980748,0.8628548959768957,0.9842600028994828,False,False,False,0.021759756784380125,-0.6084468990655703,-0.006015862770850479,1.1333996736659873,0.009660603395190287,1.4963225605151362,-1.5731982225382788,False,False,True,False,64,0.5
3.8000000000000003,10362.505059610648,2.828213178431924,17704.50721542189,16.013218321350433,15.763882770434446,19.235384061671343,20.904544960366874,5.851908727060143,1.1196251544232358,10.701049976290232,342.4335992412874,0.9999747271739519,0.7179250828122556,0.19052754061578378,0.00506179909656057,True,1.3261038073420508,1687,7.38485815100791,3.692429075503955,False,0.31141726822572724,0.31648956736268463,0.3164404024438037,0.3244759453536877,0.44461043799470107,0.7396160120361022,31.728079128109137,9693.637513211956,7.13742485799946e-05,0.0030618155499652186,0.9354531030333871,0.9839732501161887,1.000155368652363,0.7297983079685476,1.0253935428214196,False,False,False,-0.1647952111907923,-1.066376069225175,-0.00010801333721773453,1.328153357460736,0.23710262740547886,1.5314333035421166,-1.6092887715630786,False,True,True,False,64,0.5
3.9,10588.982289086936,3.076433121743471,17762.495434170887,16.00914569725921,15.75595125658873,19.235384061671343,20.898564544006366,6.0290370942178235,1.1475429802823967,10.701049976290232,342.4335992412874,0.9999749470857909,0.7182561394535533,0.1963675989756534,0.0053358173532561115,True,1.326391799750404,1071,6.346977428359681,3.1734887141798405,False,0.24008285682181185,0.3134715756906548,0.3233308285257794,0.3212285768518836,0.4897087026866915,0.5701967849518031,31.425525462988144,9904.714519290897,5.384811961952672e-05,0.0029677569198860087,0.9353792695922016,0.7658839762196952,0.969507229236143,0.6559584812144966,0.9934981403305062,False,False,False,-0.01048171490252813,-0.6933211605519691,0.001868267013177417,1.1193250864483493,-0.6933211605519691,1.7196248772064577,-1.5384193855135968,False,True,True,False,64,0.5
4.0,10793.58842235993,3.1634386222949336,17834.65882596372,16.014472487002525,15.763882770434446,19.241881404893856,20.910523666326483,5.482721413778244,1.1745514545999165,10.701049976290232,342.4335992412874,0.9999758252510265,0.7205992822335793,0.20305061131900862,0.0056423928433098425,True,1.3264830734179711,909,6.0093166822858075,3.0046583411429038,False,0.3055477857508395,0.3215746917375907,0.32971108143453914,0.31669269796847427,0.02330790374898538,0.7256759911582439,32.23786284669347,10100.163199239776,6.723213474167109e-05,0.0029867604345473944,0.9357558213278118,0.9501611712658367,0.9753226683751487,13.58735222948826,0.9605157842756658,False,False,False,-0.07130715032664774,-0.9109708107523509,-0.006076177163285044,1.1474037769577643,-0.06764601084120866,1.7780313822800395,-1.624375875303118,False,True,True,False,64,0.5
4.1,11016.614720328831,2.9043192247039786,17934.808059492058,16.01773461421448,15.763882770434446,19.241881404893856,20.904544960366874,6.299822193562948,1.201590638187632,10.701049976290232,342.4335992412874,0.9999774756976678,0.721293663420428,0.20923941775940624,0.005945324095055025,True,1.3261038073420508,1808,7.557357012536988,3.778678506268494,False,0.33975398574456284,0.3168353731957233,0.33651974606606194,0.30542521531198724,0.40981889471158667,0.8069157161433368,31.76274616287126,10308.73557614645,7.324534229688042e-05,0.0028831675582027786,0.9357444040521685,1.072336028384942,0.9415060390944358,0.7452687498143117,0.907599684364523,False,False,False,-0.03737223798447086,-1.0011566294855792,-0.0006817185391438038,1.1402261999394931,0.5741891528960746,1.5933482260539766,-1.5836687514214391,False,True,True,False,64,0.5
4.2,11236.185307031961,3.065554453244022,17997.158031276627,16.01691692262521,15.763882770434446,19.248376554920156,20.904544960366874,5.976412915410426,1.228717872777139,10.701049976290232,342.4335992412874,0.9999766538581111,0.7198956893956373,0.2150233445315967,0.006245932204195413,True,1.3261038073420508,1370,6.88986405117829,3.444932025589145,False,0.27801800022095907,0.32448924303532145,0.34308129470683546,0.3205148736788534,0.3264198677975707,0.6602927505247778,32.530046614290974,10509.737956240006,5.876485056823917e-05,0.0028951148210356265,0.9353475106593941,0.8567864919660715,0.9458086116662204,0.9819098201388302,0.9342242746073779,False,False,False,-0.10970872187715114,-0.7551984200911354,-0.0017950789736904272,0.9684733215690402,-0.39389509371395975,1.5840309998535957,-1.6126409860013557,False,True,True,False,64,0.5
4.3,11450.894019047237,3.395141554019219,17998.63066441585,16.018467273970085,15.763882770434446,19.248376554920156,20.910523666326483,6.243179601503328,1.2558411954798467,10.701049976290232,342.4335992412874,0.9999802503745647,0.7173808461725255,0.22013376304978133,0.0065359303123789245,True,1.3264830734179711,795,5.746801191292358,2.873400595646179,False,0.22338459384973694,0.3309285489629882,0.3494292734880557,0.33510984814473166,0.315017779894217,0.5305384103931252,33.175587033539564,10704.197970737168,4.6331614763933364e-05,0.0028972049674336185,0.9347914628265683,0.6750236404497116,0.9470544515621416,1.0637807436052074,0.9590205331099327,False,False,False,-0.1577260564370968,-0.8569506124227099,-0.002626714126639557,1.248476445720792,-0.5457550041322283,1.6687457579612626,-1.6248423456380303,False,True,True,False,64,0.5
4.4,11659.821841594146,2.8778586031019526,18099.123569632124,16.017320336797425,15.75595125658873,19.254869513969705,20.910523666326483,6.282251039388334,1.2823656337314606,10.701049976290232,342.4335992412874,0.9999835488453999,0.7200729692210258,0.2265395080295538,0.006873962082586828,True,1.3271508223016522,2486,8.40370576660333,4.201852883301665,False,0.3031723942014836,0.34143141574877633,0.3558103081782116,0.3366234802719154,0.10316439305856667,0.7200344362285236,34.22849942881483,10899.670599288722,6.175346810702895e-05,0.0029355936903522244,0.9348059299162074,0.8879452218437816,0.9595883196778172,3.2629812505252027,0.946075682841976,False,False,False,-0.05459793557977031,-0.8776881128593141,-0.012980057093426796,1.1630667600352087,-0.28110429724078323,1.5351115816394083,-1.6546612301205674,False,True,True,False,64,0.5
4.5,11869.532160754492,3.1348464292583267,18112.094539002497,16.01596203873993,15.763882770434446,19.248376554920156,20.910523666326483,7.765499577301146,1.3088774448344416,10.701049976290232,342.4335992412874,0.9999852810710042,0.7183323101105483,0.23170128859895694,0.0071838720482337555,True,1.3264830734179711,1650,7.330469283815223,3.6652346419076114,False,0.27097690839802013,0.3579738405997793,0.3622798315911314,0.35215656670378626,0.07334399510028292,0.6435701574452978,35.886877520127875,11097.853936067975,5.4220347418005476e-05,0.0030234449878980495,0.9349866351735413,0.7569740513552687,0.988114185179892,4.8014369304846864,0.9720567804095419,False,False,False,-0.043651159059547195,-0.790974347025222,-0.0005334542357330271,1.490312178944252,0.27012745249964365,1.5959890980913771,-1.6313574964838153,False,True,True,False,64,0.5
4.6000000000000005,12070.657403170717,3.0631794932916487,18174.76614105301,16.01496543926507,15.75595125658873,19.241881404893856,20.910523666326483,6.237777808363752,1.3350937362531923,10.701049976290232,342.4335992412874,0.9999880103318166,0.7194101310499441,0.23768913706078768,0.007529123515315899,True,1.3271508223016522,2037,7.8638304261786605,3.9319152130893302,False,0.323500350415096,0.3655081065926992,0.36832332640939414,0.35508943824134187,1.1331443134036445,0.7683133322358531,36.642187685918095,11282.986579146374,6.36513245777345e-05,0.003035641428800136,0.9347449937716369,0.8850702476363562,0.9923566616208125,0.3133664741914062,0.9640699156986253,False,False,False,0.002365311735817216,-0.7166204081734806,-0.013954549979177467,1.072508444351155,-0.653643050872428,1.5450996206612921,-1.5584656190418529,False,False,True,False,64,0.5
4.7,12277.098851796654,3.0439584894432774,18196.391045324963,16.018039442833985,15.763882770434446,19.248376554920156,20.910523666326483,6.109703453839623,1.3608311726205358,10.701049976290232,342.4335992412874,0.9999937536269581,0.7185178286885732,0.242796870592462,0.007856036882576752,True,1.3264830734179711,2291,8.177969627850247,4.088984813925124,False,0.5482146126934702,0.36123738300494795,0.37469437705396125,0.35377005555180546,1.500058652090248,1.3020097051469917,36.21404764624603,11478.15336268539,0.00010605190370007105,0.002949723553048235,0.934923918202846,1.5176021045583787,0.9640854123437371,0.23583748212701328,0.9441562970155211,False,False,False,-0.0890831517379226,-1.231633117592938,-0.007005992455439588,1.0751567972082894,1.1185678217566024,1.5818934267321088,-1.583321477296484,False,True,False,False,64,0.5
4.8,12479.856015692982,3.0601561497911205,18316.78020197043,16.01957665841757,15.763882770434446,19.248376554920156,20.910523666326483,6.22721559954556,1.3866950649027463,10.701049976290232,342.4335992412874,0.9999912618966965,0.720322022591425,0.24926495164449397,0.008236937767015288,True,1.3264830734179711,2285,8.170824172374607,4.085412086187303,False,0.4469319955460016,0.35599492587197606,0.38091694101409795,0.38070840406041123,0.5285439876450105,1.0614634894217538,35.6884913186656,11668.771497937743,8.505414550352189e-05,0.0028596877458993575,0.9350085035648386,1.255444847847996,0.9345736236467375,0.7202965372034634,0.9994525395664169,False,False,False,-0.03189049730803369,-0.8380641843076074,0.0026126954935179986,1.1782890997026971,-0.4883747600109663,1.6744899233757713,-1.6735798398697526,False,True,True,False,64,0.5
4.9,12677.105350211234,3.00684519132525,18385.75071939809,16.019122995097785,15.763882770434446,19.248376554920156,20.910523666326483,6.280579415152128,1.4121886248852027,10.701049976290232,342.4335992412874,0.9999871688131339,0.7218521266594642,0.2551436129619081,0.00860916870338623,True,1.3264830734179711,2699,8.637169153911026,4.318584576955513,False,0.41348965345890415,0.37008673435896366,0.3869596135220163,0.3728156320430808,0.13912245725003142,0.9820379269648973,37.10119511948611,11853.878950874996,7.746547021860428e-05,0.002926629864984746,0.9350619580263628,1.1172776948493433,0.9563962786465502,2.679766009114223,0.9634484297981377,False,False,False,-0.13026806844183808,-0.928741327192939,0.0019208313100580077,1.3117941350439737,-0.36346855697485264,1.656733441236746,-1.7033122611792781,False,True,True,False,64,0.5
5.0,12876.404272252264,3.3202055356024425,18398.738561308168,16.019838021207768,15.75595125658873,19.248376554920156,20.898564544006366,6.257335374324557,1.4375267117075023,10.701049976290232,342.4335992412874,0.9999869517184872,0.7181967800156157,0.2599990457428433,0.0089574052711092,True,1.326391799750404,1556,7.188533943687424,3.594266971843712,False,0.48855070730132527,0.3896328072592325,0.39302984070783165,0.3858680758469456,0.010019554650054567,1.1603079298406476,39.060688927738056,12039.830496593273,9.011117586149642e-05,0.003033509052827043,0.9350304822704465,1.2538746691735334,0.9913568052683195,38.51149969473385,0.9817780633450428,False,False,False,0.02581485761157789,-0.9266421407651804,0.013152989366858903,1.21309014152899,-0.05993884378258574,1.614246641446144,-1.6574833384075576,False,False,True,False,64,0.5
5.1000000000000005,13079.590177865352,3.4023093595504723,18408.79529641295,16.016708054010245,15.748015748023622,19.248376554920156,20.904544960366874,6.835398919180174,1.462910493909586,10.701049976290232,342.4335992412874,0.999993075041415,0.7166694448868063,0.2645254912443746,0.009303094642323838,True,1.3274399324238926,1516,7.126400032445077,3.5632000162225386,False,0.3295767029979761,0.4083993327994214,0.3992603914940293,0.4050146335062182,0.18577661460156972,0.7827446696201932,40.942033113141996,12230.69329528341,5.984473970330014e-05,0.003130222931787907,0.9350975931938194,0.8069961837078765,1.0228896767625615,2.1801163422793692,1.0144122535938427,False,False,False,0.05573848067683254,-0.9849999165692859,0.006359452681427376,1.4199558690537375,0.27339392560981485,1.6941986040622998,-1.6383558616324656,False,False,True,False,64,0.5
5.2,13282.037398737968,3.1663162827159708,18512.063163663555,16.01799537665824,15.75595125658873,19.248376554920156,20.904544960366874,6.287781711680338,1.4884206846428314,10.701049976290232,342.4335992412874,0.9999928712769881,0.7173473156423951,0.27032430441016836,0.009702795109284523,True,1.32677136530396,2460,8.37430612507699,4.187153062538495,False,0.3697368183564324,0.39934496850733675,0.40546899445900336,0.4181612555133615,0.10092398034264868,0.8781249435965269,40.03433309286051,12420.883758135573,6.61137231611744e-05,0.0030141710861817396,0.9351640403689708,0.9258582116069396,0.9848964383581595,4.1433290095540745,1.03130266735017,False,False,False,-0.1101546462730379,-1.08069208093975,0.00873739544546968,1.0986872518094541,-0.2977339364555698,1.713605955983161,-1.672560199532815,False,True,True,False,64,0.5
5.3,13469.95352080179,3.2696859686259208,18536.305065749493,16.014278327407634,15.75595125658873,19.241881404893856,20.904544960366874,6.235361714496076,1.5135065866556934,10.701049976290232,342.4335992412874,0.9999917342400207,0.717232605808542,0.2754344854116494,0.010088263208545464,True,1.32677136530396,2158,8.016551932596075,4.008275966298037,False,0.52529903736914,0.4165926255965289,0.41130165938887087,0.43568553935128407,0.7118256034211898,1.2475852137517074,41.76341071605202,12599.557970181551,9.261986033025642e-05,0.003100486623918661,0.9353824384563705,1.2609417572309443,1.0128639554129675,0.6120678116343159,1.0592846622565146,False,False,False,0.03668749629226185,-1.158077577691571,-0.0029315309457480132,1.1426120208550687,0.26877173481990807,1.6166129045147128,-1.6913681170220518,False,False,True,False,64,0.5
5.4,13653.351625524043,3.3333095536463104,18578.00066923702,16.013718411841797,15.75595125658873,19.241881404893856,20.904544960366874,6.1243911741858295,1.5378127233134076,10.701049976290232,342.4335992412874,0.9999901693285697,0.717087807906881,0.2808401193762716,0.010495058646669995,True,1.32677136530396,2058,7.890761562507786,3.945380781253893,False,0.5599800566047687,0.43662908427567193,0.41687840143402594,0.46592676910104575,0.17065665558480397,1.3299526344363257,43.77206569863611,12770.392400529054,9.740850971347333e-05,0.0032059575479479424,0.9353302215300487,1.2825074571789574,1.0473775632743394,2.7301998126262,1.1176562937736703,False,False,False,0.05232244733202669,-0.8318804395540653,0.0037830491302539475,1.338041134685428,0.26858493165682273,1.6374049260939878,-1.820807734716311,False,False,True,False,64,0.5
5.5,13840.172466933429,3.3556850323314302,18643.711718927018,16.01408061870713,15.75595125658873,19.241881404893856,20.904544960366874,6.374234239458413,1.561888808626403,10.701049976290232,342.4335992412874,0.9999929532250234,0.716222535282208,0.2863087366078438,0.01091577019730858,True,1.32677136530396,2118,7.966711962744913,3.9833559813724566,False,0.5299936868811647,0.45195880569037455,0.4225029240092202,0.4772828639620039,0.6386031074797777,1.258735006342766,45.30887027046005,12942.690509770946,9.094792780582049e-05,0.0032737215073519346,0.9351538458565655,1.1726592782534473,1.069717580653978,0.7473857523894335,1.1296557652973505,False,False,False,-0.21659104023239825,-0.9484143436677546,-0.010017982346857827,1.259129112586933,-0.7467844374496636,1.7437568070932294,-1.6579548625692542,False,True,True,False,64,0.5
5.6000000000000005,14030.544992587478,3.673868707862017,18645.303655471787,16.014296807364666,15.763882770434446,19.241881404893856,20.89258241577618,6.529451564771604,1.5861282738260936,10.701049976290232,342.4335992412874,0.9999933530675558,0.7134268527896369,0.2905211991383611,0.01129843537462008,True,1.325344949593303,1221,6.63044003270965,3.315220016354825,False,0.7068503954135561,0.45899909831006386,0.4283097166105049,0.47119066194672027,0.8426005733113241,1.6787696891071957,46.0146596055839,13120.572165073325,0.00011965106772360674,0.0032796060046059545,0.9351434439649419,1.5399821002176857,1.07165231258918,0.5592099944757867,1.1001166764918628,False,False,False,-0.10430243405991854,-0.8156218869904825,-0.007096828761246257,1.3703418177397695,-0.8077072245043293,1.6894778806736381,-1.7046516278118011,False,True,True,False,64,0.5
5.7,14223.44636588337,3.3919622335326385,18704.463638147383,16.01752280415229,15.763882770434446,19.241881404893856,20.89258241577618,7.428730276665242,1.6102154141269136,10.701049976290232,342.4335992412874,0.9999945728526547,0.713004366001745,0.2953827651565024,0.011716211138867255,True,1.325344949593303,2278,8.162471980629709,4.0812359903148545,False,0.7312148293270486,0.4620170915327893,0.4341783949207111,0.4515361355254947,1.23330326165664,1.7366352196517405,46.31721342616213,13300.349588504238,0.00012209665470509784,0.0032563987823133697,0.9351003439227437,1.5826575309176725,1.064118106607221,0.36611930703804907,1.0399783609867401,False,False,False,0.1253898556445714,-0.9528503160284713,0.003787105707006236,1.4220811284860113,1.0755656848338453,1.6689325151355148,-1.7733633056574796,False,False,False,False,64,0.5
5.8,14408.37153062072,3.261793952484261,18696.671531705462,16.015581644128865,15.771810295587505,19.235384061671343,20.89258241577618,6.100443680372168,1.634431329624639,10.701049976290232,342.4335992412874,0.9999951384475327,0.7101140623332778,0.2993966230054179,0.012109641154456516,True,1.3246787796846198,3097,9.042410079233932,4.521205039616966,False,0.39849095049791466,0.4365122266009161,0.43986405553412355,0.4406877103003983,0.7013948456459278,0.9464160074325474,43.76035071674184,13474.520562197633,6.568514737569203e-05,0.0030371475793598323,0.9351869177971665,0.9128975689889149,0.9923798526134686,0.6283018944836424,1.0018725211935642,False,False,False,0.04576286301774309,-0.5720917055377244,-0.01544967838678015,1.1003166713592911,-0.41139569905619866,1.6497535905525558,-1.8053032594233849,False,False,True,False,64,0.5
5.9,14590.051200445414,3.640669766952137,18794.610810461218,16.01716919329466,15.771810295587505,19.241881404893856,20.89258241577618,6.631913946444743,1.6581113236515468,10.701049976290232,342.4335992412874,0.9999923248018554,0.7123842914212365,0.3051112440703398,0.01258227146480018,True,1.3246787796846198,1551,7.180825880791503,3.5904129403957517,False,0.3853337896492365,0.4448694817444541,0.44547246828300247,0.4482145918477281,0.0714909964063418,0.9151677504169367,44.598165544881525,13646.32517308882,6.272546530809966e-05,0.0030567518189052005,0.9353171545191162,0.8661726763954183,0.9986464112117356,6.269525036413789,1.0061555399266193,False,False,False,-0.05770769834029037,-0.6558083052867237,-0.006554903958865573,1.317784193645924,-0.19439629096140137,1.7107449588367554,-1.7266353127420793,False,True,True,False,64,0.5
6.0,14762.399931297687,3.5176048814731633,18811.56667427025,16.017474795064246,15.771810295587505,19.241881404893856,20.89258241577618,6.030932561441755,1.6815871256979353,10.701049976290232,342.4335992412874,0.9999920856166368,0.7120112180984244,0.3097985122077129,0.013023140711266779,True,1.3246787796846198,2111,7.957925602419447,3.9789628012097236,False,0.7051317164532234,0.4490707808468863,0.4508071447827813,0.4570701992138489,0.027849849428027252,1.6746878265764056,45.01934577990035,13809.744318810232,0.00011344278940891641,0.0030495953225366202,0.9354674296238422,1.5702017288309007,0.9961483220574695,16.4119450769406,1.0138929795225082,False,False,False,0.0017574802161152675,-0.9527116387450842,0.02147549177606687,1.2923822219605816,0.1460835754304376,1.7449847759530246,-1.6648735017661753,False,False,True,False,64,0.5
6.1000000000000005,14935.376533045626,3.4951214261448804,18814.173540307936,16.01877255158605,15.771810295587505,19.248376554920156,20.89258241577618,6.466742236535195,1.7042761669712443,10.701049976290232,342.4335992412874,0.9999949478154737,0.7092618789698681,0.3140492054960866,0.013456511934903576,True,1.3246787796846198,2429,8.338980696311534,4.169490348155767,False,0.5848592613065066,0.462743672007012,0.45611853352368104,0.5219090168847472,0.5572939248103258,1.389040745602953,46.39005311870295,13972.450081880992,9.300339650156108e-05,0.0031060517969574803,0.9355271392700353,1.263894671470827,1.014525036797232,0.9365058430564773,1.1442398817974153,False,False,False,0.07160094780796737,-0.6160760312739836,0.016940479847124105,1.3353847116238957,0.30212448728294683,1.7452843624581043,-1.763050864044233,False,False,True,False,64,0.5
6.2,15115.743081144508,3.7753300349554006,18829.519059224014,16.018635222095483,15.7797338380595,19.248376554920156,20.910523666326483,6.686972189715589,1.7272636368260312,10.701049976290232,342.4335992412874,0.9999956505268748,0.7074935293189563,0.3180815977706334,0.013889766294460646,True,1.325150593851711,1546,7.1731012342515506,3.5865506171257753,False,0.5252062242398234,0.4906075406185787,0.4615582551130767,0.5350138807939916,0.02601315122072357,1.2473647825695806,49.18340594701252,14139.087113224545,8.252090392602351e-05,0.003253786842167506,0.9353881603651857,1.070522119528822,1.0629374194561534,20.5670538049911,1.159147030449968,False,False,False,-0.14568381297744487,-0.8964839247538545,0.020132820936460395,1.6863049039819855,-0.15646712559725015,1.7894516819179915,-1.694290306585529,False,True,True,False,64,0.5
6.3,15289.208720194081,3.5586159476596855,18922.511321523507,16.01676894318659,15.75595125658873,19.254869513969705,20.910523666326483,6.4675621662518905,1.7500545334415323,10.701049976290232,342.4335992412874,0.9999948676077908,0.7088421072134049,0.3236104555117918,0.014398675741926872,True,1.3271508223016522,2312,8.202880916352756,4.101440458176378,False,0.3284463072174562,0.4641850843168752,0.4669226269782931,0.4997315406092617,0.24771692372875093,0.7800599796414586,46.53455470276674,14303.41592821117,5.10202976437329e-05,0.0030436208671351063,0.935523622574341,0.7075761766469059,0.9941370529007472,2.0173492108939066,1.070266274828643,False,False,False,-0.043453655171751,-0.7142938839511385,0.005615643689233974,1.2176600343554962,-0.49205375870242396,1.8810675089760358,-1.7464710321264492,False,True,True,False,64,0.5
6.4,15467.945125907465,3.7711509969384123,18876.05039788444,16.01422839174212,15.748015748023622,19.248376554920156,20.91650066335189,6.146281327636837,1.7729427059735778,10.701049976290232,342.4335992412874,0.9999958817031324,0.7052064461845671,0.32639896484034625,0.014795567127910629,True,1.3281991203226293,1707,7.413926973219929,3.7069634866099643,False,0.4236980082276698,0.45783667742102835,0.4723251089828,0.4472631932478666,0.5045909681161568,1.0062827695407157,45.89812691145809,14468.912185385982,6.505600849690626e-05,0.002967306034373158,0.9354126917060114,0.9254348310719447,0.9693252988540585,0.8863876317835849,0.9469392686132931,False,False,False,0.09261576925985564,-1.1788423966848187,-0.014170157237375136,1.2184214507309328,0.6138786439752396,1.7339925203794873,-1.793854869737367,False,False,True,False,64,0.5
6.5,15638.30210916716,3.5087584504974667,18942.335737033914,16.011994047999625,15.748015748023622,19.254869513969705,20.92844953645635,6.6012872540506216,1.795621799036517,10.701049976290232,342.4335992412874,0.9999938988713275,0.7059062365859354,0.3313820814398862,0.01530111445508952,True,1.328957874523517,2896,8.842396451724207,4.421198225862104,False,0.2669692684607689,0.44895280717608294,0.47760408319738545,0.4165828661725409,0.20845892602785437,0.6340520125943262,45.007518919402315,14630.624982116708,4.054481158940173e-05,0.0028780310423226155,0.9355635208978503,0.5946488454766725,0.9400104039532228,1.9983930365105926,0.8722347250125466,False,False,False,0.02263136671223225,-0.5042867369074506,-0.02144197907157072,1.1390489172282736,0.1030522490420297,1.6697186280657244,-1.8070307502279548,False,False,True,False,64,0.5
6.6000000000000005,15805.645173952315,3.905165489808756,19009.493385600774,16.011866103586147,15.75595125658873,19.254869513969705,20.91650066335189,6.419294704603633,1.817778336213018,10.701049976290232,342.4335992412874,0.9999946976402249,0.7055180510202801,0.3363555063678942,0.015818946907610633,True,1.327530170836569,1490,7.085424690486476,3.542712345243238,False,0.46301995765551496,0.44868288212992874,0.4827345580195719,0.42188643788731844,0.6285717564774032,1.099672399431848,44.980458933525355,14787.788741272803,6.957466065631455e-05,0.00284584769798914,0.93560171562266,1.0319536940155307,0.9294608696975397,0.6711826192312939,0.8739511826501835,False,False,False,-0.07237244284253276,-0.9058309485070168,-0.024676873378702675,1.1785882834630883,-0.7492451126718235,1.9191329100525265,-1.7790082161922163,False,True,True,False,64,0.5
6.7,15974.749260754006,3.9141848460122404,19007.3364206734,16.010860189899482,15.75595125658873,19.254869513969705,20.93442141545832,6.318743172419321,1.8398573128594828,10.701049976290232,342.4335992412874,0.9999938025842658,0.7032166484622977,0.3399038377483726,0.016280168237991915,True,1.328667566593549,1538,7.160707082159036,3.580353541079518,False,0.4781764538356475,0.47538643451131013,0.4877642248893015,0.4585340096551781,0.6516837875259821,1.1356690778596628,47.65749005975884,14941.864412618306,7.109151194314642e-05,0.0029833012889185976,0.9353426566341644,1.0058689502303646,0.9746234148664746,0.7036142657406476,0.9400730645205535,False,False,False,0.10796513658864386,-0.9970899438167276,-0.0015555191309524425,1.3151688310993552,0.8071177965429663,1.7518294014961369,-1.7014957901909296,False,False,False,False,64,0.5
6.8,16142.078385369285,4.452032948437428,19096.328597631305,16.009111321281107,15.732132722552274,19.261360284258224,20.940391591371924,6.425479735797847,1.8618160721331982,10.701049976290232,342.4335992412874,0.9999907134254893,0.7041500527327017,0.34505271069748433,0.01682828316908548,True,1.331058665768407,598,5.22641860952969,2.613209304764845,False,0.4544158459017908,0.5273362920382366,0.4926352636180657,0.5087296479882553,0.2240409163936489,1.079237634016753,52.865463276833225,15091.080768636064,6.685865402530463e-05,0.0032750096991691576,0.9348908119733941,0.8617192724312659,1.0704395949354413,2.2706997283228247,1.032669980325784,False,False,False,0.22718258957206353,-0.838005299620017,-0.004869395962719521,1.3689218421239449,0.4695860295947205,2.0696881593777094,-1.7045828780855852,False,False,True,False,64,0.5
6.9,16305.940492962378,4.395584631839616,19066.58711741631,16.005992697399343,15.732132722552274,19.248376554920156,20.91650066335189,6.233008672019832,1.8836017770570899,10.701049976290232,342.4335992412874,0.99998707261011,0.700582100038769,0.348078740394577,0.017283243826086366,True,1.3295400586957762,753,5.643763272138857,2.8218816360694285,False,0.5842609742498722,0.559994706055011,0.49744075161382173,0.5827268926271798,0.4449212580393146,1.3876198138434466,56.13946928201486,15238.289084468057,8.509903580491671e-05,0.0034428844693898263,0.9345237762301954,1.0433330314241889,1.125751567876674,1.3097303895865733,1.1714498475178574,False,False,False,0.10594932776785343,-0.7691149518442475,-0.0012629893102813216,1.252477100665322,0.041771149739780855,1.803787859081596,-1.8627090125066759,False,False,True,False,64,0.5
7.0,16463.00891784546,3.7891904357259345,19052.788094650034,16.00196957582103,15.724185193516387,19.241881404893856,20.91650066335189,6.798024965184639,1.9049008708173387,10.701049976290232,342.4335992412874,0.9999913892550172,0.6994680657234759,0.35156126107964547,0.017769111846203046,True,1.3302120527031487,2336,8.231166936456948,4.115583468228474,False,0.757287974353122,0.5782415171448021,0.501767518084095,0.6060100532143994,0.13828845701302267,1.7985589390886647,57.96871209376641,15370.832544289366,0.00010924849449234491,0.0035211492858349784,0.9336587631698235,1.3096395742948417,1.1524092259951555,4.382217187927198,1.2077506641488769,False,False,False,-0.22437897803707488,-1.1752728987791345,0.009211163178911854,1.3840968480755675,-0.19739412701175346,1.9180186846287413,-1.818314999013292,False,True,True,False,64,0.5
7.1000000000000005,16621.75911513694,3.9791925805292476,19118.646207697362,15.995991559151395,15.724185193516387,19.235384061671343,20.91650066335189,7.9340212091886375,1.925886846509361,10.701049976290232,342.4335992412874,0.999992332643402,0.699948074659465,0.35631746801263453,0.018330057190567968,True,1.3302120527031487,1793,7.536399176117848,3.768199588058924,False,0.6645554159267615,0.5561968661746216,0.5063794821149107,0.5952429709694564,1.0488231616961399,1.5783191128260585,55.75873583400582,15512.112567931852,9.495499855901114e-05,0.0033545628623162993,0.933241329060378,1.1948204967377865,1.0983795469983242,0.5675341589585409,1.1754879334435204,False,False,False,-0.1179713139854729,-1.221823314547935,-0.00038250174256481117,1.419584206517578,-0.4763032477174145,1.8282050908876242,-1.7799202587768521,False,True,True,False,64,0.5
7.2,16777.504052481592,3.9829389195207643,19161.313219152144,15.99049809309864,15.724185193516387,19.235384061671343,20.904544960366874,6.9491702607260395,1.946947459518698,10.701049976290232,342.4335992412874,0.9999943280466638,0.6996337124206581,0.3606615608387187,0.018881517222810847,True,1.3294517142285074,1840,7.601682700664171,3.8008413503320857,False,0.6379640095546439,0.5561702485785761,0.5111096740372155,0.5766554337290837,0.5822042490547295,1.5151645226922794,55.75606742000225,15657.014310909788,9.030929260709484e-05,0.0033232635346468753,0.9332147536327926,1.1470660489033906,1.0881622415506844,0.9904692977856914,1.1282420643188522,False,False,False,0.0018110220179522111,-0.7500902106600581,-0.015492443225397619,1.229109842949883,-0.04341487369457395,1.7610239728135668,-1.8826392582415592,False,False,True,False,64,0.5
7.3,16944.972962558713,3.551702644739738,19208.503141740843,15.982651838942845,15.724185193516387,19.222382786741086,20.8806130178211,6.853258572189809,1.967875274433975,10.701049976290232,342.4335992412874,0.9999889511857938,0.6983858911110052,0.364471660974972,0.019415588849551826,True,1.3279297312289913,3926,9.786345901855192,4.893172950927596,False,0.6185993432185835,0.5616145101326555,0.51619150746041,0.5706124399203392,0.8152317243611034,1.4691734401441356,56.301854640798716,15812.688019850037,8.670261341758367e-05,0.003322628768142753,0.9331787105703532,1.1014660982894975,1.0879964160892928,0.699938953390863,1.1054277950593814,False,False,False,0.1749896672764293,-1.0346120391905447,-0.035106216065309344,1.4090279662099041,0.9028825540698158,1.8453540944186921,-1.836032649069856,False,False,False,False,64,0.5
7.4,17092.4879556241,3.8595058495596644,19196.3525946476,15.978898153657973,15.724185193516387,19.215878850575635,20.862646045025066,6.415245336609978,1.9884352686952467,10.701049976290232,342.4335992412874,0.999987738061333,0.6971004634663125,0.36789199920477406,0.019938955615352204,True,1.3267870982356174,2517,8.438492500289069,4.2192462501445345,False,0.19445667107389922,0.5533477649927669,0.5210927154750046,0.5605739757613759,0.10494679570653338,0.4618345938005106,55.473113440524884,15962.828562914117,2.7019740777324867e-05,0.003245467458250983,0.9339090133839597,0.35141855335123845,1.0618988685887887,5.341506350788734,1.0757662870999491,False,False,False,0.043727755170265205,-0.621546486394187,-0.023806556100567037,1.3060645503336699,-0.03187051477649916,1.934454413124135,-1.8226253691622865,False,False,True,False,64,0.5
7.5,17247.880966667413,3.743487324543035,19263.745679511696,15.972705794302538,15.724185193516387,19.209372712298546,20.844663585675832,6.675558013553346,2.008798169129561,10.701049976290232,342.4335992412874,0.9999922687043407,0.6978568649457557,0.37242043337922526,0.020531819962930492,True,1.325643480354759,3087,9.032667145195045,4.516333572597523,False,0.4918718017389236,0.5304574933010469,0.5261468763153865,0.5061849776478985,0.2215109880313704,1.1681955291299435,53.178363703429945,16117.654567247853,6.772980004833944e-05,0.0030831824388283056,0.9344715793433529,0.9272595975183539,1.008192801629552,2.285146132688517,0.9620602163272708,False,False,False,0.08429195165245776,-1.0836324294088202,-0.0021010168336640963,1.353739407054487,0.34585277612958365,1.8234639027961232,-1.805686510160051,False,False,True,False,64,0.5
7.6000000000000005,17413.391297412578,3.6337102156495957,19326.874566685263,15.970326303531364,15.724185193516387,19.209372712298546,20.820662813657012,7.130711962321823,2.0295085382002727,10.701049976290232,342.4335992412874,0.999991850956252,0.6976203231573505,0.37632312814957397,0.021101502347494253,True,1.3241171200554211,3870,9.739592469911187,4.869796234955594,False,0.5934583574489115,0.504392033602495,0.5317323134575174,0.51276220129309,0.5198317114755269,1.4094635989411648,50.56530136865012,16288.755357761676,8.094136144236272e-05,0.002903816982287851,0.9354154558154327,1.176581543547154,0.9485826248225429,0.9864003868437148,0.9643239432994456,False,False,False,-0.056494109142115626,-0.6908229913636095,0.017393647684251556,1.2670053425920493,-0.571869936128832,1.8323655031829902,-1.8717018527978895,False,True,True,False,64,0.5
7.7,17572.62394889709,3.834753546223897,19403.366737702338,15.969824918424196,15.724185193516387,19.20286436967152,20.820662813657012,6.2247031314253265,2.050529918767154,10.701049976290232,342.4335992412874,0.9999921076179519,0.6980985523476221,0.38070609636254754,0.021707723398846215,True,1.3241171200554211,2827,8.771604999082976,4.385802499541488,False,0.39814746137796625,0.4916549334311206,0.5372567705950501,0.4993626329200915,0.2746736137740112,0.9456002207726698,49.28840707646984,16457.988124927142,5.3810985970141274e-05,0.0028048404848248815,0.9365697560471664,0.8098107723630633,0.9151209632715802,1.8180218553171401,0.9294673613270836,False,False,False,-0.18761514857320397,-1.1522910267711344,0.026153753248152514,1.3516186668045904,-0.18810795072033437,1.7917165973693205,-1.8643019830437955,False,True,True,False,64,0.5
7.8,17718.206190548903,3.913833720792322,19434.235862448088,15.971468781796247,15.700318468107582,19.20286436967152,20.844663585675832,6.53749144467871,2.0708663549668405,10.701049976290232,342.4335992412874,0.9999940443414143,0.698597819654974,0.38468864511876727,0.02230239925077997,True,1.3276586476903687,2632,8.565099750899904,4.282549875449952,False,0.6073749522912371,0.4809097804797052,0.5423257714641638,0.49341741734567235,0.9715650645757802,1.4425155116916881,48.211205493090446,16613.26872942603,8.141430888535108e-05,0.0027209981063888323,0.9376382998798004,1.262970679625986,0.8867544302409812,0.5078583363442735,0.9098173889349765,False,False,False,-0.10526107024082604,-0.9981660931739776,0.010883896325246188,1.592175326735116,-0.9757700926864044,1.8098599928407326,-1.958265079968228,False,True,True,False,64,0.5
7.9,17873.815345924337,3.844714125345578,19489.89894249629,15.971597370660978,15.700318468107582,19.196353820452465,20.868636754709208,6.25530541378241,2.0909128241373125,10.701049976290232,342.4335992412874,0.9999933187007216,0.698962034346438,0.388624821943883,0.022905149186262394,True,1.3291855701589843,3073,9.018991625196756,4.509495812598378,False,0.6085225318125826,0.4808488807299727,0.5476459796724371,0.4873625737091585,1.0089128516899792,1.4452410130548838,48.20510029317977,16776.244662548143,8.085800289888493e-05,0.0026969675673734483,0.9385933746022241,1.2655172055070392,0.8780286874699278,0.4830571569118204,0.8899226723086037,False,False,False,0.024083563898980778,-0.761161971680026,0.0004369750570296134,1.2918391216233127,0.7576694251292526,1.8051942470450495,-1.890534484512853,False,False,False,False,64,0.5
8.0,18021.7075959737,4.336503212435524,19557.411780979794,15.972488819140121,15.692354826475215,19.209372712298546,20.886598574205422,7.062787432810491,2.1108732771479026,10.701049976290232,342.4335992412874,0.999995424403961,0.6992345696668519,0.3930441142303281,0.02354754857523852,True,1.3310047348003364,1310,6.78777694043224,3.39388847021612,False,0.5139762506805879,0.4898539710199156,0.5518618812518543,0.49350988138652396,0.9618533904737243,1.2206935953663964,49.10786059474654,16905.39195659352,6.773462441700676e-05,0.0027249282751495713,0.9380571661461437,1.0492438177247962,0.8876387147971179,0.5130822288243579,0.8942633984196127,False,False,False,0.21811425933590514,-0.9334619486709556,-0.007661563991848315,1.2128783948728494,0.39035788482756734,1.838417485923028,-1.850062155056555,False,False,True,False,64,0.5
