t,planted,peak,glue_in,glue_out,res_in,res_out
0.0,False,1.436251163482666,nan,nan,1.0922122217586196e-31,3.0765088013140485e-05
0.005,False,1.4063067436218262,0.48220658720066756,0.993261906180908,0.0005021844990551472,0.0005230543902143836
0.01,False,1.3647541999816895,0.6710870167032652,0.9795791258805786,0.0009605861851014197,0.0009889452485367656
0.015,False,1.3397414684295654,0.7266848285890993,0.9607590607744387,0.001371805788949132,0.0014318794710561633
0.02,False,1.4343373775482178,0.749584563013865,0.9443821865629872,0.0018067596247419715,0.0018541250610724092
0.025,False,1.4884189367294312,0.7831431410707433,0.9266339189428398,0.0022413155529648066,0.0022662177216261625
0.03,False,1.468442678451538,0.7943692171318374,0.905672477640937,0.0026297164149582386,0.002646127948537469
0.035,False,1.5589338541030884,0.8063816392076125,0.8937198027757159,0.0030272824224084616,0.0030147333163768053
0.04,False,1.6575387716293335,0.8162834707213135,0.8850885381095106,0.0033812597393989563,0.0033634610008448362
0.045,False,1.6965736150741577,0.8197098649447383,0.874485544985877,0.0037678126245737076,0.0036945112515240908
0.05,False,1.7744402885437012,0.8059664617845163,0.8653447487960547,0.004105839878320694,0.004018506966531277
0.055,False,1.7731863260269165,0.8137756742020819,0.8542402260402423,0.0044755395501852036,0.004330378025770187
0.06,False,1.8313676118850708,0.8204352588669126,0.848005570401979,0.004811013117432594,0.004625954665243626
0.065,False,1.947391152381897,0.8069005018687834,0.8469416159547399,0.004967894870787859,0.004917563870549202
0.07,False,2.0506346225738525,0.7948639779692643,0.8432836599921024,0.0052378373220562935,0.005189596209675074
0.075,False,2.1653292179107666,0.7962584055137405,0.8410457140533708,0.005667980760335922,0.0054556685499846935
0.08,False,2.281956911087036,0.7910994099782008,0.8376772367179448,0.005928356200456619,0.005714928265661001
0.085,False,2.4328601360321045,0.7874574351147736,0.8396968954661015,0.006196834612637758,0.005964326672255993
0.09,False,2.74766206741333,0.7844627405419502,0.8428804808275455,0.006489269435405731,0.006208972539752722
0.095,False,2.8352975845336914,0.7788147958186741,0.841297289333671,0.006733721122145653,0.0064550768584012985
0.1,False,2.892598867416382,0.7807233060344712,0.8380098403332024,0.007047381717711687,0.00668299850076437
0.105,False,2.974576950073242,0.7825284892963152,0.835161869634378,0.007322411052882671,0.006915029603987932
0.11,False,3.1175944805145264,0.7837933517866384,0.8337014420310727,0.007692744955420494,0.007143727969378233
0.115,False,3.2543752193450928,0.7832339216803033,0.8320496010909166,0.007829231210052967,0.007368885446339846
0.12,False,3.526566982269287,0.7807816952678017,0.8349238024377718,0.008158382028341293,0.007589829154312611
0.125,False,3.7424936294555664,0.7872779598911301,0.8358328248795562,0.008466996252536774,0.007805364206433296
0.13,False,3.9134938716888428,0.7945150439228541,0.8359532945339333,0.008514567278325558,0.008018995635211468
0.135,False,4.111690998077393,0.7935969793146644,0.8368445072921914,0.00853351317346096,0.008220062591135502
0.14,False,4.271633148193359,0.7948451617239406,0.8353545468845919,0.008731302805244923,0.008429109118878841
0.145,False,4.528036117553711,0.7925107743077325,0.8370414263298882,0.008939954452216625,0.008650921285152435
0.15,False,4.629052639007568,0.7891936622532914,0.8364284557140467,0.009090904146432877,0.008857731707394123
0.155,False,4.7338738441467285,0.7886029801507811,0.8353565848080764,0.00924755074083805,0.009061248041689396
0.16,False,4.966579437255859,0.7804759460161378,0.8362733618083281,0.009466409683227539,0.009281777776777744
0.165,False,5.125243186950684,0.7827387083779392,0.8361593636088357,0.009634869173169136,0.00948390457779169
0.17,False,5.221682071685791,0.7768758178795976,0.8340842618688291,0.009826622903347015,0.009694375097751617
0.17500000000000002,False,5.313260555267334,0.7786102680556503,0.8328570682031349,0.010103022679686546,0.009884806349873543
0.18,False,5.351917743682861,0.77438947088084,0.8303568873228325,0.010408665053546429,0.010092943906784058
0.185,False,5.373974323272705,0.7752418813291012,0.8273681956615286,0.010614179074764252,0.01029413565993309
0.19,False,5.356314659118652,0.7717329715187344,0.824329400115203,0.010806001722812653,0.010492094792425632
0.195,False,5.293642520904541,0.7700896350530436,0.8201908346847521,0.01103128306567669,0.010700318962335587
0.2,False,5.232145309448242,0.7669904511424189,0.8164620053510329,0.011158772744238377,0.010908490978181362
0.20500000000000002,False,5.283025741577148,0.7664920217562632,0.8148204570945599,0.011458592489361763,0.011112541891634464
0.21,False,5.285323143005371,0.7646008711326614,0.8117844484286305,0.011712725274264812,0.011313189752399921
0.215,False,5.216939926147461,0.7668701305679806,0.8081936281607283,0.011895038187503815,0.011524601839482784
0.22,False,5.065786838531494,0.7674872171849328,0.8028268518196086,0.012112526223063469,0.011732514016330242
0.225,False,5.042765140533447,0.7715482323326788,0.8005007009549184,0.012225056998431683,0.011926588602364063
0.23,False,4.879521369934082,0.7759287093817622,0.7953821479894371,0.012129753828048706,0.012126974761486053
0.23500000000000001,False,4.811132907867432,0.7690918314188054,0.7922260575427994,0.012411064468324184,0.012325829826295376
0.24,False,4.767447471618652,0.7730635383756029,0.7891688300672282,0.012639012187719345,0.012533116154372692
0.245,False,4.646158218383789,0.7704313582552064,0.784752715840554,0.012606963515281677,0.012756431475281715
0.25,False,4.380076885223389,0.7689594066921602,0.7774850715468087,0.01263185404241085,0.012957368977367878
0.255,False,4.225497722625732,0.7623649861684271,0.7726118381134484,0.0129325482994318,0.013179832138121128
0.26,False,4.02421236038208,0.7606081032863242,0.7668591922019705,0.012920987792313099,0.013396060094237328
0.265,False,3.987492799758911,0.7538076649964928,0.7654771829447026,0.013093352317810059,0.013600955717265606
0.27,False,3.7834267616271973,0.7555809206346811,0.7608168067646587,0.013292127288877964,0.013798764906823635
0.275,False,3.716360330581665,0.7499628838150846,0.7584433223293682,0.013747381046414375,0.014032423496246338
0.28,False,3.5488598346710205,0.7440744351935339,0.7546906855242425,0.01400977373123169,0.014241174794733524
0.28500000000000003,False,3.446451187133789,0.7440315067443141,0.7524386929231632,0.01436934806406498,0.014468986541032791
0.29,False,3.2109479904174805,0.7334986081757391,0.7479802171850805,0.014553478918969631,0.014672740362584591
0.295,False,3.129636526107788,0.7345285130394908,0.7468808660155837,0.014889120124280453,0.014907236211001873
0.3,False,2.9207379817962646,0.7333194152439038,0.7434505183306812,0.01511160284280777,0.0151181286200881
0.305,False,2.8670191764831543,0.7234020235310632,0.7432423827765455,0.015535518527030945,0.015342692844569683
0.31,False,2.758382558822632,0.7236896297642021,0.7416803723937857,0.015895353630185127,0.015570355579257011
0.315,False,2.600346803665161,0.7234766989950201,0.7398109774180638,0.01607298105955124,0.01578712649643421
0.32,False,2.450223684310913,0.7256157771985293,0.7383897443474988,0.016190052032470703,0.016002213582396507
0.325,False,2.249216079711914,0.7241936608585701,0.735993483708444,0.0164086502045393,0.016212789341807365
0.33,False,2.1691083908081055,0.7263240385422833,0.7355391027596107,0.016591357067227364,0.016444388777017593
0.335,False,2.0608763694763184,0.7247376746878961,0.7348207560085263,0.016759267076849937,0.01664610765874386
0.34,False,1.9723738431930542,0.7227224643924922,0.7342707521528858,0.01713332161307335,0.016873130574822426
0.34500000000000003,False,1.7889719009399414,0.7221396259225537,0.7323537376592192,0.017285073176026344,0.01711246557533741
0.35000000000000003,False,1.6287617683410645,0.724283651606366,0.7311953447493665,0.01749761961400509,0.017324917018413544
0.355,False,1.4722909927368164,0.7276232930207385,0.7302164023789907,0.01772666908800602,0.01755366101861
0.36,False,1.3395899534225464,0.7320979739284513,0.7297544411398469,0.018072459846735,0.01778254099190235
0.365,False,1.1930196285247803,0.7327688236467114,0.7288379587801054,0.018199073150753975,0.0180243831127882
0.37,False,1.1240062713623047,0.7299559280873478,0.7292116689931323,0.018388787284493446,0.018264787271618843
0.375,False,1.0073904991149902,0.7387172038839417,0.7297715849213394,0.01849859207868576,0.01849973201751709
0.38,False,0.8530749678611755,0.7356524044627637,0.729396231118174,0.018915198743343353,0.018712133169174194
0.385,False,0.7998660802841187,0.7303281624895586,0.7304958837006915,0.019363975152373314,0.018937280401587486
0.39,False,0.7280429601669312,0.7276744866815146,0.7310038934281244,0.019519120454788208,0.019138500094413757
0.395,False,0.6434497237205505,0.7265157753037556,0.7311327142948931,0.019919151440262794,0.019359443336725235
0.4,False,0.5713802576065063,0.72836251638087,0.7308508355589504,0.02046002820134163,0.019586682319641113
0.405,False,0.5177940130233765,0.7285763380857485,0.7308561846479665,0.020776979625225067,0.019788939505815506
0.41000000000000003,False,0.5098376274108887,0.7305245319933057,0.7310759019796929,0.021045485511422157,0.02002292312681675
0.41500000000000004,False,0.4856375455856323,0.7346923117010432,0.7311945323644725,0.021098673343658447,0.020246339961886406
0.42,False,0.5224132537841797,0.7383049510093275,0.7312639705188156,0.021254774183034897,0.020471226423978806
0.425,False,0.551716685295105,0.7363628333594685,0.7308289643881615,0.021384015679359436,0.020710650831460953
0.43,False,0.536404550075531,0.739806890733276,0.7304900255818692,0.02117152325809002,0.020969945937395096
0.435,False,0.5075161457061768,0.7369745652559149,0.7307607505087879,0.02140214294195175,0.021187158301472664
0.44,False,0.49590012431144714,0.7373857359542274,0.7308100372005206,0.021490570157766342,0.021408796310424805
0.445,False,0.49393728375434875,0.745893764808035,0.730841666947448,0.02145138755440712,0.021635016426444054
0.45,False,0.5058483481407166,0.7460390504065223,0.7304940403462165,0.02187131531536579,0.021873436868190765
0.455,False,0.5335826873779297,0.745300240567787,0.7304689852641777,0.022136647254228592,0.02211536094546318
0.46,False,0.5339258313179016,0.7460951515473572,0.7308409401647675,0.02239648811519146,0.022342920303344727
0.465,False,0.5906392931938171,0.7472185191806411,0.7308961916364674,0.022614846006035805,0.022566959261894226
0.47000000000000003,False,0.5923704504966736,0.7461154720907044,0.7307267543499302,0.02291099913418293,0.022801656275987625
0.47500000000000003,False,0.5969859957695007,0.7455884058671682,0.7310877701491009,0.02302641049027443,0.023020779713988304
0.48,False,0.5998057723045349,0.7435952198778467,0.7314096412203241,0.02318570390343666,0.023252950981259346
0.485,False,0.5548908114433289,0.7393530086187567,0.7312835881411018,0.023557253181934357,0.02348298579454422
0.49,False,0.5858598947525024,0.7375607034925128,0.7308612596892378,0.023768041282892227,0.023702897131443024
0.495,False,0.5784667134284973,0.7362041682842314,0.7309160088021717,0.024020245298743248,0.02392624132335186
0.5,True,1.6038745641708374,0.5185412850498321,0.7308897585389306,0.027942951768636703,0.024153118953108788
0.505,True,1.544407844543457,0.5796327169944273,0.7306032337491929,0.028226595371961594,0.02439444698393345
0.51,True,1.5527458190917969,0.6210944412536642,0.7303606055759345,0.0283075999468565,0.024621687829494476
0.515,True,1.5623447895050049,0.6605487578237962,0.7299493201153289,0.028536707162857056,0.024858832359313965
0.52,True,1.514093279838562,0.6956642414841003,0.7297474447113894,0.028539033606648445,0.02509281411767006
0.525,True,1.5190702676773071,0.7236843582270919,0.7301018762883145,0.028797470033168793,0.02530212514102459
0.53,True,1.5116080045700073,0.7450278975177527,0.7303249755443072,0.028806505724787712,0.025515040382742882
0.535,True,1.5077033042907715,0.7595545151127323,0.7308841951503458,0.02868662402033806,0.025722861289978027
0.54,True,1.4839351177215576,0.772622934651309,0.7303667272450364,0.02867382951080799,0.02596326358616352
0.545,True,1.4770805835723877,0.780507828824628,0.7300199524441565,0.028657857328653336,0.026203077286481857
0.55,True,1.4262839555740356,0.7851945631577859,0.7293718688436845,0.0289904922246933,0.026447948068380356
0.555,True,1.4361112117767334,0.7880036385630411,0.7293204145788994,0.029437284916639328,0.0266901683062315
0.56,True,1.5171858072280884,0.788783630452023,0.7292241865553933,0.029898598790168762,0.02693946473300457
0.5650000000000001,True,1.5812017917633057,0.7936986297713824,0.7291731110625033,0.030088957399129868,0.027157070115208626
0.5700000000000001,True,1.547464370727539,0.7955867557977657,0.7289165766082174,0.030241111293435097,0.027408678084611893
0.5750000000000001,True,1.501383900642395,0.799568265757406,0.728666049307416,0.030601605772972107,0.02763386256992817
0.58,True,1.5880109071731567,0.8040744415363013,0.727985226765614,0.030735908076167107,0.027853108942508698
0.585,True,1.6501381397247314,0.8055295003903771,0.7281430629389399,0.030761241912841797,0.02806794084608555
0.59,True,1.677427887916565,0.8094847354772329,0.7279237118291776,0.030979136005043983,0.028299763798713684
0.595,True,1.7046164274215698,0.812137901486408,0.7282206099584154,0.030837321653962135,0.028548449277877808
0.6,True,1.8649818897247314,0.8142747256117855,0.7284033691188341,0.030857229605317116,0.028765510767698288
0.605,True,1.9737204313278198,0.8126560562628709,0.7280393225720477,0.030777795240283012,0.029008392244577408
0.61,True,2.0047802925109863,0.8131983869499197,0.728394868949167,0.030882371589541435,0.02921697124838829
0.615,True,2.026510000228882,0.8121662055795132,0.7283412022293229,0.03137456625699997,0.029469991102814674
0.62,True,2.0937111377716064,0.8123226078680843,0.7281068993665365,0.0318140834569931,0.029693078249692917
0.625,True,2.1837096214294434,0.8126811063939942,0.7280924169992509,0.03213347867131233,0.029924415051937103
0.63,True,2.217817783355713,0.8129385873939461,0.7281744062269779,0.03237513452768326,0.030129171907901764
0.635,True,2.290372848510742,0.8124042678997432,0.728404946528633,0.03262573853135109,0.030352044850587845
0.64,True,2.390615224838257,0.811908976883225,0.7283402117041871,0.03315265476703644,0.030565647408366203
0.645,True,2.4805920124053955,0.8127603602142935,0.7286822464444268,0.03358958661556244,0.030787531286478043
0.65,True,2.5125041007995605,0.8143952375203443,0.7282216480284245,0.03384576365351677,0.031024079769849777
0.655,True,2.4979588985443115,0.8138880045418538,0.7279195301798768,0.03425588831305504,0.03125622496008873
0.66,True,2.5400729179382324,0.8180528273156916,0.7281167769534792,0.03479114919900894,0.03148498758673668
0.665,True,2.5239644050598145,0.8210730484245088,0.7279840221521784,0.034883640706539154,0.03168549761176109
0.67,True,2.5652377605438232,0.8279178362148337,0.727511545859641,0.03468996658921242,0.031927790492773056
0.675,True,2.613945722579956,0.830516972973907,0.72715932832256,0.034608811140060425,0.032163333147764206
0.68,True,2.6683528423309326,0.8331093965787515,0.7269264485377658,0.0348404161632061,0.03240695595741272
0.685,True,2.7308809757232666,0.8381618431781034,0.7267666579273707,0.035058893263339996,0.032637763768434525
0.6900000000000001,True,2.7807185649871826,0.8416223763713492,0.7263518013789853,0.035024113953113556,0.03287568688392639
0.6950000000000001,True,2.844341993331909,0.842943632751693,0.7260078456631898,0.03546840324997902,0.03312037140130997
0.7000000000000001,True,2.9312727451324463,0.8438520947702497,0.7259087759003929,0.03606100380420685,0.03334260731935501
0.705,True,2.8998844623565674,0.8437298136719432,0.7258514926005608,0.036038950085639954,0.033584047108888626
0.71,True,2.988316774368286,0.8466768154746065,0.7253614736411867,0.036082081496715546,0.03384183347225189
0.715,True,3.078407049179077,0.849974184015622,0.7252099476336994,0.03631080687046051,0.034080538898706436
0.72,True,3.0633323192596436,0.8503105495746639,0.7247743694179899,0.036524027585983276,0.0343332476913929
0.725,True,3.172316551208496,0.8518794209211467,0.7245871569927809,0.03679147735238075,0.03456449136137962
0.73,True,3.262139320373535,0.8552970666638431,0.7241172850177678,0.03690887615084648,0.0347701795399189
0.735,True,3.3975517749786377,0.8562691019223997,0.7238331207426543,0.03745585307478905,0.034994423389434814
0.74,True,3.4622457027435303,0.8588569608258716,0.7237173658975977,0.03768526762723923,0.03520452231168747
0.745,True,3.4157910346984863,0.857706784905204,0.7238428954528532,0.037903185933828354,0.03543248027563095
0.75,True,3.552036762237549,0.8644270439678066,0.7239706149920181,0.03822074085474014,0.035656120628118515
0.755,True,3.608187198638916,0.8658081250214925,0.7239010422175215,0.038397278636693954,0.03588414564728737
0.76,True,3.705045700073242,0.8690079706978088,0.7239756092632239,0.03861348330974579,0.03610054403543472
0.765,True,3.7510085105895996,0.8707479875462033,0.7238256127931945,0.03846083953976631,0.0363207682967186
0.77,True,4.001556396484375,0.8763055311561966,0.7237753238783733,0.03874491527676582,0.03655437007546425
0.775,True,4.078805923461914,0.8769248143060814,0.7240191086642905,0.03934682905673981,0.03675432875752449
0.78,True,4.206867694854736,0.8802250807145737,0.7240411682876343,0.0393192283809185,0.03701562061905861
0.785,True,4.266712665557861,0.8824657870597405,0.7238802854604277,0.0393059104681015,0.0372648723423481
0.79,True,4.37877082824707,0.8841769628149783,0.7239075666027178,0.03957509249448776,0.03747302666306496
0.795,True,4.4093756675720215,0.8839861559880178,0.7238290560263037,0.04020784795284271,0.03771549090743065
0.8,True,4.517124652862549,0.8884538025713543,0.7234972040118706,0.03993583470582962,0.037947818636894226
0.805,True,4.6194305419921875,0.8905492734030848,0.7233804486992302,0.040062278509140015,0.03816117346286774
0.81,True,4.651260852813721,0.8935927815897512,0.723408438971757,0.04013798013329506,0.038390837609767914
0.8150000000000001,True,4.658359527587891,0.8954640509044107,0.7231939934704195,0.04026960954070091,0.03861573338508606
0.8200000000000001,True,4.697915554046631,0.8959426460396875,0.7232788773864492,0.04083489254117012,0.038813360035419464
0.8250000000000001,True,4.686567306518555,0.896544729554421,0.7234934481321045,0.040669217705726624,0.03906198590993881
0.8300000000000001,True,4.720505714416504,0.8957650738339901,0.7234345938284427,0.041295964270830154,0.0392884835600853
0.835,True,4.796796798706055,0.8964150038884556,0.7238454323410982,0.041621915996074677,0.039530154317617416
0.84,True,4.604753017425537,0.8917713240834717,0.7241177180338044,0.04154641181230545,0.03976472467184067
0.845,True,4.601016521453857,0.8890598537079105,0.724042028251857,0.041872911155223846,0.040004339069128036
0.85,True,4.433991432189941,0.8840350654699,0.7238469880236075,0.04190533608198166,0.04023544490337372
0.855,True,4.4020771980285645,0.8808855358384703,0.7245208915334125,0.041995126754045486,0.040442898869514465
0.86,True,4.365938186645508,0.878187105663066,0.7244202840262337,0.042269546538591385,0.040668606758117676
0.865,True,4.294440746307373,0.8758215125634911,0.7242890730145957,0.04244975000619888,0.04087190702557564
0.87,True,4.232329845428467,0.8707088501750202,0.7241281279363023,0.04300255328416824,0.0410807766020298
0.875,True,4.185770511627197,0.8669766939755079,0.7242154207156667,0.04360082373023033,0.04128481075167656
0.88,True,4.166867733001709,0.8655617160841632,0.7238197423681717,0.04398414492607117,0.041504327207803726
0.885,True,4.194103240966797,0.8651868632079234,0.7236386840383887,0.044490743428468704,0.04175453633069992
0.89,True,4.01917839050293,0.8568994617172823,0.7233224411560265,0.044745948165655136,0.04196330904960632
0.895,True,3.9521565437316895,0.854856070337321,0.7230062446961406,0.044843606650829315,0.04218452796339989
0.9,True,3.887970209121704,0.8517649541694063,0.7226966820416107,0.04481211304664612,0.042419422417879105
0.905,True,3.8254079818725586,0.8488374268581956,0.7221669000273777,0.045082949101924896,0.04266224801540375
0.91,True,3.7163217067718506,0.8435924626135661,0.7218289402214781,0.0453890860080719,0.04288768023252487
0.915,True,3.6890838146209717,0.8444641806488273,0.7217242316607667,0.04548782855272293,0.043084241449832916
0.92,True,3.582291841506958,0.8389635624465334,0.7214653012890576,0.04579976946115494,0.043350737541913986
0.925,True,3.502490997314453,0.8331253420961963,0.7210865218377936,0.04602600634098053,0.04359274357557297
0.93,True,3.483557939529419,0.8331450399094174,0.7209669372004416,0.04610467329621315,0.043823178857564926
0.935,True,3.517873525619507,0.8356429533944563,0.7208266593367801,0.04611802101135254,0.04404210299253464
0.9400000000000001,True,3.4929635524749756,0.8328896473015364,0.7208624912808883,0.04639082029461861,0.044237665832042694
0.9450000000000001,True,3.344332695007324,0.8240575582997334,0.7208331361722214,0.04672401770949364,0.04445571452379227
0.9500000000000001,True,3.2887279987335205,0.8207462490236952,0.7212237042916395,0.04691731184720993,0.04468034207820892
0.9550000000000001,True,3.2156739234924316,0.8165278493070708,0.7214916047453781,0.04704737290740013,0.044933829456567764
0.96,True,3.1822822093963623,0.8145887350872923,0.721936573125843,0.047395672649145126,0.04514672979712486
0.965,True,3.1103227138519287,0.8087396335085739,0.7224016686676785,0.04769856482744217,0.04535125195980072
0.97,True,3.1292245388031006,0.8093838442257145,0.722626535600086,0.04792306572198868,0.045582178980112076
0.975,True,3.0946452617645264,0.8066460587065487,0.7228507222992892,0.04833175614476204,0.04578080773353577
0.98,True,3.043551206588745,0.804256453821337,0.7228476707944389,0.048145703971385956,0.046003494411706924
0.985,True,2.919102191925049,0.7963871200306321,0.7227267743579022,0.04862722009420395,0.04622305929660797
0.99,True,2.9220468997955322,0.7984615685934429,0.7225999352989996,0.048715025186538696,0.04645107686519623
0.995,True,2.7974143028259277,0.7892776844473577,0.7225487866090091,0.049067359417676926,0.04667092487215996
1.0,True,2.662649154663086,0.7772237912285545,0.7224010175127111,0.04963945224881172,0.0469067320227623
1.0050000000000001,True,2.574728012084961,0.7700760336609469,0.7221197206407953,0.05017843097448349,0.047120459377765656
1.01,True,2.4494359493255615,0.7613290982144738,0.7216032058794769,0.050313133746385574,0.04737281799316406
1.0150000000000001,True,2.3632330894470215,0.7560122885103395,0.7211294367119684,0.05064735561609268,0.04763687029480934
1.02,True,2.252837896347046,0.7449527204630966,0.7208054441671438,0.05100294575095177,0.04786727577447891
1.025,True,2.183307647705078,0.7390578802889912,0.7204466247373187,0.05134057253599167,0.04810817539691925
1.03,True,2.044954299926758,0.7292430440422594,0.7202686513108577,0.051636841148138046,0.04832301661372185
1.035,True,1.9488043785095215,0.7210315151527128,0.7199757354616498,0.05230126157402992,0.04854068532586098
1.04,True,1.9080129861831665,0.7227607099657866,0.7196782736758426,0.05267779529094696,0.048750441521406174
1.045,True,1.8525220155715942,0.7231362467623926,0.7192226288004223,0.05296439304947853,0.04899196699261665
1.05,True,1.836268663406372,0.7195049035782995,0.7186685161763059,0.05318257212638855,0.04924684390425682
1.055,True,1.9393223524093628,0.7106375182071121,0.7186553865438526,0.05359296873211861,0.04949105903506279
1.06,True,2.002321481704712,0.7143114508440487,0.718594367881581,0.053733453154563904,0.049716781824827194
1.065,True,2.025263547897339,0.7071907249721713,0.7183882547306883,0.05392445996403694,0.04995270445942879
1.07,True,2.049421787261963,0.7073132359074843,0.7182252235726744,0.053567323833703995,0.05018028989434242
1.075,True,2.0708324909210205,0.7062190936947724,0.7179132547714046,0.053555797785520554,0.05043289437890053
1.08,True,2.073110580444336,0.7033677691244739,0.7178172057978742,0.05360483005642891,0.05066687613725662
1.085,True,2.087902545928955,0.6965777234099096,0.7178213477747958,0.05394947901368141,0.05091816931962967
1.09,True,2.0872418880462646,0.6937741015276847,0.7180057123506689,0.05458303540945053,0.051160477101802826
1.095,True,2.1668570041656494,0.6903343396373005,0.7182486380276977,0.054398126900196075,0.05138532817363739
1.1,True,2.16729998588562,0.6829140788943413,0.7183432495039126,0.054963987320661545,0.05158190056681633
1.105,True,2.150844097137451,0.6815447272054159,0.7185225815863608,0.05525529384613037,0.051799215376377106
1.11,True,2.0609142780303955,0.680305079698622,0.7187791806423838,0.05549265444278717,0.052027132362127304
1.115,True,2.03131365776062,0.6790412195469613,0.7189948367566242,0.055576879531145096,0.05223134905099869
1.12,True,1.9729567766189575,0.6771066150979703,0.7191565068850996,0.055561136454343796,0.052454203367233276
1.125,True,1.9285231828689575,0.6758574284096854,0.7189734024564449,0.05580015480518341,0.05268481373786926
1.1300000000000001,True,1.859565258026123,0.6770547695098706,0.7191361505871204,0.055858008563518524,0.05284867435693741
1.135,True,1.7568905353546143,0.6788955244941477,0.7190523324963971,0.05568812042474747,0.053066954016685486
1.1400000000000001,True,1.6766111850738525,0.6780182192493466,0.7192046840444654,0.05587249621748924,0.05325450003147125
1.145,True,1.6393787860870361,0.6779328649028887,0.7191905634321294,0.056380581110715866,0.05344214662909508
1.1500000000000001,True,1.5825448036193848,0.6792076265563891,0.7193118189169607,0.05642316862940788,0.05365213006734848
1.155,True,1.4580706357955933,0.6802028763011927,0.7194366344186426,0.05634615197777748,0.05381213128566742
1.16,True,1.3688644170761108,0.6800874154410331,0.7192892947369584,0.05635509267449379,0.054007064551115036
1.165,True,1.3433654308319092,0.682259552254261,0.7191317882997812,0.05674834921956062,0.05417748540639877
1.17,True,1.4012359380722046,0.6852419242559618,0.7189098409779867,0.0570986345410347,0.054375141859054565
1.175,True,1.4585505723953247,0.6911606279858081,0.718227713062779,0.05727606266736984,0.05462171509861946
1.18,True,1.5730465650558472,0.6952590601307094,0.7178236667703936,0.05740012601017952,0.05483686551451683
1.185,True,1.5280848741531372,0.6972727962256249,0.7175381627799662,0.0575144924223423,0.0550815723836422
1.19,True,1.559407114982605,0.6976341515171489,0.7169145834191292,0.058130230754613876,0.055374711751937866
1.195,True,1.6017203330993652,0.7023946526017003,0.7165277711439925,0.0577896423637867,0.055628079921007156
1.2,True,1.5540517568588257,0.7023427998468103,0.7162182660801826,0.05812462791800499,0.055879414081573486
1.205,True,1.5299687385559082,0.7025008102671586,0.7158369546730302,0.0585608072578907,0.05613137409090996
1.21,True,1.4711999893188477,0.7040422719472795,0.715752933334413,0.058762822300195694,0.05636372044682503
1.215,True,1.4219834804534912,0.7077198278268774,0.7159682528051623,0.05892812833189964,0.05658763274550438
1.22,True,1.3913673162460327,0.7089205226638353,0.7158897874737812,0.058920521289110184,0.056842461228370667
1.225,True,1.3866134881973267,0.7105076460309476,0.7160095156113118,0.058651555329561234,0.057088643312454224
1.23,True,1.3636634349822998,0.7089974273141002,0.7161185606882798,0.05899979919195175,0.05734460428357124
1.235,True,1.3934612274169922,0.7076269030966681,0.716355958066163,0.05934540927410126,0.0575597770512104
1.24,True,1.4285268783569336,0.7081413814184694,0.7167090336984385,0.05993114784359932,0.057755596935749054
1.245,True,1.4054137468338013,0.7062972112130177,0.7173686119382277,0.060734640806913376,0.057931337505578995
1.25,True,1.415753722190857,0.7078938841940878,0.7174986984588123,0.06112554296851158,0.058152180165052414
1.2550000000000001,True,1.4056299924850464,0.7079367926159569,0.7176649603184007,0.06190802529454231,0.05834970995783806
1.26,True,1.3484877347946167,0.7089316075445371,0.7176904236987186,0.06255804002285004,0.05854659900069237
1.2650000000000001,True,1.3484718799591064,0.7106618707742943,0.7175504612720461,0.06301862001419067,0.05877160653471947
1.27,True,1.3655381202697754,0.7134196950914803,0.7176367155441806,0.06342200934886932,0.05900346860289574
1.2750000000000001,True,1.3563584089279175,0.7148596081176957,0.7173863426121333,0.06378645449876785,0.059231121093034744
1.28,True,1.3907185792922974,0.7178507065297466,0.7175919554847957,0.06383387744426727,0.059443093836307526
1.285,True,1.4395606517791748,0.7181518027528302,0.7174992408027712,0.06451722979545593,0.0596461184322834
1.29,True,1.4363703727722168,0.719229230833308,0.7173438990738786,0.0648939311504364,0.05985505133867264
1.295,True,1.3904739618301392,0.7221660534273934,0.7175953959463591,0.06499353051185608,0.060030482709407806
1.3,True,1.3590606451034546,0.7244656506925704,0.7172662435981156,0.06482671201229095,0.060266461223363876
1.305,True,1.3554253578186035,0.7268257255403849,0.7171702340222673,0.06514322012662888,0.06049322336912155
1.31,True,1.3725295066833496,0.7287657956227054,0.7170374912983419,0.06494958698749542,0.060688965022563934
1.315,True,1.3864638805389404,0.7338741523545795,0.7168111811085305,0.06506404280662537,0.060934215784072876
1.32,True,1.3571265935897827,0.7381957996338876,0.7169042400110696,0.06478587538003922,0.06115282326936722
1.325,True,1.376858115196228,0.742040366441031,0.7168632000607126,0.06478209048509598,0.06139718368649483
1.33,True,1.4369001388549805,0.7465830331211131,0.7163613989685628,0.06424678862094879,0.061678025871515274
1.335,True,1.3849884271621704,0.7486916756839923,0.716016565473204,0.06360769271850586,0.06196451932191849
1.34,True,1.4296444654464722,0.7496243615816305,0.7161136512814443,0.06355380266904831,0.06215285137295723
1.345,True,1.4105138778686523,0.7485842723458299,0.7162350878499878,0.06392312049865723,0.06238185986876488
1.35,True,1.4898096323013306,0.7469081331597811,0.716390955391959,0.06380873173475266,0.06258934736251831
1.355,True,1.512457013130188,0.7417362924155148,0.716349578197075,0.06376812607049942,0.06278829276561737
1.36,True,1.466636061668396,0.7380049064388989,0.7163062096841651,0.0639202818274498,0.06304623931646347
1.365,True,1.432612419128418,0.7346883921331425,0.7160670227257626,0.06446556001901627,0.06328105926513672
1.37,True,1.4128378629684448,0.7279956524354046,0.7161296530421821,0.06507240980863571,0.0634794533252716
1.375,True,1.4075900316238403,0.7200350843358652,0.7160775086740135,0.06598052382469177,0.06368092447519302
1.3800000000000001,True,1.4377042055130005,0.7151453453197835,0.7162809640645245,0.0663338229060173,0.06384099274873734
1.385,True,1.5766665935516357,0.7092859986772938,0.7163284420137096,0.06693985313177109,0.06403427571058273
1.3900000000000001,True,1.6095967292785645,0.7059005757395198,0.7166371733352734,0.06740549951791763,0.06423427909612656
1.395,True,1.6176475286483765,0.6993552098264566,0.7164139091769544,0.06778131425380707,0.06447550654411316
1.4000000000000001,True,1.6285042762756348,0.6967101723652795,0.716154776160494,0.06852943450212479,0.06468307971954346
1.405,True,1.7094905376434326,0.6948366095498806,0.7159391403204352,0.06896976381540298,0.0649045780301094
1.41,True,1.67250657081604,0.69188259073354,0.7157602137435197,0.0695146843791008,0.06511686742305756
1.415,True,1.6179841756820679,0.6904377675506934,0.715566211313905,0.07023420929908752,0.06535103917121887
1.42,True,1.6192593574523926,0.6944387900073932,0.7154208004499109,0.0705631822347641,0.06554462015628815
1.425,True,1.6618320941925049,0.6933736818261134,0.7153837061446081,0.07104015350341797,0.06575733423233032
1.43,True,1.803929328918457,0.6954943123004987,0.7152720707546844,0.07172796875238419,0.06600482016801834
1.435,True,1.821626901626587,0.6961074109241785,0.7151333290613795,0.07203999161720276,0.06622497737407684
1.44,True,1.858569860458374,0.701016865715957,0.7147942768901865,0.07251964509487152,0.0664287731051445
1.445,True,2.017329692840576,0.7043006630721376,0.7145025189212909,0.07271964102983475,0.06669046729803085
1.45,True,2.10068416595459,0.7082327931929967,0.7144115446805546,0.07275756448507309,0.06691164523363113
1.455,True,2.0768048763275146,0.7104513545248566,0.7142367995953748,0.07301274687051773,0.06718023121356964
1.46,True,2.0844316482543945,0.7119782701851326,0.7143042661388057,0.07320865988731384,0.06742467731237411
1.465,True,2.113361120223999,0.7124531590920596,0.7142909741171702,0.07310695201158524,0.06764337420463562
1.47,True,2.0426318645477295,0.7151047799383674,0.7141808430331699,0.07289847731590271,0.06785348802804947
1.475,True,2.0052552223205566,0.717447890077151,0.7142447684583753,0.07324060052633286,0.06810472160577774
1.48,True,1.9024487733840942,0.7184977818488484,0.7143789566799602,0.07365401834249496,0.06830669194459915
1.485,True,1.7253202199935913,0.7220864288638695,0.714408637801972,0.07332490384578705,0.06852300465106964
1.49,True,1.684725046157837,0.7273458757754476,0.7142802440427608,0.07280103117227554,0.0687519758939743
1.495,True,1.594313383102417,0.7308725616726284,0.7145081181377654,0.07231078296899796,0.0689501017332077
1.5,True,1.6420420408248901,0.7338405743011567,0.7148628523328988,0.07235931605100632,0.06913928687572479
1.5050000000000001,True,1.7554444074630737,0.7335812033598121,0.7146220378684615,0.0719313845038414,0.06938816606998444
1.51,True,1.7281900644302368,0.7348459462656286,0.7146680271001893,0.07178916782140732,0.06959027051925659
1.5150000000000001,True,1.6979931592941284,0.7404766153101943,0.7145817573639457,0.07195506989955902,0.06982023268938065
1.52,True,1.6382732391357422,0.7409139956917222,0.7150000451834053,0.07214970141649246,0.0700245127081871
1.5250000000000001,True,1.576871633529663,0.7447684272927294,0.7151095229753986,0.07150941342115402,0.07026849687099457
1.53,True,1.5754965543746948,0.7439981938152512,0.7151160450219852,0.07199166715145111,0.07044464349746704
1.5350000000000001,True,1.5590498447418213,0.7424340609043276,0.7149328004057366,0.07244677096605301,0.07066386193037033
1.54,True,1.543290376663208,0.7421480657971222,0.7148958355507626,0.07278718799352646,0.07087690383195877
1.545,True,1.505549430847168,0.7392427779505202,0.7149440387063333,0.07241240888834,0.07109107077121735
1.55,True,1.5379160642623901,0.7345645954123793,0.7147082443955409,0.07262542843818665,0.07132260501384735
1.555,True,1.5963629484176636,0.7297784319205314,0.7145929737695257,0.07305525243282318,0.0715194121003151
1.56,True,1.6719584465026855,0.7240381279849861,0.7142670279667105,0.07346142828464508,0.07175735384225845
1.565,True,1.6997442245483398,0.7181527499895968,0.714112972553101,0.07445484399795532,0.07197694480419159
1.57,True,1.6687836647033691,0.7126971897187149,0.713799728245265,0.07516048848628998,0.0721888542175293
1.575,True,1.6810652017593384,0.7095377343931466,0.7139457940937973,0.07543282210826874,0.0723586454987526
1.58,True,1.695332646369934,0.7075433161993552,0.7138184589967508,0.07550399005413055,0.0725674033164978
1.585,True,1.7138155698776245,0.7033229962913844,0.71346452958957,0.07621586322784424,0.07278759777545929
1.59,True,1.7354211807250977,0.7037214325370708,0.7131971224457626,0.07695861905813217,0.07301697880029678
1.595,True,1.830047607421875,0.7049724065910548,0.7130730069595662,0.0770142525434494,0.07323026657104492
1.6,True,1.8678970336914062,0.7056956410969777,0.7131873021968596,0.07762258499860764,0.07346253842115402
1.605,True,1.9226229190826416,0.7062231010718389,0.7131963924217253,0.0783756822347641,0.07372362166643143
1.61,True,1.8615041971206665,0.7097623264395646,0.7133442349638497,0.07886447012424469,0.07392626255750656
1.615,True,1.8037422895431519,0.7124798433915802,0.7132026557541664,0.07919087260961533,0.07416344434022903
1.62,True,1.7548487186431885,0.7150031100299765,0.7132221248224995,0.07943461835384369,0.07435191422700882
1.625,True,1.6324418783187866,0.7164766201085369,0.7133887035776763,0.07954372465610504,0.0745265856385231
1.6300000000000001,True,1.6295390129089355,0.7184422615250255,0.7131555971635989,0.07924067974090576,0.07473650574684143
1.635,True,1.6749454736709595,0.7223529654279,0.7130985082125447,0.07890202105045319,0.07493573427200317
1.6400000000000001,True,1.6516952514648438,0.7233866278324322,0.7130304187984982,0.0784497782588005,0.07514449954032898
1.645,True,1.7059885263442993,0.7245077912777125,0.7126358534313065,0.07814103364944458,0.07536739110946655
1.6500000000000001,True,1.7105212211608887,0.7248129677809475,0.7121513640460566,0.07822685688734055,0.07559188455343246
1.655,True,1.706687092781067,0.7237887572371741,0.7118905183020497,0.07823027670383453,0.07576699554920197
1.6600000000000001,True,1.6654078960418701,0.721447883290446,0.7115866398997903,0.07873229682445526,0.07596292346715927
1.665,True,1.7158468961715698,0.7179246704797233,0.7113295952876825,0.07927487045526505,0.07618522644042969
1.67,True,1.6930452585220337,0.713595518068717,0.7110357879402034,0.07983801513910294,0.07643695920705795
1.675,True,1.7525362968444824,0.7096430973855388,0.710702114878345,0.08029742538928986,0.07668082416057587
1.68,True,1.7653181552886963,0.70754368805762,0.7105345977522481,0.0807250440120697,0.07689642906188965
1.685,True,1.8107924461364746,0.7040822634972986,0.7102528800407929,0.08104658126831055,0.07717346400022507
1.69,True,1.8593991994857788,0.7035666906368243,0.7100166203062916,0.08124585449695587,0.07741162180900574
1.695,True,1.8334834575653076,0.7007267507346084,0.709987438008071,0.08188430219888687,0.07761625945568085
1.7,True,1.9488539695739746,0.7015715326937384,0.7098632948268089,0.08224894106388092,0.07788223773241043
1.705,True,1.9396167993545532,0.7006054595132966,0.7099612802349147,0.08303450047969818,0.07810010015964508
1.71,True,1.9281867742538452,0.7060870015336038,0.7098875456230639,0.08313820511102676,0.07834241539239883
1.715,True,1.8482145071029663,0.708332525873378,0.7099606631110406,0.08347605168819427,0.07856946438550949
1.72,True,1.8630287647247314,0.7133031236374247,0.7099089232591389,0.08439899981021881,0.07875964790582657
1.725,True,1.9509947299957275,0.717054396923222,0.7100100724820242,0.0842638835310936,0.07897605746984482
1.73,True,1.9537644386291504,0.7211299607950549,0.7098967304132623,0.08404519408941269,0.07918140292167664
1.735,True,2.003683567047119,0.7261108199939714,0.7099129717623588,0.0838117003440857,0.07938320934772491
1.74,True,2.000839948654175,0.7334751497704007,0.7097676475201067,0.0837949737906456,0.07957689464092255
1.745,True,1.8772521018981934,0.7392653172765211,0.7096242451115671,0.08377033472061157,0.07981480658054352
1.75,True,1.7702457904815674,0.742228777007575,0.7096003028538829,0.08382867276668549,0.08005588501691818
1.7550000000000001,True,1.784582495689392,0.7463317648487546,0.7096745135860781,0.0835961401462555,0.08031059056520462
1.76,True,1.7979602813720703,0.7506821103693885,0.7098017336835447,0.08308848738670349,0.08052454143762589
1.7650000000000001,True,1.7781933546066284,0.7540900996101171,0.7097407002653277,0.08292217552661896,0.08070158213376999
1.77,True,1.7943986654281616,0.7532708079468108,0.7096845179439523,0.08300503343343735,0.08093616366386414
1.7750000000000001,True,1.8328310251235962,0.7536495366066064,0.7097409236253183,0.08286596089601517,0.08118049055337906
1.78,True,1.912950873374939,0.7515848176041976,0.7097294690185554,0.08251704275608063,0.08140411227941513
1.7850000000000001,True,1.8811898231506348,0.75058692021007,0.7099009885853498,0.08208785951137543,0.08159173280000687
1.79,True,1.911421775817871,0.7459180120428446,0.7096148891149504,0.08230441063642502,0.08182184398174286
1.795,True,1.9298381805419922,0.7439985942264136,0.7094023688537168,0.0821802169084549,0.08204033970832825
1.8,True,1.879225730895996,0.7412515837187112,0.7093905632101841,0.08260870724916458,0.08224529772996902
1.805,True,1.8397631645202637,0.7358836317434927,0.7093280159569668,0.0831213891506195,0.08244854211807251
1.81,True,1.9429988861083984,0.7315553713704068,0.7093547257721393,0.08330835402011871,0.0826406329870224
1.815,True,1.948366403579712,0.728515383030854,0.7094085884438167,0.08350036293268204,0.08281449228525162
1.82,True,1.9547723531723022,0.7217809909551925,0.7093349434027981,0.08377805352210999,0.08303577452898026
1.825,True,2.026693105697632,0.7163130679767478,0.7093182331992687,0.08439572900533676,0.08322959393262863
1.83,True,2.0253689289093018,0.7150478197588057,0.7088930551666406,0.0849081352353096,0.08348849415779114
1.835,True,1.980827808380127,0.7117798918162448,0.7088307454549844,0.08525533974170685,0.08372490853071213
1.84,True,1.9807614088058472,0.7085026482040941,0.7088010001975487,0.08539093285799026,0.08395753800868988
1.845,True,2.058398723602295,0.706160810862923,0.7087892191893831,0.08562488853931427,0.08416089415550232
1.85,True,2.0775599479675293,0.7025877065390752,0.7084426591398307,0.08626005053520203,0.08442383259534836
1.855,True,2.0629208087921143,0.7008068344016432,0.7081909048977639,0.08683763444423676,0.08466319739818573
1.86,True,2.099838972091675,0.6966809167528205,0.7083288741173075,0.0874883234500885,0.08493747562170029
1.865,True,2.1272974014282227,0.6967628067953809,0.7085084893253035,0.08770285546779633,0.08514725416898727
1.87,True,2.0687198638916016,0.6915046594396314,0.7088394817359723,0.08844912797212601,0.08532515168190002
1.875,True,2.0245580673217773,0.6873684223582733,0.7089441039916591,0.08872929960489273,0.08550834655761719
1.8800000000000001,True,1.9963425397872925,0.6825440943582319,0.7089223635729921,0.08886532485485077,0.08573631942272186
1.885,True,1.8978315591812134,0.6795695559471355,0.7093467648049322,0.08890113234519958,0.08590801805257797
1.8900000000000001,True,1.8553235530853271,0.6756520953513678,0.709429833467975,0.08932039886713028,0.0860675647854805
1.895,True,1.8327500820159912,0.6696025111209613,0.7095506387648911,0.08946676552295685,0.08627080172300339
1.9000000000000001,True,1.7471461296081543,0.6700069320509844,0.7096263383843826,0.08918711543083191,0.08644405752420425
1.905,True,1.8100285530090332,0.6696229117830259,0.7099370961092403,0.08944747596979141,0.08661878854036331
1.9100000000000001,True,1.9591128826141357,0.6681937358063961,0.7099716373770277,0.08985728770494461,0.08678394556045532
1.915,True,2.1220321655273438,0.6675707791087088,0.7098152789890774,0.09003105014562607,0.08698485046625137
1.92,True,2.191243886947632,0.6652588494934263,0.7096995208560257,0.09067922830581665,0.08721084147691727
1.925,True,2.389418601989746,0.6660093459983116,0.709654110985951,0.09054701775312424,0.08735531568527222
1.93,True,2.5837957859039307,0.6678785492837995,0.7094102636975553,0.09080997854471207,0.08758556097745895
1.935,True,2.690962314605713,0.6696399399921333,0.7093052256656182,0.09043379873037338,0.08780095726251602
1.94,True,2.7130470275878906,0.672797901695288,0.7089382558433837,0.09063943475484848,0.08804575353860855
1.945,True,2.7658822536468506,0.6735836621760328,0.7089813481089255,0.09066228568553925,0.08823031932115555
1.95,True,2.8851077556610107,0.6732669116315729,0.7089270285129651,0.09096571058034897,0.08845211565494537
1.955,True,2.95326566696167,0.6737207478282532,0.708948373814932,0.09146226942539215,0.08866258710622787
1.96,True,2.9563000202178955,0.6752819168854792,0.7088960942079332,0.09163004904985428,0.08887636661529541
1.965,True,2.9656054973602295,0.6759435859771508,0.7088864903432046,0.09188500791788101,0.08909810334444046
1.97,True,2.90311598777771,0.67565709614614,0.7086461541048009,0.0922037735581398,0.0893298089504242
1.975,True,2.966195583343506,0.6763583780863038,0.7085690666103264,0.0928165540099144,0.0895417258143425
1.98,True,2.900646924972534,0.6758636481230974,0.708778749102863,0.09306523203849792,0.08970620483160019
1.985,True,2.801912784576416,0.6761940683731568,0.7088689836845515,0.09343278408050537,0.08991947025060654
1.99,True,2.6128413677215576,0.6777161076805001,0.7088348069996997,0.09377888590097427,0.09006483852863312
1.995,True,2.419829845428467,0.6763044535483754,0.7088632335157335,0.0946747288107872,0.09021250158548355
2.0,True,2.329829454421997,0.6789731420898634,0.7087409366889116,0.09476689249277115,0.09035705029964447
