t,norm,peak,PR,R_rms,r50,r80,r90,Vmem_peak,Vmem_mean,k_star,k_star_L,crystallinity,M1,M2,M3,finite,n_det_rho,n_raw_rho,n_pos,n_neg,n_raw_pos,n_raw_neg,n_inner,pair_sep,pair_sep_com,ax,ay,az,bx,by,bz,re_plus,re_minus,re_max,re_min,mass_plus,mass_minus,two_inner,nest3,peak_n_cells_half,peak_r_cells,peak_width_phys,artifact_1_2_cells,N,dx
0.0,1.0,0.0013506621572893646,7436.783130487378,9.574362479340088,8.616843969807043,12.020815280171307,13.82931668593933,0.0,0.0,0.2945243112740431,9.42477796076938,0.09800655724181746,0.0,0.0,0.0,True,1,1,1,1,1,1,2,5.0,4.9620828468207705,-2.5,0.0,0.0,2.5,0.0,0.0,0.03675135585647643,-0.000897003234685319,0.03675135585647643,-0.000897003234685319,1.387361840432969,0.00011212540433566487,True,True,77,2.639170037117654,1.319585018558827,False,64,0.5
0.01,33.68318999423857,0.013039329375106538,16426.19706558463,15.845353152866167,15.604486534327235,19.1637678967368,20.83266665599966,0.001445033797493581,0.00012144804824342742,0.2945243112740431,9.42477796076938,0.9730559742500255,0.001290690067638282,3.3339162136311956e-06,3.33907987503391e-08,True,0,8608,0,0,9741,9250,0,nan,5.0611744398286245,-2.46778739402858,-0.031061772228813567,0.06475737531929227,2.589614405945877,-0.07286821565278956,-0.1260985003511852,0.07669010646774936,-0.06307571206271051,0.1053511954644479,-0.10472564183618013,1.5696378215842073,0.257941461977829,False,False,460,4.788760024594249,2.3943800122971246,False,64,0.5
0.02,66.22763404724714,0.02556468487403681,16382.235578619717,15.920023680638828,15.652475842498529,19.20286436967152,20.868636754709208,0.004938005961063406,0.0005240853550135942,0.2945243112740431,9.42477796076938,0.9863316354492632,0.006055281655953503,1.6597219419447696e-05,1.667028811675575e-07,True,0,8636,0,0,9655,9398,0,nan,5.035692029614275,-2.4471035049178926,-0.09553424748490258,0.14966965586247483,2.5787488635742193,-0.07375260346811885,-0.1642216425624632,0.114748174179136,-0.07357870308579476,0.14225966099329618,-0.15185392075122198,1.6832108469710767,0.42971083148889555,False,False,490,4.890678978553199,2.4453394892765994,False,64,0.5
0.03,99.03501397086818,0.03499243865100886,16423.016832988105,15.944162811863936,15.692354826475215,19.196353820452465,20.868636754709208,0.011601875555791324,0.0011823125258046117,0.2945243112740431,9.42477796076938,0.9908119282789898,0.013767602772821453,4.00109634204633e-05,4.030205302415589e-07,True,0,9074,0,0,9627,9569,0,nan,5.023096432930246,-2.426802345880894,-0.17745762068750537,0.22520755172472917,2.581429424601321,-0.1511561483302053,-0.16004631289050053,0.15657904891108473,-0.11788632524805737,0.1769383974645712,-0.16501760994347814,1.8606356673755051,0.546797475834297,False,False,791,5.737146740199256,2.868573370099628,False,64,0.5
0.04,131.63817998098244,0.05241687603012263,16442.2381955119,15.955725124726305,15.700318468107582,19.20286436967152,20.89258241577618,0.019636257960318728,0.002071202209838285,0.2945243112740431,9.42477796076938,0.9931597412129589,0.02389945922252681,7.35820642029477e-05,7.433006041911982e-07,True,0,8411,0,0,9778,9610,0,nan,4.957402507178012,-2.413051623047828,-0.2378556639493965,0.2647768795089043,2.5246734911691426,-0.19827728408627188,-0.17470448124857718,0.1632945045077539,-0.13164558824463005,0.21080513461651385,-0.1928882456037304,2.0130736410240218,0.6708720647422377,False,False,378,4.485398810155486,2.242699405077743,False,64,0.5
0.05,164.1181240540323,0.05750852732374548,16426.7002514775,15.967710557312596,15.700318468107582,19.20286436967152,20.886598574205422,0.032267464914138386,0.003167791016034209,0.2945243112740431,9.42477796076938,0.9945944954466486,0.03585169081184713,0.00011682843401542503,1.1835509307575815e-06,True,0,9111,0,0,9756,9658,0,nan,4.878201271447949,-2.356042380841309,-0.26441027448953314,0.2795622695003033,2.4995602079261374,-0.12965040149263274,-0.1696714350913222,0.1486511227278372,-0.17147534729988106,0.2176429062958719,-0.2078900035858043,2.1635896536457957,0.819770746298562,False,False,801,5.761222333793881,2.8806111668969403,False,64,0.5
0.06,196.77442352955012,0.07441704212435835,16428.03470599962,15.96725872621287,15.700318468107582,19.20286436967152,20.8806130178211,0.04619702760083965,0.004453844764829963,0.2945243112740431,9.42477796076938,0.9955618099761429,0.04918232654860566,0.00016942655727051047,1.7213208912681603e-06,True,0,8864,0,0,9760,9650,0,nan,4.796227859345671,-2.2587273102294922,-0.30323549479300205,0.2963340910711132,2.50846492691155,-0.07029289644325587,-0.17633661754092955,0.1758270451076697,-0.1890448949015539,0.26942655062975446,-0.2286227090668655,2.3506817988938713,0.9212544622624058,False,False,491,4.894003710357978,2.447001855178989,False,64,0.5
0.07,229.37788341818745,0.08675643363940795,16454.4748639054,15.982666332641509,15.724185193516387,19.215878850575635,20.89258241577618,0.061263257930523896,0.005911674039643294,0.2945243112740431,9.42477796076938,0.9961784424675115,0.06371132206847518,0.0002317414127142996,2.3611401084665694e-06,True,0,8834,0,0,9747,9701,0,nan,4.6731132368467545,-2.1447841620713586,-0.3865440912257405,0.30584612102746433,2.489750055894511,-0.07692938995177379,-0.20720226231553873,0.174859384466347,-0.19753352751381315,0.26591025119346834,-0.2527561739797633,2.4636349657183465,1.0375395817390853,False,False,507,4.946596091554254,2.473298045777127,False,64,0.5
0.08,261.96113658654565,0.09570090020828773,16443.4882602865,15.989214491423677,15.724185193516387,19.222382786741086,20.89258241577618,0.07671069608545483,0.007523590520801417,0.2945243112740431,9.42477796076938,0.9966653923775943,0.07884404642873946,0.0003025031457267025,3.090898124572421e-06,True,0,8986,0,0,9724,9664,0,nan,4.554395678188416,-2.0553330858228183,-0.49604148188832653,0.36147615874814676,2.44227049699661,-0.09921433527806478,-0.2356923442929375,0.22474564386516815,-0.16909738668977603,0.26738062839389853,-0.29347244239237735,2.5123728408921417,1.1664665341765756,False,False,631,5.320840616084194,2.660420308042097,False,64,0.5
0.09,294.48196136562973,0.10548086426717522,16457.981004195037,15.993135202398074,15.732132722552274,19.222382786741086,20.89258241577618,0.08929366462936603,0.009275812513160273,0.2945243112740431,9.42477796076938,0.9970398588700113,0.09461617079712463,0.00038250441352218187,3.919455107640688e-06,True,0,9065,0,0,9680,9631,0,nan,4.508454009709999,-2.0212314141747587,-0.5857139586391931,0.40382939056181044,2.410723758761293,-0.15181294754768082,-0.3002024377878083,0.23758271883608711,-0.1593898169992921,0.30963567899045086,-0.29160408309054675,2.6073119077027282,1.2317340000553043,False,False,691,5.484408720139679,2.7422043600698394,False,64,0.5
0.1,327.0404276145987,0.12441012614540582,16427.904943557583,15.994502219424026,15.732132722552274,19.222382786741086,20.89258241577618,0.10516880699302052,0.011156404314626438,0.2945243112740431,9.42477796076938,0.9973257660051094,0.11036970711066625,0.00046964009689295824,4.825987703051547e-06,True,0,8736,0,0,9658,9647,0,nan,4.417524274383979,-1.9729588767610142,-0.6606579425298271,0.391268791169864,2.3607012190635466,-0.237572457477917,-0.3536537289407491,0.22313928160788749,-0.14374767419165002,0.32956952250004634,-0.3197205478497329,2.6992102615510225,1.3289043216184369,False,False,483,4.867278242658203,2.4336391213291013,False,64,0.5
0.11,359.7136019621452,0.14158005610447075,16409.905688868123,15.993921540615695,15.732132722552274,19.222382786741086,20.886598574205422,0.11687197501441138,0.013150893263932022,0.2945243112740431,9.42477796076938,0.9975715709981241,0.1262047063099047,0.0005645988761547149,5.818201838845411e-06,True,0,8675,0,0,9621,9652,0,nan,4.366528238861819,-1.9795560337393834,-0.7002628558867023,0.41483036850939925,2.2984795325992167,-0.2993043768418602,-0.36248092820621913,0.24276125226726825,-0.17673261242481073,0.3709557008505163,-0.326536727268475,2.7659423386538875,1.3645581101540332,False,False,423,4.656760680970258,2.328380340485129,False,64,0.5
0.12,392.35485130002337,0.19244088875580195,16411.654752073533,15.995644600982866,15.732132722552274,19.222382786741086,20.886598574205422,0.14313314092462423,0.015251845749490948,0.2945243112740431,9.42477796076938,0.9977728815786758,0.1422328387104506,0.0006681785053575022,6.904995350585889e-06,True,0,6567,0,0,9637,9658,0,nan,4.2361570475884465,-1.9903018545409559,-0.7202735091869563,0.3825016866143578,2.1693204129148533,-0.33861473745741044,-0.32241370255015234,0.2656977078975783,-0.19162747979744268,0.37585707626735276,-0.33668783894060095,2.876017102627686,1.5337551809812777,False,False,82,2.695101222399913,1.3475506111999564,False,64,0.5
0.13,424.9834652035439,0.1802233985483094,16407.927113900627,15.995251990756929,15.732132722552274,19.222382786741086,20.89258241577618,0.18281965310098047,0.017449145088825,0.2945243112740431,9.42477796076938,0.9979514248651435,0.15810286492725148,0.0007791581587848256,8.074507799381074e-06,True,0,8072,0,0,9611,9658,0,nan,4.042988409129378,-1.9633594698184123,-0.7178732530661023,0.402434967260632,2.003848882499348,-0.3352999149652707,-0.27627764248600073,0.23410248522737664,-0.22055412171041477,0.3928884539758243,-0.3853672462074571,3.010510198141177,1.6904364283845401,False,False,265,3.984609397434215,1.9923046987171076,False,64,0.5
0.14,456.86698225711564,0.17661763158555918,16419.407526594096,16.00373476935004,15.732132722552274,19.235384061671343,20.89258241577618,0.216707856253051,0.019729330111476914,0.2945243112740431,9.42477796076938,0.9981273779177435,0.1743853633330124,0.0009008586179102236,9.361992688904077e-06,True,0,8725,0,0,9677,9638,0,nan,3.881113872587063,-1.960979335443854,-0.6872995528552952,0.41742883097263217,1.852876207048677,-0.3207781351112846,-0.20161304428434335,0.2569195519485514,-0.22800198561773663,0.41083458617155466,-0.37799936588867644,3.02353733391917,1.7601606595541541,False,False,445,4.736132027501613,2.3680660137508065,False,64,0.5
0.15,489.60054571792574,0.17449502449533918,16430.27834387118,16.00340106461239,15.732132722552274,19.222382786741086,20.89258241577618,0.24640513682585793,0.022086323859417684,0.2945243112740431,9.42477796076938,0.9982830308284483,0.18967896666421427,0.0010262231105393317,1.0694845487423786e-05,True,0,9095,0,0,9740,9611,0,nan,3.7553326898420814,-1.9677145241325942,-0.6544550598887433,0.421248218244596,1.725886559085918,-0.3429288361423506,-0.18106902487725485,0.2679255481186109,-0.2566192901369676,0.40074444152352406,-0.3759580239459308,3.063381966120672,1.8565856903306153,False,False,745,5.623705303659842,2.811852651829921,False,64,0.5
0.16,522.1060731514692,0.1796417568990844,16424.99357396966,16.00137306194771,15.732132722552274,19.222382786741086,20.89258241577618,0.27019288326355384,0.024514157262872555,0.2945243112740431,9.42477796076938,0.9984049582637506,0.20460021123618913,0.0011582425494979958,1.2104635127011584e-05,True,0,9227,0,0,9672,9632,0,nan,3.668719222324981,-1.9912432621726381,-0.651661001187593,0.429084759436801,1.6093507331019445,-0.3521816895951435,-0.20773213369461097,0.2682940447586789,-0.23274502626615237,0.3976376965247408,-0.4213043548022571,3.0632284852530467,1.9075542076333805,False,False,904,5.998278235900232,2.999139117950116,False,64,0.5
0.17,554.4568985821313,0.20531137839793503,16435.399901275916,16.004221040967753,15.732132722552274,19.235384061671343,20.89258241577618,0.28608032062448824,0.027006537168075828,0.2945243112740431,9.42477796076938,0.9984975563111975,0.21944198274084462,0.0012986271527782153,1.3609888879894763e-05,True,0,8944,0,0,9617,9699,0,nan,3.5536694751469295,-1.9994108786809122,-0.6159549913117868,0.4526783805131167,1.4704341115320965,-0.25784993811415013,-0.2259255196812866,0.3113619939987914,-0.24171134524099833,0.4454890641221082,-0.420519292738272,3.137903331120607,2.0969461388908646,False,False,577,5.164509349153498,2.582254674576749,False,64,0.5
0.18,586.3848122580926,0.23941843334467286,16429.14335942483,16.007220015501073,15.748015748023622,19.235384061671343,20.89258241577618,0.3017688023953068,0.029554766592424574,0.2945243112740431,9.42477796076938,0.9986046093122539,0.2339093766042599,0.0014458833244047078,1.519573571935073e-05,True,0,8314,0,0,9678,9663,0,nan,3.505941208320379,-1.9707237775388595,-0.6052384775246367,0.4783438112619116,1.4390194103138718,-0.18173019942784485,-0.2187328613318158,0.3150107094511855,-0.2833247848965181,0.4495633538754948,-0.418187576398798,3.1812385140765573,2.131609351106782,False,False,308,4.189421293243516,2.094710646621758,False,64,0.5
0.19,618.2810367005168,0.2900555251189866,16431.21868371504,16.001355686918124,15.732132722552274,19.235384061671343,20.89258241577618,0.3273228273553618,0.03215298617027082,0.2945243112740431,9.42477796076938,0.9987070351104999,0.2480247109582815,0.0016000649294793262,1.686336471388444e-05,True,0,6978,0,0,9718,9691,0,nan,3.5356862849611326,-1.9452981874221145,-0.6024104651725395,0.5231087848274427,1.4842956512357972,-0.11314427180654718,-0.1837025050732617,0.36282686749547544,-0.30568626620481887,0.46225147806381583,-0.47937416551029555,3.2228690962875652,2.124665335145638,False,False,107,2.9450887683989615,1.4725443841994807,False,64,0.5
0.2,650.4807496811961,0.28907912650026923,16437.98687561121,16.002398567546905,15.732132722552274,19.235384061671343,20.89258241577618,0.3521078540192827,0.03479636746567377,0.2945243112740431,9.42477796076938,0.9987527012285253,0.2614690688032739,0.0017589790801289462,1.8590241476756942e-05,True,0,7574,0,0,9725,9550,0,nan,3.5996903998950986,-1.9394909654537997,-0.5808437423888009,0.5696325589623541,1.5543062384664275,-0.06700461302988359,-0.12830828531873983,0.36804284693524947,-0.29812210408318274,0.4810844455976012,-0.5355113240242197,3.3395202392785324,2.182583801415742,False,False,160,3.3677806019212593,1.6838903009606296,False,64,0.5
0.21,682.1797621827462,0.3123425970162715,16453.365889048142,16.003764065248106,15.732132722552274,19.235384061671343,20.89258241577618,0.37378001538431127,0.03748081156472438,0.2945243112740431,9.42477796076938,0.9987976115115748,0.2749459011085202,0.0019273561132998555,2.0426995192769014e-05,True,0,7267,0,0,9694,9529,0,nan,3.7419102347204047,-1.9645944415522987,-0.5406511247718484,0.6386378190127857,1.6741198160433086,-0.08747788275862334,-0.10720718432167686,0.33528701192723975,-0.3334334613127231,0.4658448017321357,-0.5167004023995692,3.403389496806339,2.175395717251399,False,False,121,3.0683077734506896,1.5341538867253448,False,64,0.5
0.22,714.587803141272,0.27574161747619813,16467.52212024491,16.002807770408097,15.732132722552274,19.235384061671343,20.89258241577618,0.40981043651652893,0.04020201503380329,0.2945243112740431,9.42477796076938,0.9988581012270571,0.2873419341221,0.0020972986761076903,2.229056626377791e-05,True,0,8778,0,0,9681,9594,0,nan,3.8689882046100177,-2.0181005707743758,-0.4986493973144306,0.6765719722499384,1.7523168368285482,-0.10358117313324655,-0.0960491497099909,0.32084641369092526,-0.33571779119573786,0.4745581115270191,-0.4880234842232285,3.4854446963561143,2.24718935823757,False,False,439,4.714749650390264,2.357374825195132,False,64,0.5
0.23,746.0035625912745,0.2937306187371623,16465.332683249082,16.00368011395835,15.732132722552274,19.235384061671343,20.89258241577618,0.44951263305468486,0.04295972715425166,0.2945243112740431,9.42477796076938,0.9989087326069037,0.29982700600602435,0.0022767891928137988,2.4266113856657302e-05,True,0,8660,0,0,9741,9665,0,nan,3.9854707634084767,-2.067152841521443,-0.4810014342396194,0.6717137299859814,1.8265705401461716,-0.1181703740381046,-0.09721348034780952,0.30523314699011916,-0.34185233730903497,0.4865576280089198,-0.47714829178345786,3.511388615212567,2.361084183996913,False,False,376,4.477474060769193,2.2387370303845966,False,64,0.5
0.24,777.8432745014093,0.3185342946643182,16474.456917209995,15.999369291832686,15.732132722552274,19.235384061671343,20.89258241577618,0.4818087084079915,0.04574378060389389,0.2945243112740431,9.42477796076938,0.9989423206831498,0.31166260527470196,0.0024606149149094788,2.6298959122604016e-05,True,0,8291,0,0,9667,9557,0,nan,4.069020222891688,-2.099088974013421,-0.50174406269314,0.6601512041121538,1.8695988052744887,-0.10803259217128591,-0.14696351066626256,0.30473699576182506,-0.3498038402701816,0.5043216826546666,-0.4944433247767286,3.636421364073048,2.4736877396567314,False,False,302,4.1620386723174185,2.0810193361587093,False,64,0.5
0.25,809.9824123497121,0.3290636251039443,16490.940733759864,16.000258608957967,15.732132722552274,19.222382786741086,20.89258241577618,0.504649270214414,0.048556955165152405,0.2945243112740431,9.42477796076938,0.9989709743184796,0.3229593480949704,0.002649073997433647,2.8392655575215518e-05,True,0,8356,0,0,9639,9530,0,nan,4.129579585006688,-2.128556042522188,-0.5163319759916831,0.6779210524050185,1.8878241573681542,-0.0570419800486377,-0.1653881070729657,0.35521825694926884,-0.33343049945386005,0.48079378198183226,-0.5342562558121111,3.6543967908162385,2.530109005565487,False,False,297,4.138941422805501,2.0694707114027504,False,64,0.5
0.26,842.1101404880638,0.30988421135471433,16488.21805219751,16.000687017112437,15.732132722552274,19.222382786741086,20.89258241577618,0.5223376278393195,0.051398088079933124,0.2945243112740431,9.42477796076938,0.9990214493496018,0.3334404115607125,0.0028395975528349264,3.052009730780676e-05,True,0,9051,0,0,9677,9598,0,nan,4.219409429573966,-2.1612004811836023,-0.4987498728718798,0.6882061941215909,1.94196989910035,0.00988509228350054,-0.15363656848882634,0.3533481303979881,-0.3523603808007959,0.4879669532562916,-0.49433166038541887,3.85994115858565,2.626745861120587,False,False,567,5.134499901516753,2.5672499507583764,False,64,0.5
0.27,873.523641424599,0.3608151852066046,16498.38113108364,15.997063437368379,15.732132722552274,19.222382786741086,20.89258241577618,0.5317031231487045,0.054261768010893704,0.2945243112740431,9.42477796076938,0.9990446597723901,0.34431159032950376,0.0030422025369961476,3.278947641958816e-05,True,0,8320,0,0,9651,9673,0,nan,4.242142591543856,-2.1947773012853915,-0.49510203264656205,0.64558531195744,1.935111714766812,0.07609264917898528,-0.1376944066207919,0.3618776203480538,-0.3281975425261182,0.5601173492341915,-0.4685754624877513,3.9588734997159922,2.68172478173705,False,False,262,3.969516035371225,1.9847580176856126,False,64,0.5
0.28,905.4676340082747,0.3551671548016535,16474.757055513674,15.997335878734123,15.732132722552274,19.222382786741086,20.89258241577618,0.5451672664724853,0.05714818895062358,0.2945243112740431,9.42477796076938,0.9990909993323615,0.35366592833115346,0.0032397931647338445,3.501707942890202e-05,True,0,8740,0,0,9614,9597,0,nan,4.337173367621137,-2.238590131974515,-0.47382683569659534,0.6087406676103342,1.9866438599911547,0.20072002528908683,-0.10080641770133525,0.32161079668792436,-0.3035405310535842,0.5490270223786837,-0.4784333553221402,4.074395351118468,2.8407486947873153,False,False,402,4.57838680503904,2.28919340251952,False,64,0.5
0.29,937.5387079702822,0.4197420546426138,16465.910190284092,15.994833057931768,15.724185193516387,19.222382786741086,20.89258241577618,0.5485711920513501,0.06005500110181913,0.2945243112740431,9.42477796076938,0.9991191579824295,0.36288222713557045,0.00344391068353951,3.732751349645785e-05,True,0,7550,0,0,9649,9656,0,nan,4.413815731765573,-2.273591452431754,-0.5029184745125814,0.5838311268088745,2.0070822842632907,0.3403592045381778,-0.08436377736603085,0.37348462844708535,-0.3179283853965707,0.5295792348938799,-0.5189050409932165,4.298880332337757,2.92645301831629,False,False,169,3.429778169737927,1.7148890848689635,False,64,0.5
0.3,969.7516153620907,0.4153770652297237,16472.092037972514,15.994453428111369,15.724185193516387,19.222382786741086,20.89258241577618,0.5550730528728415,0.06298385609519362,0.2945243112740431,9.42477796076938,0.9991528675446704,0.372030663897053,0.003655079444586476,3.9727010209384845e-05,True,0,7948,0,0,9637,9724,0,nan,4.473157899058362,-2.3220874624845003,-0.520052978080269,0.5627429335354641,1.9929367101158242,0.4720715493620986,-0.07396492869835214,0.41882420385750296,-0.3721108559152627,0.5238219316822444,-0.5267696251442532,4.189558116652515,3.012829730627377,False,False,221,3.7506040777364467,1.8753020388682233,False,64,0.5
0.31,1002.2267445530724,0.33755017484105765,16462.13646084225,15.996187031751434,15.732132722552274,19.222382786741086,20.89258241577618,0.6139984365014336,0.06593020602382915,0.2945243112740431,9.42477796076938,0.999160377014311,0.3802753420746545,0.0038652191643396587,4.2128327719419426e-05,True,0,9295,0,0,9607,9713,0,nan,4.568987627965457,-2.4120277813645075,-0.5467525251820522,0.5458839785730305,1.9863613300840122,0.5130242947837402,-0.09184187213062955,0.4006990876367079,-0.3974511353892379,0.546421783657502,-0.5348018493579585,4.166785785440144,2.9979979683726037,False,False,987,6.176505717687739,3.0882528588438696,False,64,0.5
0.32,1034.328644354925,0.3423343041885587,16467.1481118826,15.996413605215418,15.724185193516387,19.222382786741086,20.89258241577618,0.6465720008134335,0.06889631161118176,0.2945243112740431,9.42477796076938,0.9992071006949825,0.3888796489256335,0.004086475885072866,4.466402550335452e-05,True,0,9342,0,0,9645,9713,0,nan,4.617979567377253,-2.4502923036289026,-0.5732889549207467,0.5430587956926161,1.9662626153963956,0.5974746557360362,-0.1270833533393141,0.37067985262027087,-0.4752816514713941,0.5156564921915534,-0.5756878463418661,4.184378063752628,2.94667781027266,False,False,1105,6.413442758436861,3.2067213792184304,False,64,0.5
0.33,1066.3090135984194,0.38265298641397133,16452.092582203524,15.997503234852692,15.732132722552274,19.222382786741086,20.89258241577618,0.6608780775763127,0.0718756736904557,0.2945243112740431,9.42477796076938,0.9992331910125237,0.3967665121214044,0.004308097050416554,4.721748681893869e-05,True,0,9086,0,0,9687,9716,0,nan,4.700870545841743,-2.5153026055469674,-0.5922323215889076,0.5785957906668671,1.9417215736425106,0.7111346736142998,-0.15239930555318715,0.3640406367345269,-0.5002751955967344,0.5221520101030861,-0.590240853566865,4.2127734834780695,3.0615701348609616,False,False,707,5.526416359429567,2.7632081797147836,False,64,0.5
0.34,1098.146356013949,0.41937273945580167,16447.040370513176,15.996870205550563,15.724185193516387,19.235384061671343,20.89258241577618,0.6842777947286761,0.07486878915605845,0.2945243112740431,9.42477796076938,0.9992687097942413,0.4047187671407654,0.004537849380278904,4.987404510204212e-05,True,0,8723,0,0,9648,9728,0,nan,4.817811402065722,-2.5847239741601467,-0.5795207371407098,0.6212242562094197,1.9384528566072738,0.828704008997196,-0.2557484502347993,0.38090847122656724,-0.4840427575020563,0.5504820796995133,-0.5921083607603486,4.385422816160317,3.0123328386959223,False,False,483,4.867278242658203,2.4336391213291013,False,64,0.5
0.35000000000000003,1130.2875933886244,0.42455574287202097,16442.540950748655,15.99932932432159,15.732132722552274,19.241881404893856,20.904544960366874,0.7090585566503442,0.07787935952559227,0.2945243112740431,9.42477796076938,0.9992977723777878,0.4121688901737825,0.004769591188936737,5.25668877437418e-05,True,0,8878,0,0,9664,9655,0,nan,4.967336336424033,-2.6896372062276086,-0.5858801335250252,0.6206536279370134,1.9528437893004167,0.9004994945649756,-0.33458251381992454,0.3300293191201821,-0.49308518356189224,0.5778163102225125,-0.5650059606526734,4.351255312856554,2.980923843183506,False,False,555,5.098019096435963,2.5490095482179815,False,64,0.5
0.36,1161.6536540694958,0.450035985462422,16414.349654958707,15.998964203238666,15.732132722552274,19.241881404893856,20.904544960366874,0.7277648407930506,0.08089701076248743,0.2945243112740431,9.42477796076938,0.9993076880200179,0.4192494670231076,0.005004796477136213,5.531267973262707e-05,True,0,8722,0,0,9646,9733,0,nan,5.002512032562929,-2.7550955381584004,-0.5856329140772836,0.6201987043686081,1.8993865910555883,0.9441491109204101,-0.3900931845221489,0.35496445883346195,-0.43848810815259515,0.6562573018170087,-0.574981626373455,4.359203220778304,2.863891168755708,False,False,455,4.771346197986417,2.3856730989932085,False,64,0.5
0.37,1193.8567095241278,0.4830362483380363,16383.876375954624,15.997217466428102,15.732132722552274,19.235384061671343,20.89258241577618,0.7389602453743274,0.08392301129084248,0.2945243112740431,9.42477796076938,0.9993206137614542,0.4254159477341712,0.005235690762673209,5.802537489161278e-05,True,0,8418,0,0,9654,9692,0,nan,4.96910876906644,-2.780608470607902,-0.5980636748131971,0.5834512118510347,1.8332817217392972,0.982546752826849,-0.36824723188567354,0.4223381607482455,-0.4066657012060432,0.694925247783258,-0.6019369594410691,4.503707099298986,2.9530800834806716,False,False,355,4.392514946146356,2.196257473073178,False,64,0.5
0.38,1225.6743050812001,0.47930445694431584,16390.02281243224,16.000345549406724,15.732132722552274,19.241881404893856,20.89258241577618,0.7558193261753554,0.08696357124182799,0.2945243112740431,9.42477796076938,0.9993398006405034,0.43264824284094305,0.005486043100376788,6.096854638889283e-05,True,0,8573,0,0,9682,9766,0,nan,4.934084121710296,-2.765047869857421,-0.6277020254512387,0.5622714924025516,1.8033853742361288,1.010702035129281,-0.32668067090423847,0.4114906350669561,-0.3388695937237959,0.6840608436097408,-0.5972925124431063,4.470302692338019,2.981999509498561,False,False,451,4.757323057017385,2.3786615285086925,False,64,0.5
0.39,1256.911761842664,0.46825948514789245,16386.874191467014,16.004165592077367,15.732132722552274,19.241881404893856,20.89258241577618,0.7937966023330444,0.09001080746957046,0.2945243112740431,9.42477796076938,0.9993673723317407,0.43978092905918853,0.005742921170954798,6.400027892632679e-05,True,0,8846,0,0,9605,9733,0,nan,4.894219567440551,-2.7809600560662293,-0.6551761573767276,0.5169502825855936,1.7392232070497577,1.0542426271053458,-0.2571400618987667,0.40565763689368944,-0.3895606882596151,0.6365536322405445,-0.6466537824545047,4.524730314871124,3.111297548743046,False,False,621,5.292582831010538,2.646291415505269,False,64,0.5
0.4,1287.8877408505698,0.48546939308798925,16393.06396777542,16.00452863361219,15.732132722552274,19.241881404893856,20.898564544006366,0.827470190896757,0.09305602286486639,0.2945243112740431,9.42477796076938,0.9993732765623345,0.44700031288808345,0.006009467199187999,6.715668510946056e-05,True,0,8798,0,0,9670,9734,0,nan,4.890082235532736,-2.7809695806874117,-0.6865863776685561,0.4910538609821451,1.7112360386302647,1.1141086530091258,-0.20929630181946024,0.40124398845909115,-0.4475467046556514,0.635294936955071,-0.6897838691657224,4.532720398415445,3.2500928618595006,False,False,563,5.122397322985187,2.5611986614925937,False,64,0.5
0.5,1601.4013278360103,0.6010685646331915,16401.52359462374,16.005946991580327,15.748015748023622,19.241881404893856,20.89258241577618,1.062932639641335,0.12377109667226727,0.2945243112740431,9.42477796076938,0.999492666378026,0.5009310522592718,0.008827966888264682,0.00010144031110381206,True,0,8778,0,0,9577,9699,0,nan,4.996421032951931,-2.8890113998116362,-0.7417215152106618,0.43296998247514296,1.6897648731371255,1.1119292463979527,-0.31736983040545574,0.5357130835413875,-0.4409330182983185,0.7681764897478289,-0.684445732619467,4.576621195490244,3.960621748826169,False,False,547,5.073405464511547,2.5367027322557734,False,64,0.5
0.6,1913.0367875309046,0.7097114979476459,16384.33725416533,16.0086211624227,15.75595125658873,19.241881404893856,20.904544960366874,1.29146287648025,0.15480345283601407,0.2945243112740431,9.42477796076938,0.9995541743302291,0.5383576273496427,0.011992200548943689,0.00014169356747299722,True,0,8961,0,0,9741,9736,0,nan,5.075551451564685,-2.914232618490429,-0.7297795768776698,0.3729296389615051,1.699638471331454,1.2315258705853758,-0.4187123544534437,0.5935561031493113,-0.5238368809128079,0.7758958708823196,-0.70119655396475,5.357226646689715,4.117076972947972,False,False,627,5.309573582651799,2.6547867913258996,False,64,0.5
0.7000000000000001,2220.1574200812756,0.821190580847028,16407.170974302342,16.005586588500957,15.75595125658873,19.241881404893856,20.904544960366874,1.594528512070627,0.18595528562553687,0.2945243112740431,9.42477796076938,0.9996251896777633,0.568634583965412,0.015546647476260923,0.00018886115340580362,True,0,8892,0,0,9567,9715,0,nan,5.229642340140945,-2.92939684315853,-0.6947866655218693,0.3286278078771936,1.8344757652235373,1.2827175999439966,-0.5340156045280722,0.4965724294792082,-0.6447120119041995,0.8796845586623459,-0.8642617963108253,5.156406472427482,4.739649727179009,False,False,617,5.281194774669723,2.6405973873348616,False,64,0.5
0.8,2524.7532665339304,0.9970017271091908,16417.517534904702,16.011400650650916,15.763882770434446,19.241881404893856,20.904544960366874,1.7691493488150967,0.21727999226764239,0.2945243112740431,9.42477796076938,0.9996940431524249,0.5907910381733567,0.019386533785269045,0.00024212561459579872,True,0,8524,0,0,9635,9667,0,nan,5.230820292356705,-2.888457033892651,-0.6842362678489113,0.25454972535893816,1.8624915523866328,1.3544104729638242,-0.5416210651346365,0.6263870639188118,-0.6475802128302071,0.8724913431701569,-0.8755448767750211,5.65472159708404,4.812442001271169,False,False,396,4.555494488513393,2.2777472442566964,False,64,0.5
0.9,2825.003325763052,1.0767588525673542,16438.927223288563,16.009413174684507,15.763882770434446,19.241881404893856,20.89258241577618,2.2904071096108978,0.2485010221743561,0.2945243112740431,9.42477796076938,0.9997439157688824,0.6097927069343998,0.02353864203542416,0.0003021931121890605,True,0,8706,0,0,9728,9635,0,nan,5.194120670016429,-2.854448559781426,-0.6075679441652966,0.09137127561839975,1.8825425611436728,1.41006668815524,-0.5934317219140759,0.6959681911915985,-0.5622894136019544,0.9469147781516998,-0.9459066158605258,5.860586261902308,5.079042564286829,False,False,477,4.847039845730981,2.4235199228654905,False,64,0.5
1.0,3122.669980749577,1.2350817854931329,16440.78270998948,16.006913620312606,15.75595125658873,19.235384061671343,20.89258241577618,2.3670108285973743,0.2798400100082872,0.2945243112740431,9.42477796076938,0.9997851182269498,0.6241953931948797,0.027907601449305867,0.00036824301057894997,True,0,8409,0,0,9700,9625,0,nan,5.372089545585674,-2.912229727982943,-0.5616620134359032,-0.04938936422482065,2.0208245518726784,1.4651728816270122,-0.6945729551075495,0.6321206931372882,-0.6349763380186157,1.0056928768325966,-1.087214380889575,5.778418636521012,5.540737527088136,False,False,382,4.501164840700385,2.2505824203501925,False,64,0.5
1.1,3414.7932282107704,2.1720076167224573,16420.790569816003,16.004337163261912,15.748015748023622,19.235384061671343,20.89258241577618,4.266485643759223,0.3110132452481167,0.2945243112740431,9.42477796076938,0.9998106069667801,0.6346675172976759,0.032479139073287366,0.00044044869005039716,True,0,3312,0,0,9719,9155,0,nan,5.4048610694483425,-2.9070928366190874,-0.4560021220849606,-0.15350121091722713,2.1045377181354894,1.4694138877512763,-0.7770840456352133,0.7340871793376618,-0.7053570611022735,1.038129072046563,-1.4709893874409627,6.405820647149984,6.003611977229995,False,False,10,1.3365046175719757,0.6682523087859878,False,64,0.5
1.2,3701.527645180231,1.5309614147063328,16491.820158393097,16.004483374073935,15.748015748023622,19.235384061671343,20.904544960366874,4.364779789693762,0.341909686702753,0.2945243112740431,9.42477796076938,0.9998409834783812,0.6471119761397356,0.03746317095361361,0.0005220813435859929,True,0,8189,0,0,9766,9667,0,nan,5.466841089920921,-3.0079194082237812,-0.3586363854937744,-0.273689063382589,2.118657991373567,1.4414474881601116,-0.877223417165931,0.730365151384043,-0.7081659224289345,1.0984394978968277,-1.0418158757895672,6.894480345052663,6.334623603912025,False,False,255,3.933844514288567,1.9669222571442835,False,64,0.5
1.3,3992.745765592888,1.356605663807596,16469.542414749434,16.000175112180017,15.748015748023622,19.222382786741086,20.89258241577618,3.142731949536817,0.3729746856149414,0.2945243112740431,9.42477796076938,0.9998694896736234,0.6530641805470109,0.04226473809859345,0.0006051588606066813,True,0,9259,0,0,9649,9672,0,nan,5.4818012763399695,-3.051445106306149,-0.22318053294324258,-0.29735952319513714,2.1170072520169434,1.4545304630881084,-1.0202227653249825,0.6427867500798545,-0.7849173314324737,1.0620651298985393,-1.0525238968790256,6.939532438370035,6.295627260688081,False,False,943,6.083325121348059,3.0416625606740295,False,64,0.5
1.4000000000000001,4282.269704574313,1.6243156484846497,16514.314365246722,15.999965705435072,15.732132722552274,19.235384061671343,20.89258241577618,3.2045915751067824,0.4043201357509806,0.2945243112740431,9.42477796076938,0.9998718248944316,0.6612279006675444,0.04737007928790633,0.0006966916986767045,True,0,8727,0,0,9793,9853,0,nan,5.500260926136005,-3.0549712023230455,-0.21018292172214004,-0.36532757802400084,2.142598000203172,1.4499196381345847,-1.0597367738780203,0.8332742738638048,-0.842748661260626,1.2282689654770198,-1.1708328835700472,7.079630248804047,6.690060052003941,False,False,475,4.8402560162280475,2.4201280081140237,False,64,0.5
1.5,4572.49343691855,1.6429388578878446,16504.33972211245,15.99500033677071,15.732132722552274,19.222382786741086,20.89258241577618,4.172968017414678,0.43568651561725424,0.2945243112740431,9.42477796076938,0.9998755687212535,0.6648591831551749,0.05237239369764908,0.0007910221837889785,True,0,9085,0,0,9840,9853,0,nan,5.466631720469701,-3.0397483773693565,-0.154751073697307,-0.36486336209942927,2.1568275439920015,1.3922934317171851,-1.0622257922888618,0.6748281442256083,-0.8426359003383121,1.1144314178247923,-1.0676040267310478,7.409074713848395,7.288618976962116,False,False,711,5.5368190500677565,2.7684095250338783,False,64,0.5
1.6,4857.776948720235,1.8847204459276494,16537.45529115961,15.988498612305172,15.732132722552274,19.215878850575635,20.886598574205422,3.4249581374824527,0.46738305355023446,0.2945243112740431,9.42477796076938,0.9998873371084339,0.6714933718187432,0.05770683116093223,0.000894798297883664,True,0,8585,0,0,9659,9776,0,nan,5.343666559110512,-2.9720649821872662,-0.09959122630378836,-0.4222815827512232,2.114906755649681,1.4157291073982137,-1.0397725702752414,0.7916191343351673,-0.7782487802559594,1.201676927170464,-1.3013731565370001,7.351654284655781,7.158719392420516,False,False,393,4.543961541733277,2.2719807708666386,False,64,0.5
1.7,5132.218879668556,1.9472666585496243,16604.553197672954,15.982794869410494,15.732132722552274,19.215878850575635,20.8806130178211,3.7242277439547493,0.49851362091044726,0.2945243112740431,9.42477796076938,0.9998905142937697,0.6785355747926552,0.06345778754940046,0.001010085876167292,True,0,8807,0,0,9848,9787,0,nan,5.279823855591914,-2.9718049540575056,-0.02510439918976992,-0.3897171887903532,2.067224648639371,1.4255486487655666,-1.006423231958344,0.8862456360865023,-0.790479010602244,1.2459147478327646,-1.3846792285856027,7.528254908420774,7.1561979922824,False,False,420,4.645725661693962,2.322862830846981,False,64,0.5
1.8,5413.462756837873,1.8723463581745186,16632.313175719362,15.984797191764152,15.732132722552274,19.215878850575635,20.886598574205422,3.722541364946013,0.5297235567347027,10.701049976290232,342.4335992412874,0.9999018598689131,0.6811265291057786,0.06891662578447519,0.0011259656504831004,True,0,9205,0,0,9824,9696,0,nan,5.209612089582971,-2.949362996652198,0.00102364230131613,-0.3192143887040526,2.01967398483351,1.4115665967821585,-0.9967822259874595,0.7871866696571057,-0.9103140518403262,1.2608258150883647,-1.2245315511312602,7.393171764393449,7.560013492822208,False,False,763,5.668636944218613,2.8343184721093064,False,64,0.5
1.9000000000000001,5680.385969969151,1.752409185451299,16607.98616973832,15.988479707481273,15.732132722552274,19.222382786741086,20.8806130178211,4.715330573130855,0.5605946835677869,10.701049976290232,342.4335992412874,0.9999131507363044,0.6846649957886173,0.07451530085909998,0.0012494052413475503,True,0,9500,0,0,9888,9868,0,nan,5.337583001982068,-3.0409767044028584,0.001085661605557675,-0.32458888915124007,2.041172423514592,1.4886790601876996,-0.9943787257049479,0.8326786812763061,-0.812018607373274,1.2069005524701797,-1.323785526210632,7.825388100819019,7.612544168927447,False,False,1424,6.9792238284142,3.4896119142071,False,64,0.5
2.0,5948.148928472756,2.3283440931192825,16667.58544189241,15.988292071254449,15.732132722552274,19.222382786741086,20.886598574205422,6.3036954509529,0.5911076192500643,10.701049976290232,342.4335992412874,0.9999220599582879,0.6900730422685711,0.0804494234864144,0.001384090918102987,True,0,8551,0,0,9901,9935,0,nan,5.435446505470451,-3.126096513052275,-0.05690237518602714,-0.30095974263543823,2.009460561290293,1.595014416165828,-0.9652662716194076,0.9950858034230206,-0.8362365890452743,1.2512737351862588,-1.275835327323477,8.209821094107685,7.748523107228857,False,False,338,4.321249712522725,2.1606248562613626,False,64,0.5
2.1,6216.496836000583,1.984335663460879,16742.728567155045,15.993372983703852,15.732132722552274,19.222382786741086,20.89258241577618,4.463465075685382,0.6217146772097137,10.701049976290232,342.4335992412874,0.9999259857384791,0.6930834716488047,0.0864351431511141,0.001525627890334617,True,0,9383,0,0,9881,9824,0,nan,5.598764196019193,-3.175690055283285,-0.04986283468737973,-0.21592159395053656,2.069432241637749,1.7557836365233257,-0.9738750450097555,0.9682992160893154,-0.8715948840016774,1.352751043023961,-1.321963292135695,7.8613126959797315,8.107743883058742,False,False,1170,6.536808328379939,3.2684041641899695,False,64,0.5
2.2,6474.810388472957,2.2912351905205433,16787.20309862642,15.99555771089735,15.724185193516387,19.222382786741086,20.89258241577618,4.4701604146754335,0.6521540773444525,10.701049976290232,342.4335992412874,0.9999395828409933,0.6964271823771927,0.09251712642778641,0.0016751433815375605,True,0,9123,0,0,9847,9917,0,nan,5.7869592487506205,-3.2490350993781707,-0.149281934109192,-0.21361697367470356,2.122244590146405,1.8389726712255623,-1.0413219138353025,1.0012982813978288,-0.9313262381677132,1.3932908407148736,-1.3263186261053246,7.9131118720499245,8.463989635050867,False,False,576,5.161524082968597,2.5807620414842987,False,64,0.5
2.3000000000000003,6744.123381851166,2.3214894870571543,16831.954833627366,15.992798838890433,15.724185193516387,19.222382786741086,20.89258241577618,5.111906039520658,0.6825808307792045,10.701049976290232,342.4335992412874,0.9999473734024698,0.6971017906896896,0.09826054641375016,0.001824720643760772,True,0,9173,0,0,9795,9857,0,nan,5.91280505591447,-3.3223930124662715,-0.2631709485748033,-0.16972127173506735,2.135835491942739,1.820709077734275,-1.07881381864917,1.1388864284366735,-0.9301940529061318,1.438538995952059,-1.486907740146749,7.914437781873801,8.740022735496492,False,False,700,5.50811683352564,2.75405841676282,False,64,0.5
2.4,7006.798571711755,2.296848641678086,16890.142542322028,15.992753412884563,15.724185193516387,19.222382786741086,20.89258241577618,5.059793648390115,0.7133270072497567,10.701049976290232,342.4335992412874,0.9999473121643053,0.7009272702020857,0.10426798044943274,0.001985305333469661,True,0,9306,0,0,9813,9885,0,nan,5.979358873396892,-3.3308198066093375,-0.32833563066020943,-0.02050717988974604,2.168011171790422,1.743321644861016,-1.1267741190329499,1.2578711918848153,-0.8067235588282562,1.464422441543396,-1.3759282484141182,8.449090452090811,8.295995407552613,False,False,898,5.984978240517117,2.9924891202585586,False,64,0.5
2.5,7263.486619720529,2.6695937281283846,16921.555476537727,15.995523450696918,15.724185193516387,19.235384061671343,20.89258241577618,5.150639697712936,0.7436668706096632,10.701049976290232,342.4335992412874,0.9999568458469763,0.7016601378172098,0.11022932160566595,0.002151606569669267,True,0,8897,0,0,9936,9840,0,nan,5.9836498214513485,-3.2894305323359685,-0.37819180280496134,0.08541053202058535,2.1610346552798383,1.723678400480381,-1.2102113545204585,1.1161741472509787,-1.000808223930849,1.4870960200430416,-1.5278555449329438,8.408614103861524,8.18950588788098,False,False,413,4.619771345502027,2.3098856727510135,False,64,0.5
2.6,7515.679481927644,2.310347415495804,16998.61547826357,15.999135126600503,15.732132722552274,19.241881404893856,20.898564544006366,4.94561575965185,0.7736025594670659,10.701049976290232,342.4335992412874,0.9999596445435494,0.7049736807225896,0.11657102412863153,0.002332239462772949,True,0,9527,0,0,9897,9880,0,nan,5.966567382262361,-3.27238853542943,-0.5200602227926492,0.17862362730821246,2.0327843061785593,1.7711749291716998,-1.3064046303842272,0.9395510036357818,-0.870370224041582,1.359870868999638,-1.4703269054482209,7.9654659732247985,8.28892227964435,False,False,1238,6.661070217635168,3.330535108817584,False,64,0.5
2.7,7768.380222445054,2.2670610866086616,17077.28526747107,15.998913584968012,15.732132722552274,19.241881404893856,20.89258241577618,5.133814803879251,0.8033909289225762,10.701049976290232,342.4335992412874,0.999961823905456,0.7078207555410899,0.12285445417352013,0.002519011317607862,True,0,9538,0,0,9759,9859,0,nan,5.974996309439747,-3.2071314833919153,-0.5531720306764321,0.27623058640521236,2.014504060173188,1.8226945618549237,-1.3942068061628579,0.9367309722814559,-1.0808402317151793,1.4615798631594528,-1.3708916975534122,8.558337718394558,7.8947397606904826,False,False,1617,7.281270020984555,3.6406350104922773,False,64,0.5
2.8000000000000003,8025.0421814278125,2.5911055605071303,17072.896211436422,16.002988084882684,15.732132722552274,19.241881404893856,20.89258241577618,5.252286047613996,0.8333704169131505,10.701049976290232,342.4335992412874,0.999963106385213,0.7066509689562991,0.1283469433732192,0.002696419508001125,True,0,9273,0,0,9887,9884,0,nan,6.017582885073271,-3.2268690981510186,-0.5806331464141259,0.3056104618033473,1.9720551235712804,1.8951794491684666,-1.4416281329714238,1.0795920853958048,-0.9476811844443995,1.5252299401807825,-1.5059743988157561,9.271245117686878,7.847743139939431,False,False,804,5.768405910229621,2.8842029551148105,False,64,0.5
2.9,8274.006104282973,2.815010560906291,17102.754222458658,16.001719863671198,15.732132722552274,19.241881404893856,20.89258241577618,6.0639031932685805,0.863225121326027,10.701049976290232,342.4335992412874,0.9999716600096014,0.7086421328111696,0.13424929074463837,0.0028892133016664196,True,0,9180,0,0,9971,9841,0,nan,6.045572044721552,-3.181671915816816,-0.7291159837906065,0.28864085232167724,1.998541533243582,1.8898958299035868,-1.4010653617352968,1.0211371923588446,-0.9739029585080343,1.4388319022651057,-1.64700189737386,9.417829550963305,8.719987822456298,False,False,580,5.173444504250547,2.5867222521252735,False,64,0.5
3.0,8507.862670033795,2.5571540712263765,17153.950795945213,16.00179572389683,15.732132722552274,19.241881404893856,20.898564544006366,6.009746039649585,0.892497368599761,10.701049976290232,342.4335992412874,0.9999680795852289,0.7115790639188351,0.1407168051237882,0.0031018115823117087,True,0,9507,0,0,9965,9889,0,nan,6.0067861663249795,-3.075873777667308,-0.797329880441394,0.334547835690028,2.0175139807647042,1.8674311209325651,-1.4084180262144788,1.0618042908981349,-0.878620792553302,1.5001300388792336,-1.5794035017431047,9.598044937132261,9.864416606146644,False,False,1274,6.725020402262464,3.362510201131232,False,64,0.5
3.1,8751.583186118254,2.7237110982731365,17293.960081718305,16.003775273255812,15.732132722552274,19.241881404893856,20.904544960366874,5.666536750483168,0.92157207791118,10.701049976290232,342.4335992412874,0.999967363669536,0.7140200567929353,0.14749204677940375,0.0033297527437164795,True,0,9342,0,0,9885,9868,0,nan,6.080997348875943,-3.095366195607543,-0.8182594674323127,0.44441271711940544,1.9928868171418017,1.9337911139010515,-1.4302679578399768,1.108762817153495,-1.3328211857417802,1.6372685953215105,-1.427578792855372,10.161627864766691,9.754206509141005,False,False,900,5.9894181369826205,2.9947090684913102,False,64,0.5
3.2,8988.23721191192,3.0366715717114623,17349.842886025457,16.00018484958145,15.732132722552274,19.235384061671343,20.904544960366874,6.1478800841449015,0.950510221386116,10.701049976290232,342.4335992412874,0.9999622292528392,0.7151171612668845,0.15370604605482843,0.0035535074999577575,True,0,9050,0,0,9863,9932,0,nan,6.1944863803846095,-3.1675897278551375,-0.8569885977558869,0.4783183521126304,2.063452087719689,1.8117921514620825,-1.492841801979779,0.8674008874653125,-1.0086272331654875,1.419067663620244,-1.476975657217689,9.555590474397263,10.279275037471036,False,False,527,5.010803075423675,2.5054015377118377,False,64,0.5
3.3000000000000003,9220.170755286135,2.638398528641525,17398.16509111522,16.00197372427378,15.732132722552274,19.222382786741086,20.89258241577618,5.826086141342629,0.9790162026865815,10.701049976290232,342.4335992412874,0.9999659695454931,0.714858409726164,0.15991112008425745,0.003785245135117573,True,0,9480,0,0,9862,9841,0,nan,6.292488333923745,-3.1325955874325206,-0.7707290485346405,0.572962507218552,2.175627043206511,1.8763514486537005,-1.52731051730545,0.9990891372388626,-1.0699346494430142,1.4699905504077528,-1.5193111906154284,9.784384102735073,9.892543061279055,False,False,1474,7.0599716657650236,3.5299858328825118,False,64,0.5
3.4,9455.585588665264,2.825412365939127,17477.105353718238,16.00623870242523,15.732132722552274,19.241881404893856,20.89258241577618,6.243955109660877,1.0077194166308585,10.701049976290232,342.4335992412874,0.999968628195836,0.7162734068011253,0.1661884543768968,0.004026956607851146,True,0,9391,0,0,9837,9841,0,nan,6.6121131451664175,-3.2658238393918957,-0.7482686650673642,0.65307586761746,2.3721154277928598,1.9121834672426736,-1.5504838696498844,1.0023606989012492,-1.0998649148052948,1.525035942581506,-1.4817542276620717,10.115236877148703,10.887532485004407,False,False,1089,6.382337363699186,3.191168681849593,False,64,0.5
3.5,9683.455296497574,2.6571217788649193,17539.390482276853,16.00908118503877,15.732132722552274,19.241881404893856,20.89258241577618,5.9020877909814216,1.035877360475077,10.701049976290232,342.4335992412874,0.9999740649356414,0.7173112580396407,0.17246034034637353,0.004277236999895852,True,0,9493,0,0,9786,9815,0,nan,6.705816766702974,-3.28236764183119,-0.7241682666033924,0.7740060623845864,2.442272182744876,1.909360704538063,-1.5196814807718635,1.0916222295703897,-1.040031911153527,1.5174823237668615,-1.5095241850343424,9.63489250110892,10.235191636501735,False,False,1788,7.529387263643502,3.764693631821751,False,64,0.5
3.6,9908.74892671251,2.729939570580116,17549.496786132215,16.009739099330687,15.75595125658873,19.241881404893856,20.89258241577618,6.69849501952473,1.0638727381086786,10.701049976290232,342.4335992412874,0.9999795198411701,0.7158583325833017,0.17819088221403198,0.004522588440018433,True,0,9447,0,0,9827,9833,0,nan,6.757162507620652,-3.311809493947198,-0.6891944917108823,0.817076967278151,2.4811384219252375,1.9306063548468018,-1.4715127999713395,1.0466031711095374,-1.1572429618482696,1.5345567586454636,-1.542629371519672,9.703079244415852,10.138303825678335,False,False,1695,7.396513105285412,3.698256552642706,False,64,0.5
3.7,10137.764986558032,3.019241539693783,17650.527713189123,16.01120459781514,15.763882770434446,19.235384061671343,20.89258241577618,5.848487388815531,1.091776441529611,10.701049976290232,342.4335992412874,0.9999780418863927,0.7182940290089455,0.18458152753000168,0.004793442804022771,True,0,9410,0,0,9859,9803,0,nan,6.783374277567588,-3.3702126491896394,-0.5411678327351446,0.8063870571728486,2.5995099804860757,1.8428822422115338,-1.3599193741636775,1.1201165735655723,-1.2264523162618484,1.4906714540721877,-1.5768391191215103,11.145422436237004,10.25989930717956,False,False,973,6.147163205242356,3.073581602621178,False,64,0.5
3.8000000000000003,10362.350334219238,2.8331046079507485,17703.133429294736,16.013300726638754,15.763882770434446,19.235384061671343,20.904544960366874,5.9344255326669995,1.1196277179811946,10.701049976290232,342.4335992412874,0.9999721430209193,0.7179175986007095,0.19052243148002476,0.005061628433807693,True,0,9448,0,0,9834,9757,0,nan,6.84975288139367,-3.4113723672547227,-0.43740497515706345,0.8467229812742936,2.6421565262356275,1.9049565202669605,-1.341254417282034,1.2288348363132795,-1.0969338489897766,1.523429863521344,-1.6116355140282326,11.332160159806044,10.914762494432525,False,False,1680,7.374629802528655,3.6873149012643274,False,64,0.5
3.9,10589.156022640043,3.0464348988643635,17762.47544341069,16.009098335506227,15.75595125658873,19.235384061671343,20.898564544006366,6.003911967253302,1.1475466345685117,10.701049976290232,342.4335992412874,0.9999720131458436,0.7182395644411624,0.19636390637189008,0.0053356961133926425,True,0,9398,0,0,9776,9811,0,nan,6.8882847957680315,-3.449224376234751,-0.36266828160132825,0.8575113833483954,2.6779544107155147,1.914723442845112,-1.3149605897225047,1.143789530716632,-1.194158727524846,1.7204652913189669,-1.5672015789651144,11.15873771424961,10.505129851837252,False,False,1133,6.467162399906224,3.233581199953112,False,64,0.5
4.0,10793.987583840357,3.14723798267128,17836.81479360809,16.014307542227062,15.763882770434446,19.241881404893856,20.910523666326483,5.492323324691368,1.174566001663006,10.701049976290232,342.4335992412874,0.9999738032178996,0.720652271119284,0.20306336083182608,0.00564272447217721,True,0,9286,0,0,9736,9783,0,nan,6.947541843939323,-3.5226913677405474,-0.2738132504590336,0.7704466107568564,2.74656799211078,1.9435238887400814,-1.2415525849021805,1.0863775017548045,-1.0584319524940717,1.7734846121006913,-1.6227233708619289,10.88985299740486,10.889589214902127,False,False,941,6.079021387954432,3.039510693977216,False,64,0.5
4.1,11016.869277947608,2.937086167777391,17934.400657823295,16.017587963347044,15.763882770434446,19.241881404893856,20.904544960366874,6.288944173292244,1.2016213119193182,10.701049976290232,342.4335992412874,0.9999762028430466,0.7212614492364354,0.20922729721667,0.0059449730099803595,True,0,9445,0,0,9742,9805,0,nan,6.855126773751319,-3.437527874605319,-0.17830825846690068,0.8598844642065835,2.707545430315349,2.021099979262466,-1.2361691050424817,1.0060609773118934,-1.3281214530593861,1.5839704933596312,-1.5917914956594506,10.221842962191273,11.675999964970563,False,False,1698,7.400874257890996,3.700437128945498,False,64,0.5
4.2,11236.934366731439,3.0892837055489974,17995.331301119444,16.016660525012767,15.763882770434446,19.248376554920156,20.904544960366874,5.9354278113488785,1.2287609109482096,10.701049976290232,342.4335992412874,0.9999759297955164,0.7198379315290914,0.21497612188566595,0.00624454049570385,True,0,9441,0,0,9762,9623,0,nan,6.843904438933717,-3.490723581121639,-0.10510013740142377,0.8231194531085215,2.693861451113971,2.036342456317435,-1.1779201682159925,1.277346415531723,-1.151369351796288,1.6143256976652696,-1.6189251311628623,10.531781532896225,10.542678879600853,False,False,1286,6.746069116672481,3.3730345583362404,False,64,0.5
4.3,11451.551985542175,3.397516925069882,18000.64209575361,16.018066064402827,15.763882770434446,19.248376554920156,20.910523666326483,6.393859383373881,1.2558946758798253,10.701049976290232,342.4335992412874,0.9999798152091289,0.7175191466857881,0.22013832859046406,0.006536021703905411,True,0,9188,0,0,9693,9649,0,nan,6.848052533317121,-3.462722589530687,-0.04991470813272336,0.7787355319484774,2.754174445803624,2.0237290386558584,-1.2077227139069713,1.0690565008196211,-1.1114464517982028,1.653533022388018,-1.6132411285922372,10.692206945102273,11.14903580027165,False,False,796,5.749209741947898,2.874604870973949,False,64,0.5
4.4,11660.305870626105,2.8774195232002735,18098.178246068972,16.01706681974511,15.75595125658873,19.254869513969705,20.910523666326483,6.251538528475062,1.2824137060233223,10.701049976290232,342.4335992412874,0.9999835392369398,0.7200172998769142,0.2265160799428518,0.006873182140585347,True,0,9413,0,0,9652,9660,0,nan,6.825638615305126,-3.4436023970421363,-0.06716147464478794,0.7035446209640632,2.7485531985760296,2.0081640225498525,-1.2812918123706645,1.2813517198931161,-1.1737709746630194,1.571102989967446,-1.6538895438139853,10.204142730099832,11.215112708432674,False,False,2492,8.410461159999958,4.205230579999979,False,64,0.5
4.5,11869.802944998231,3.11562121812781,18112.525491206972,16.015923671834717,15.763882770434446,19.248376554920156,20.910523666326483,7.378249361597433,1.3089181597293127,10.701049976290232,342.4335992412874,0.9999847771902535,0.718463272741893,0.2317055972552071,0.0071839035851524345,True,0,9343,0,0,9748,9600,0,nan,6.903391082235425,-3.4848405157789983,-0.08297042256802634,0.6805648432971765,2.792884853140901,1.9965380770679495,-1.2999949327885716,1.224743145644324,-1.2117145758767718,1.6225031398276506,-1.6377287522655033,10.58011233160044,11.488670276795176,False,False,1721,7.4341403113467885,3.7170701556733943,False,64,0.5
4.6000000000000005,12070.619454648144,2.986254564023184,18174.970776999275,16.01499238247006,15.75595125658873,19.241881404893856,20.910523666326483,6.36452355831303,1.3351158550364954,10.701049976290232,342.4335992412874,0.9999875717649221,0.7194376319320628,0.23770264109106082,0.007529450800826641,True,0,9423,0,0,9548,9745,0,nan,6.952598455741899,-3.4476583129690344,-0.14457005089074926,0.747362606664371,2.813095501901657,1.9519388928388004,-1.4312234497558816,1.2302032883887237,-1.1034574431890078,1.5345355740545241,-1.5689535532905392,10.300194925309953,11.57913764844881,False,False,2339,8.234689045118042,4.117344522559021,False,64,0.5
4.7,12276.19312378837,3.1180041148916753,18193.691706589616,16.01823822486549,15.763882770434446,19.248376554920156,20.910523666326483,6.174508011931991,1.3608168160925216,10.701049976290232,342.4335992412874,0.9999934604518612,0.7185419645499951,0.2428050143916025,0.007856222416736234,True,0,9379,0,0,9617,9648,0,nan,6.920238293873904,-3.3938086891934898,-0.191061597473972,0.7849884525847806,2.765713126330006,1.914904513465622,-1.5633930725645957,1.0348005599872399,-1.118465908409451,1.570044473823035,-1.5861721452434696,10.625968805261722,11.441036546918731,False,False,1975,7.783223414486913,3.8916117072434564,False,64,0.5
4.8,12478.566908952012,3.077282056519954,18313.99833854011,16.019897989858713,15.763882770434446,19.248376554920156,20.910523666326483,6.324750467449004,1.3866378654761986,10.701049976290232,342.4335992412874,0.9999912601855232,0.7203349094146857,0.2492853427497372,0.00823755723421849,True,0,9325,0,0,9444,9597,0,nan,7.073884317177234,-3.4545566989221523,-0.1860033441879736,0.8442604500413431,2.8464088153182274,1.888157258706208,-1.6124712639561665,1.4243024000654196,-1.160523254560903,1.6803800629399626,-1.6642234313269082,11.688314304988404,11.447122866187232,False,False,2212,8.08286833462254,4.04143416731127,False,64,0.5
4.9,12675.923662544694,3.052176558140487,18378.90276681773,16.01977519521368,15.763882770434446,19.248376554920156,20.910523666326483,6.270263593775819,1.412101496245497,10.701049976290232,342.4335992412874,0.9999870175723385,0.7215848724585737,0.2550991368930076,0.008607668375429811,True,0,9412,0,0,9597,9625,0,nan,7.157544193512932,-3.428716351211495,-0.22492497910781672,0.9497441245573626,2.8792895499901725,1.880795105063001,-1.6970356848743293,1.2097808031650388,-1.0813567225997471,1.6656591257261821,-1.6975109120573568,11.932465971879974,11.213168003494943,False,False,2488,8.405958770938245,4.202979385469122,False,64,0.5
5.0,12875.337001778957,3.3123271322057697,18389.268517299963,16.02059805732283,15.75595125658873,19.248376554920156,20.904544960366874,6.2175250301424825,1.4374250492273444,10.701049976290232,342.4335992412874,0.9999859291347897,0.7181275470018583,0.2599111948632853,0.008954364303869061,True,0,9289,0,0,9588,9609,0,nan,6.9863610818602595,-3.3288643405100853,-0.2281146709484645,1.0454149550420837,2.772751520859579,1.790072930072423,-1.6943740611960898,1.2351804623817362,-1.255390335643537,1.606407059988256,-1.636601434900089,11.922275135016124,11.841762578261028,False,False,1610,7.270747939820962,3.635373969910481,False,64,0.5
5.1000000000000005,13078.087192768864,3.349231814562599,18410.961034198448,16.01771022723517,15.748015748023622,19.248376554920156,20.904544960366874,6.915311287397105,1.4627955156281098,10.701049976290232,342.4335992412874,0.9999923449772745,0.7168612731676529,0.2646183184338571,0.009306369434964693,True,0,9381,0,0,9544,9506,0,nan,6.877631907539189,-3.2278022467972924,-0.217140292480698,1.102928040992392,2.7489915356589485,1.7130186528506144,-1.6996142304731219,1.1171252681769002,-1.1307045382435579,1.6860638843599434,-1.6575055187321728,12.257258523615684,11.606290670203501,False,False,1675,7.367306431472797,3.6836532157363986,False,64,0.5
5.2,13280.890492959445,3.0908837076211384,18518.6128913744,16.01893866097908,15.75595125658873,19.248376554920156,20.904544960366874,5.928505455141921,1.4882925519046295,10.701049976290232,342.4335992412874,0.9999923534933771,0.7177386366691015,0.2704653119677606,0.009707898384961606,True,0,9298,0,0,9538,9394,0,nan,6.915879780348299,-3.2958151386701022,-0.19471857972146545,1.0536075853545306,2.781091097410048,1.6856328348478407,-1.6602240770460366,1.0201821761539347,-1.0383607559391232,1.7180677950409262,-1.6714540123884225,11.991991178320411,11.710260508105584,False,False,2868,8.813806517662641,4.406903258831321,False,64,0.5
5.3,13468.55804055755,3.291224627307516,18539.72658521687,16.015514586620984,15.75595125658873,19.241881404893856,20.904544960366874,6.1568917185877865,1.5133673263944374,10.701049976290232,342.4335992412874,0.9999913839470028,0.717345734759548,0.275538541748956,0.010092139196381593,True,0,9134,0,0,9496,9422,0,nan,6.9220204139995545,-3.318439461120793,-0.13660682783518574,0.9801645514039272,2.8178845252212277,1.6942341411195123,-1.6481268884609825,1.3516344872430963,-1.318085269566438,1.620042663344007,-1.715976509571089,10.810323914842535,12.541067814117023,False,False,2083,7.922584626513293,3.9612923132566467,False,64,0.5
5.4,13652.180188145943,3.368186454437666,18573.982701633435,16.015152111017734,15.763882770434446,19.241881404893856,20.904544960366874,6.0701353917053,1.5376822640126178,10.701049976290232,342.4335992412874,0.9999893021368097,0.7168621748106939,0.2808201606746396,0.010494448712403195,True,0,9089,0,0,9469,9431,0,nan,6.988694018402293,-3.4228551237212272,-0.14963374474948665,0.9415617610339524,2.8167559761715033,1.7658491959774523,-1.5564419436733683,1.2968550491413025,-1.1424810525965847,1.6709270147064963,-1.8323563695216698,11.899038744497254,12.677213896271981,False,False,1923,7.714306529412778,3.857153264706389,False,64,0.5
5.5,13840.35132243772,3.368996622895675,18656.460236512656,16.01539733289308,15.763882770434446,19.241881404893856,20.904544960366874,6.569074360395599,1.5618135037788683,10.701049976290232,342.4335992412874,0.9999924853481322,0.7166775854435065,0.28648617865986714,0.010922738950350076,True,0,9105,0,0,9295,9387,0,nan,7.064668339336024,-3.4564850630480795,-0.1532548350451055,0.9048842807278668,2.859550710801958,1.8207467504774506,-1.569089969060883,1.4892440870166204,-1.1143633538307751,1.7450175248559527,-1.628894252221802,11.812294041132049,13.817026121327988,False,False,2050,7.880523780576524,3.940261890288262,False,64,0.5
5.6000000000000005,14031.223411065374,3.6252392661819823,18644.677890316874,16.015788608665616,15.763882770434446,19.241881404893856,20.89258241577618,6.7204769665626705,1.5861193447712791,10.701049976290232,342.4335992412874,0.999992731806837,0.7132621143065643,0.2904706521710239,0.011296721575798647,True,0,9111,0,0,9410,9382,0,nan,7.205762461919288,-3.516514911046846,-0.14374874313730324,0.9438365630066485,2.8768781263824295,1.8997837131262187,-1.677520571523777,1.3384361908813731,-1.3301577295638762,1.7276814099718705,-1.7361230260406069,12.195514195957763,12.828619168167354,False,False,1330,6.822146017206677,3.4110730086033385,False,64,0.5
5.7,14224.279670260843,3.178582315262685,18708.02963530057,16.01909283066702,15.771810295587505,19.241881404893856,20.89258241577618,7.28079612182684,1.6102394864229428,10.701049976290232,342.4335992412874,0.99999496672911,0.7129677750424284,0.2953920515395703,0.011716815172877601,True,0,9102,0,0,9331,9249,0,nan,7.202973225547816,-3.4447563855378505,-0.1423803056100077,0.8803420088271032,2.9326320290563714,1.9611258961295874,-1.7248455000868272,1.3555712307500665,-1.0590069701538118,1.6558724992602258,-1.7485705331295158,12.294374659667524,12.369760779734008,False,False,3335,9.268349658387036,4.634174829193518,False,64,0.5
5.8,14408.642517404878,3.3987742439508906,18678.086511051915,16.017695909823512,15.771810295587505,19.241881404893856,20.89258241577618,6.225454860135858,1.634472986530895,10.701049976290232,342.4335992412874,0.9999950014621465,0.7094711224949607,0.2990740656047274,0.012096874389477326,True,0,9074,0,0,9257,9234,0,nan,7.392848063036048,-3.5141160733158934,-0.15875064119103222,0.8899458618820226,3.0500355719122503,2.072737538379535,-1.6764867138973099,1.2208488369545207,-1.355617813664061,1.6570938770876609,-1.8407562800117407,12.927150302659978,12.636043391369169,False,False,2390,8.29410948470698,4.14705474235349,False,64,0.5
5.9,14591.6269842488,3.7676665141965793,18770.274373883516,16.018954774315176,15.771810295587505,19.241881404893856,20.89258241577618,6.787023220298875,1.6581712509973947,10.701049976290232,342.4335992412874,0.9999926746006041,0.711834556946803,0.3046461297929905,0.012563106611604457,True,0,8893,0,0,9362,9250,0,nan,7.481599050468888,-3.5699074778735476,-0.08578162705260794,0.8189485753851784,3.13219001226145,2.000710870599921,-1.7700208415726273,1.3860447515982086,-1.0695188925575314,1.6955334187780682,-1.6657244347587357,13.621830516899617,11.738858088671376,False,False,1229,6.644889416533992,3.322444708266996,False,64,0.5
6.0,14763.110638561157,3.4323568519963987,18822.33985692878,16.01954065663341,15.771810295587505,19.241881404893856,20.89258241577618,6.286700448970358,1.6816593251466574,10.701049976290232,342.4335992412874,0.9999927599654879,0.7126602855688068,0.3099492319092553,0.013029307316815496,True,0,8927,0,0,9252,9290,0,nan,7.481513340688315,-3.583845125339936,0.03420109497483992,0.780738660632398,3.1648984260391977,1.9559596337474723,-1.814323277601499,1.3846697975565183,-1.1449194979516446,1.7045587531179964,-1.6869134835610997,13.008764224872454,11.555884473243099,False,False,2485,8.402578811277147,4.2012894056385734,False,64,0.5
6.1000000000000005,14936.052670450206,3.4071376222196084,18827.604930459078,16.02150914304646,15.7797338380595,19.248376554920156,20.904544960366874,6.297278554076719,1.7043677460845696,10.701049976290232,342.4335992412874,0.9999956982250296,0.7095871783803559,0.3142482108368501,0.013464866464476224,True,0,9000,0,0,9137,9202,0,nan,7.47824134641431,-3.631069886668456,-0.04519744557227945,0.6737429737846661,3.1536423602170522,2.0114088739793132,-1.7057829892093874,1.3347669347671625,-1.277503159460875,1.7452910446544392,-1.7951030676394373,12.476185496106435,12.559049782477858,False,False,2768,8.710153836923123,4.355076918461561,False,64,0.5
6.2,15114.383318430278,3.423217723824327,18842.13571464821,16.021178660010403,15.7797338380595,19.248376554920156,20.910523666326483,6.926847033775985,1.7272727775325762,10.701049976290232,342.4335992412874,0.9999963795919895,0.7079897423590652,0.31835467627869407,0.013901556119887663,True,0,8853,0,0,9196,9140,0,nan,7.489405431385606,-3.6024270127673645,-0.1156336228466035,0.6258611936678555,3.171334563334973,2.0757219901306208,-1.6990707200149942,1.3377468145251894,-1.4614001262684886,1.732105628163429,-1.7506377574110807,12.64661961629313,14.707076090760683,False,False,2898,8.844431525778047,4.4222157628890235,False,64,0.5
6.3,15289.310894672666,3.64808863407034,18932.668992113973,16.018885473731856,15.75595125658873,19.254869513969705,20.910523666326483,6.158352181194478,1.7500564908841953,10.701049976290232,342.4335992412874,0.9999954070017015,0.7089017627065922,0.32377705422037345,0.014406129460063784,True,0,8801,0,0,9190,9170,0,nan,7.760499893743696,-3.64133533462833,-0.33877601801557766,0.7134769530113196,3.2803532450806863,2.104598376750136,-1.8055521006768238,1.3387534092361946,-1.1470844171590926,1.9097522273935055,-1.7183894811599862,11.535551445603252,12.673039729315086,False,False,2025,7.848358019407942,3.924179009703971,False,64,0.5
6.4,15465.92299183624,3.960928191995508,18872.964146636004,16.01551011378454,15.748015748023622,19.248376554920156,20.91650066335189,5.9074012970704155,1.7728664881485807,10.701049976290232,342.4335992412874,0.9999953065979633,0.7053633565889248,0.32642813424320455,0.0147969497771035,True,0,8797,0,0,9134,9116,0,nan,7.757933728521124,-3.650601227795489,-0.36943857264620483,0.7424635196137075,3.2597501919680063,2.0690399385980136,-1.8043779638120867,1.2262070506065499,-1.107046755574451,1.7761653356167426,-1.6926500117611019,13.136480111985955,12.70010853743233,False,False,1246,6.6753874464608085,3.3376937232304043,False,64,0.5
6.5,15634.643643943999,3.6637449197997234,18947.292280472586,16.012360898658695,15.748015748023622,19.248376554920156,20.91650066335189,6.717211634980696,1.7954538930628394,10.701049976290232,342.4335992412874,0.9999925475840687,0.7061008082994529,0.33161274195642254,0.01531203800053158,True,0,8724,0,0,9196,9018,0,nan,7.928505797078582,-3.754273229058274,-0.5152858663715438,0.7776088662487872,3.3148269802995074,1.9551114130544818,-1.82741775284188,1.3115419398935158,-1.1774784518161356,1.7151123353625157,-1.7877383414008539,14.989281059878703,12.846506413864436,False,False,2186,8.051074575367636,4.025537287683818,False,64,0.5
6.6000000000000005,15803.650015078256,3.6303400822686602,19020.902958828647,16.010834435789633,15.75595125658873,19.254869513969705,20.91650066335189,6.218982264026596,1.8175207646810758,10.701049976290232,342.4335992412874,0.999992116866536,0.7057761335263829,0.3366246372248919,0.01583200646743884,True,0,8753,0,0,9152,9053,0,nan,8.141633530755195,-3.9071805922628347,-0.566304603134121,0.6615721567512836,3.3470635974130616,2.13972566131142,-1.8562717608845176,1.5403283601735658,-1.1420443549535395,1.874055965778939,-1.7631869952764196,13.426420914421891,13.252567870496737,False,False,2431,8.341268796493948,4.170634398246974,False,64,0.5
6.7,15971.953296178497,3.8543840310567243,19005.785381565325,16.007419030304597,15.748015748023622,19.248376554920156,20.91650066335189,7.010589148360569,1.8395718660256306,10.701049976290232,342.4335992412874,0.99999183142631,0.7026592265988458,0.33997112780875655,0.01628398355781673,True,0,8671,0,0,9145,9122,0,nan,8.155970025459089,-3.952265553631868,-0.5923299082295781,0.5853461536877518,3.330681503588245,2.1531854378422253,-1.8520037806467204,1.2060349938274177,-1.280032608496966,1.8978273976251137,-1.7145443172528831,11.550726678950708,13.47540599716071,False,False,1733,7.451378959299684,3.725689479649842,False,64,0.5
6.8,16137.536513799398,4.350518059655384,19083.929433758076,16.004457363073143,15.732132722552274,19.254869513969705,20.93442141545832,7.343241751009863,1.861453871757095,10.701049976290232,342.4335992412874,0.9999892298886003,0.7036398366729453,0.3449866280685311,0.01682604232760767,True,0,8481,0,0,9107,9033,0,nan,7.987015798442113,-3.8936794930063705,-0.5646405752714276,0.4894939876548783,3.2695646020925295,2.1847809417554416,-1.7288469961220319,1.267666957739032,-1.4827801908215905,1.9904923975834803,-1.8019278874240428,11.653041997994919,15.238962746316286,False,False,756,5.651248378088314,2.825624189044157,False,64,0.5
6.9,16301.729737201375,4.441774413754385,19053.97258897907,16.00009805666253,15.732132722552274,19.241881404893856,20.910523666326483,6.9566550392342235,1.8831634263187276,10.701049976290232,342.4335992412874,0.9999862731054509,0.699890710558858,0.34797952084396294,0.01727968697626999,True,0,8306,0,0,8978,9062,0,nan,7.794321527620873,-3.839020534938463,-0.519632147114331,0.4473284969957909,3.1382923809635024,2.207104223023997,-1.7052191371546463,1.268432010476454,-1.3537483469450258,1.6875540238367532,-1.8475798180289478,12.948667922713636,13.78855520163063,False,False,731,5.588255521359827,2.7941277606799133,False,64,0.5
7.0,16459.45683050126,3.609022471879048,19063.460823105404,15.996131681063003,15.724185193516387,19.241881404893856,20.910523666326483,7.029493641591751,1.9045370874554965,10.701049976290232,342.4335992412874,0.9999910802582269,0.6996125859018686,0.3518540416528773,0.01778544065885748,True,0,8575,0,0,9057,9060,0,nan,7.87116368818419,-3.8726093876490637,-0.421016288860093,0.442427169277245,3.277942561524309,2.1736559705375313,-1.580565785400216,1.584049637928263,-1.467787989254135,1.8327826452244178,-1.7938620890507277,16.343747851457337,17.697652818757938,False,False,3198,9.139658105484052,4.569829052742026,False,64,0.5
7.1000000000000005,16620.596552515406,3.8836532486928683,19130.08482695588,15.990178553799263,15.724185193516387,19.222382786741086,20.910523666326483,7.1141134202507335,1.9255930342073544,10.701049976290232,342.4335992412874,0.9999890427018425,0.7002191913868083,0.3565227305170084,0.018342128190791836,True,0,8487,0,0,9002,9012,0,nan,7.9290852640730884,-3.7262677246397296,-0.5101946512799298,0.45276742745239673,3.4073596536106763,2.281947263074109,-1.593130195432142,1.4870467086105177,-1.2603652428324952,1.8227711786480005,-1.866038988500649,15.248346249080774,13.517547599593723,False,False,2099,7.942817971206946,3.971408985603473,False,64,0.5
7.2,16780.047808339725,3.7134524608000437,19171.75345370845,15.985922729089422,15.724185193516387,19.222382786741086,20.89258241577618,6.584933800466061,1.9469191993280264,10.701049976290232,342.4335992412874,0.9999892817067404,0.699668047642655,0.3606969170732018,0.018884678210077555,True,0,8650,0,0,9023,9148,0,nan,7.870936939076417,-3.506487094866186,-0.557514790445234,0.43720709605902996,3.6167111985478115,2.2790732313310222,-1.3419676469993966,1.1722636506513977,-1.4456043669683165,1.7472385709112186,-1.7990807020943245,10.489524224307688,15.500095926689074,False,False,2900,8.846465663735184,4.423232831867592,False,64,0.5
7.3,16949.94272050603,3.781887909498717,19182.6884288427,15.97842137652846,15.724185193516387,19.209372712298546,20.868636754709208,6.798546549037161,1.9680712169695684,10.701049976290232,342.4335992412874,0.9999874575720921,0.6977804316265114,0.3637494185511605,0.019377270437310475,True,0,8523,0,0,8987,8985,0,nan,7.867882345818913,-3.5222353881432333,-0.49429042631276765,0.35338172148568603,3.6997069137415153,2.2402226409896713,-1.1531242627867773,1.5435339588977004,-1.5838680391508069,1.7769790068750524,-1.875567463780393,16.20743259314269,17.354003820003808,False,False,2697,8.635035202211103,4.317517601105552,False,64,0.5
7.4,17099.335232376394,3.9655370842084565,19208.570374617946,15.974059614507654,15.724185193516387,19.20286436967152,20.862646045025066,6.332437719510594,1.9888336979796635,10.701049976290232,342.4335992412874,0.9999900790186721,0.6980887423627559,0.36784311128770625,0.01993534130307967,True,0,8472,0,0,9049,9012,0,nan,7.869440826061936,-3.5762541067382845,-0.5779701453879547,0.3139448302871699,3.641154375812121,2.2166530143733105,-1.1098511894522396,1.283107726367061,-1.3410584821344662,1.8687811398329395,-1.8708792951331488,14.894514240717125,12.211429110789647,False,False,2151,8.007874662241457,4.003937331120729,False,64,0.5
7.5,17253.75830301727,4.064788797811751,19239.296997878162,15.968794542256903,15.724185193516387,19.20286436967152,20.844663585675832,6.676854323876724,2.009342545497459,10.701049976290232,342.4335992412874,0.9999913182700378,0.6969749523101257,0.37172051976500586,0.02049173217275073,True,0,8418,0,0,8960,9054,0,nan,7.845725810263915,-3.5412447189810763,-0.5577068577482951,0.3320625104553123,3.653995000901098,2.1874464258260744,-1.1672947895076167,1.2210653129642668,-1.0112846892384009,1.8288544696358309,-1.991579007556385,11.439271203429854,10.92047405712216,False,False,1844,7.607187179561309,3.8035935897806543,False,64,0.5
7.6000000000000005,17418.606641207047,3.8711778319931502,19338.814407162452,15.965585971064643,15.708278072405008,19.209372712298546,20.820662813657012,6.450409577598459,2.029989007718634,10.701049976290232,342.4335992412874,0.9999927396214585,0.698285210921639,0.3763714105914365,0.021102196759487168,True,0,8550,0,0,9005,8991,0,nan,7.790643730458909,-3.548725613034092,-0.5092356689041928,0.23804131740115153,3.6320167649322315,2.178820241133881,-1.1423296692276708,1.3222097918417655,-1.4417496890165755,1.8956140322159618,-1.9256299549957736,12.761987959125781,14.283792696624648,False,False,2631,8.564014874415735,4.282007437207867,False,64,0.5
7.7,17577.148948894337,4.598659080777126,19398.719617184655,15.964196235516972,15.700318468107582,19.20286436967152,20.83266665599966,7.5366410148630525,2.050947195708207,10.701049976290232,342.4335992412874,0.9999901049473618,0.6979280147692012,0.38046548328628355,0.021691886716907048,True,0,8277,0,0,9118,9131,0,nan,7.884100884608244,-3.6533586463092096,-0.5534791977255384,0.36705724622877867,3.6454681071290125,2.0830451791149116,-1.023954612923049,1.2960767251477987,-1.4260520449706269,1.8216045739857483,-1.8043802190060707,15.660617130029417,14.701628208935924,False,False,780,5.710428057398256,2.855214028699128,False,64,0.5
7.8,17723.348412841027,3.9221865174550574,19440.86448553308,15.964011569150149,15.700318468107582,19.20286436967152,20.844663585675832,6.368768260801398,2.0712952638986897,10.701049976290232,342.4335992412874,0.9999900135600788,0.6987628291297497,0.3846571417695129,0.02229792807425859,True,0,8311,0,0,9095,9076,0,nan,7.84650465368531,-3.5528926567046426,-0.586900928317176,0.4484981337715581,3.686541504942806,2.007194641583709,-1.109993596619633,1.066941985547585,-1.2344548378504256,1.9610170292741653,-1.8584366231484792,11.941592160920298,11.942007225590611,False,False,2628,8.560758594681898,4.280379297340949,False,64,0.5
7.9,17879.727147977934,3.7628917614070114,19487.12386919638,15.962971722758514,15.692354826475215,19.20286436967152,20.862646045025066,6.699404483124211,2.0913602544838197,10.701049976290232,342.4335992412874,0.9999901675398739,0.6986665125047344,0.38839518345383545,0.022888244965342298,True,0,8545,0,0,9024,9110,0,nan,7.890850890487127,-3.5859645019681796,-0.5622880982749265,0.6148630591587718,3.64864442487789,2.0301817307448715,-1.175405534411114,1.3012031049557327,-1.5275608768899316,1.9188678194929265,-1.7437788593555454,13.416774527027718,12.079276692485733,False,False,3480,9.40077254454793,4.700386272273965,False,64,0.5
8.0,18029.07919289585,3.88890236087796,19568.776302422484,15.960909245505144,15.668439615992398,19.20286436967152,20.862646045025066,6.593055431584062,2.111551427473983,10.701049976290232,342.4335992412874,0.99999208817179,0.6997262129001567,0.3930606693861076,0.02354424705184598,True,0,8358,0,0,9072,9070,0,nan,7.845125549441838,-3.543930117827504,-0.4993469250674867,0.6101769137330635,3.639095145824882,2.032808517553292,-1.2708684771713248,1.2027601265226988,-1.2454328969329662,1.8284574972551808,-1.817290314056185,13.083761687333652,13.023098991340172,False,False,2830,8.774706698421781,4.3873533492108905,False,64,0.5
