t,R_rms,norm,peak_density,participation,Vmem_mean,Vmem_peak,memory_density_overlap
0.0,3.91918358823039,1.0,0.005480564029736221,516.0832186943647,0.0,0.0,0.0
0.1,4.032668681552587,1.0054470833475553,0.0058784636317069025,489.32440743837225,5.958934452063376e-05,0.011098871748078427,0.999909277240905
0.2,4.142575983589116,1.0104599522383237,0.006234670656123176,462.77097786600547,8.271665478207741e-05,0.016112680892932166,0.9997574784117238
0.3,4.252850337014421,1.0153485109168259,0.006570630224519931,437.4047806249281,9.23774167570866e-05,0.018804811905641552,0.9996360416328331
0.4,4.360213276158202,1.0200576634981533,0.007164747956802585,413.0991112200656,9.70521763182209e-05,0.020852298355250005,0.9995235317920125
0.5,4.465814942852598,1.02484052721012,0.007756543088637529,389.3797050983926,9.98291197776289e-05,0.022963875168075992,0.9994360450316291
0.6,4.569105489874536,1.0299861674033313,0.008368532648258572,365.92523716202874,0.00010191244917000042,0.025085660005859517,0.9993319665233249
0.7000000000000001,4.667831677852179,1.0343725528426313,0.009027470567896267,344.0414404727828,0.00010368453008588977,0.02728465770774237,0.9992613333791166
0.8,4.768456341454171,1.0387682730538965,0.0096820809820219,322.94882032953205,0.00010528491775469622,0.029619189423978017,0.9991714920886421
0.9,4.86419346366379,1.0433185010591217,0.010318168508162235,302.6392344469659,0.0001068196623964086,0.03189025166564243,0.9990702477840091
1.0,4.960785957413263,1.0478401452899666,0.011020994430764633,282.74150255488456,0.00010829969669973745,0.0343416388034324,0.9989476439289479
1.1,5.0574669249510675,1.051465780441725,0.012098640567981628,263.98075952711173,0.00010969265625897276,0.03722958244375845,0.9988284781792686
1.2,5.151011628585903,1.0567793055999921,0.013182752524983422,245.79233891868145,0.00011105750631727271,0.04058238423873383,0.9986870135689982
1.3,5.24957350769558,1.0616029545299746,0.014667318208232317,228.8000249292466,0.00011242592598306611,0.04480813162086169,0.9985835891773689
1.4000000000000001,5.345131355625378,1.0660592102013686,0.015881319596583555,212.24990981574462,0.00011374867777509634,0.049170161648799234,0.998446013962291
1.5,5.437723790500707,1.0707614060308808,0.017055477361523578,196.73868342259672,0.0001150183175006694,0.05342942575444486,0.9982754616491794
1.6,5.530192803969956,1.0751193307037596,0.0186994419319613,181.93867884658013,0.00011627832370197783,0.058013215549120756,0.9981246900803205
1.7,5.620945771909043,1.0797700640446308,0.020845042170594165,167.97868462377,0.0001174733897095393,0.06389111850291787,0.9979832710334525
1.8,5.707000262153697,1.0843211706272196,0.023445403389772617,154.54888858169883,0.00011865877745438031,0.07106424494489053,0.9978005254765868
1.9000000000000001,5.797111798567292,1.089550953649373,0.02648759000696918,142.23478105671344,0.00011985093976750999,0.07990266998057857,0.9976628888091942
2.0,5.888105847023876,1.0939069925458327,0.0293330220901994,130.6125897636575,0.00012097618701978796,0.08930830818712071,0.9974971321393805
2.1,5.9731193167661365,1.098914518618026,0.031703565150939764,119.76175337680446,0.00012209698314610964,0.09824576390448729,0.9973832555172307
2.2,6.055777693876036,1.1026945276370819,0.034704533187196095,109.72054421635033,0.0001231690002236008,0.10747840613736336,0.9972943053317437
2.3000000000000003,6.139531071653641,1.1071685278864432,0.039128518737467984,100.26793466793583,0.0001242064530193564,0.11887233100308817,0.997135406205471
2.4,6.224034267604052,1.1117525433549387,0.04411555547527957,91.66984628145792,0.00012523561531913773,0.133137482362351,0.9970396996940509
2.5,6.308944452734866,1.1165906681274687,0.04889098716822568,83.77232358360489,0.00012624300347002825,0.14902188714922054,0.9969799214885405
2.6,6.3970008154601485,1.121578135282819,0.05330504728571479,76.54471370959246,0.000127252167450227,0.16446300528475988,0.9969051650683758
2.7,6.483737609290357,1.1262850039549015,0.05896389955375569,69.95744967744024,0.0001282549365136525,0.18106703201750404,0.9968630566878406
2.8000000000000003,6.561306921274548,1.1308870585467101,0.06591034517057703,63.969734252234346,0.00012921722593913255,0.200833404433216,0.9968670918536916
2.9,6.649383759958035,1.1356113102690326,0.07326098570353694,58.72750675676767,0.00013017005090514223,0.22350462032206173,0.9969001983616846
3.0,6.7320911916394985,1.1400008241160728,0.08102416573687736,54.009364356916066,0.00013109771146288984,0.24808668137968973,0.9969558649365848
3.1,6.8087827301964685,1.1446137252228832,0.08886917719800365,49.75944725368535,0.00013199335840333022,0.2739502181675147,0.9970169977038799
3.2,6.883459429103496,1.1479812492537251,0.09665755610860519,46.02903827892316,0.00013282850616713616,0.3003932686589794,0.9971555824328187
3.3000000000000003,6.964146618217823,1.1526817316848534,0.10417484543205173,42.93740593207755,0.00013367056884913927,0.32675154670100265,0.9973276710418854
3.4,7.040269322916344,1.1572170637801775,0.1120204312451582,40.24790170700533,0.00013452583301474337,0.3533119180962844,0.9974701632118362
3.5,7.117762600403598,1.1621913932093293,0.12013172548204894,37.99843740788855,0.00013538941101442692,0.3809989266504633,0.9976254760065435
3.6,7.194807364222184,1.166782563694927,0.12830956709689706,36.12517272699072,0.00013625269291869812,0.40942483782010225,0.9977725440826728
3.7,7.266945508140557,1.1707442850749374,0.13468831488025376,34.6964793195019,0.00013706331038224013,0.43661195341506726,0.9980271880209833
3.8000000000000003,7.341507547891087,1.1750074975486007,0.1409856331636833,33.61327107261782,0.0001378382744649868,0.46101771785926304,0.9981985921010533
3.9,7.415374830176824,1.1789625738635514,0.14610172822755318,32.96625839928047,0.0001386113038564232,0.4839332651266802,0.9984740812110593
4.0,7.488569389819741,1.1830239089925596,0.14957333735624692,32.68487274689653,0.00013935212317914581,0.5032803769467632,0.9987035266354649
4.1,7.564632229287381,1.187204161228207,0.14957477911501202,32.93187899275244,0.00014009447211201507,0.5158850944938609,0.9990417329005133
4.2,7.642624595471778,1.1918505387383955,0.14702433685502433,33.62447253662055,0.0001408457901018067,0.5200742340022432,0.9993079486339528
4.3,7.712557262379422,1.1974449401953533,0.14256294067908623,34.78321945462569,0.00014164019783767358,0.5168662237271924,0.9995377400249623
4.4,7.787220622914162,1.2021954897321818,0.13617838051425715,36.465773185568004,0.00014244809575746667,0.5068522642505808,0.9996916260466334
4.5,7.859302068820117,1.2058629607514906,0.1282931899104033,38.69202002252044,0.0001431835494795037,0.49099794098660327,0.9997862792809223
4.6000000000000005,7.9310287682373195,1.2095588259916077,0.11948076004448312,41.54603690095172,0.00014387505327360627,0.470264056947117,0.9997835675170418
4.7,8.002127735302885,1.2136625714293434,0.11040411410672236,44.998437480093045,0.0001445364604178603,0.44641310475813784,0.9997035321275556
4.8,8.070097620024487,1.2184046298703644,0.1013621793840251,49.168007137311776,0.0001452506973012206,0.42103905704556,0.9995494385895889
4.9,8.139477770951476,1.2226173499306536,0.09293860210418198,54.02404690294245,0.00014597110248281472,0.39537268518768454,0.9992811735552634
5.0,8.206198100694753,1.2266852758278055,0.08458185248282563,59.725938435539746,0.0001466421858633369,0.37023871107532363,0.9988814895346607
5.1000000000000005,8.2778254722116,1.2303365436554645,0.07487650185532688,66.41643150663042,0.00014730037546727275,0.3434328259843212,0.9983094619555465
5.2,8.341642916403103,1.2347074811121297,0.06591680774477138,73.93228024782697,0.00014794484830418724,0.3148887663431164,0.9976636273018172
5.3,8.406555639050458,1.2399548630214894,0.05871805159085243,82.54357366322402,0.00014863769697051079,0.2884324771565702,0.9969708977578198
5.4,8.464985365981411,1.2441045453838933,0.05304911663966777,92.20283005302716,0.00014933723692729954,0.26621617231987266,0.9962007290955083
5.5,8.53163659162482,1.247980281968094,0.04830712675169984,103.22101478552062,0.00014998857786651786,0.24701594658911694,0.9953871860043185
5.6000000000000005,8.593854831445066,1.2520532951491112,0.04403890610334972,115.71645743025888,0.0001506313837424436,0.23065477795158443,0.9942921953090531
5.7,8.655986997097928,1.255446106206538,0.03988805331205028,129.4677194220716,0.00015124421412106824,0.21540416826093448,0.9931947430221661
5.8,8.725838357443557,1.2602299047777716,0.03571289933766733,145.10829822168,0.0001518656769569111,0.20072653248488237,0.9918201096778713
5.9,8.790461317790559,1.2643996252936611,0.0315064603036089,162.38829787121733,0.0001525117933468384,0.18593480514961133,0.9902270494724735
6.0,8.856828191302641,1.2676761356967345,0.02695870147104365,181.37634291868218,0.00015311345762589548,0.17077664640461976,0.9886685453692616
6.1000000000000005,8.924204654804448,1.2715776282579954,0.023137660043789147,202.24390870804797,0.00015370736479424383,0.15566607973304974,0.9870301745707303
6.2,8.991615736954957,1.2749404468045287,0.021169165384352085,225.72778771008615,0.00015427950125839412,0.143356443773663,0.9854512113947557
6.3,9.055710312338325,1.2785521056789255,0.020330714455146802,251.0024296182558,0.00015483498443969002,0.13532084604025432,0.9837349433203939
6.4,9.116279287686545,1.2821242408793077,0.01912084780068907,277.76763053480204,0.00015539560826220478,0.12917234861667892,0.9819921580234616
6.5,9.173439943429834,1.2863513683813483,0.017194775531914893,307.6450103114881,0.00015596079265850902,0.12223056790586131,0.9805636521614595
6.6000000000000005,9.238348504135079,1.2906600571936253,0.015310310670125143,340.1436799277744,0.000156565871156807,0.11464150825201735,0.978808679870837
6.7,9.30266725081749,1.2946775134262243,0.013801290220385341,375.61085203558156,0.00015717069734734235,0.10734134600001789,0.9770611873301497
6.8,9.36331001905611,1.2990030702029862,0.012383873435864218,413.7398249595509,0.00015777822179333583,0.10064213468573578,0.9750160524043274
6.9,9.422179316026824,1.3033240214722521,0.011206382010039942,455.11148581078817,0.00015839186754384513,0.09434324466016873,0.9731590632817945
7.0,9.484892179196638,1.3074493176579614,0.010388265970531115,500.2635788979611,0.00015899237991642755,0.0886287227913939,0.9715037710334473
7.1000000000000005,9.548958806283846,1.3110509113302564,0.009626724685206051,548.9456556552844,0.00015956735032552694,0.08355880992995691,0.9696423492447215
7.2,9.607206609402521,1.314545645510321,0.009053181958477331,599.8114941815859,0.00016011572258561762,0.07972152049560519,0.9679794874024616
7.3,9.666225444733248,1.3180648371993442,0.008733890644842623,655.1154949690015,0.00016065072869540754,0.07661969485638472,0.9666229708119285
7.4,9.727809888552171,1.3214235394096034,0.008262668221383721,715.0661839259913,0.00016117832876764721,0.07363668147396626,0.9648885718326579
7.5,9.789053907385988,1.3248950662000805,0.00754603591161821,778.4203289137105,0.00016166300629817247,0.07030228059117402,0.9627323200279886
7.6000000000000005,9.84650739348644,1.328888083244313,0.006910699288760096,844.8049025131218,0.00016219565187361568,0.06648816752950071,0.961420646985316
7.7,9.909276911451165,1.3326369684175203,0.0063779843786722105,915.377943205409,0.00016273336310851833,0.06269864591179874,0.9596973319476011
7.8,9.965170645633904,1.3372047408575558,0.005921420446399558,990.2371902007269,0.000163303558288387,0.059738625345132024,0.9580107404816189
7.9,10.021367929775762,1.3403349337962451,0.00562672878817713,1070.59317575405,0.00016385609012344688,0.05730573712124326,0.9561110841157832
8.0,10.078613814543859,1.3448518585583664,0.005235779871177097,1153.514698363562,0.00016440921596802685,0.05460333816920359,0.9539429195689612
8.1,10.134449725129366,1.348505715003859,0.004884193875497292,1243.9358075055038,0.00016496602745081897,0.0516475857439372,0.95240208312578
8.2,10.198345195652278,1.3527837790180173,0.0043846899091550704,1339.847616054855,0.00016551578139881667,0.04901225728343233,0.9510942972211044
8.3,10.259340842539391,1.3571676316910628,0.004062317511226015,1441.9754557943895,0.00016609441232301795,0.04636223776057183,0.9494457596923229
8.4,10.319642374887103,1.3612370987658164,0.003844456277791667,1545.5811447116378,0.00016666797167742836,0.04360218365221855,0.9476305881907187
8.5,10.38291250878731,1.3644266528260223,0.0035877006383775987,1657.6978328594253,0.00016720934405976964,0.04111742808228672,0.9468966188639613
8.6,10.437732361080295,1.3681040328414142,0.0033231290668579824,1774.2947950756495,0.0001677303004501519,0.039321802145345676,0.9459703865556776
8.700000000000001,10.50041478955794,1.3723144499920066,0.0031876523250583045,1897.3038443595333,0.00016825383584457199,0.03824845865626728,0.9450337537337853
8.8,10.552902810059983,1.3759935113812207,0.003066218606194378,2021.535600269628,0.00016878965371164677,0.037270141433522905,0.9440160330796971
8.9,10.612882652017307,1.3796460570995153,0.0028878846504753622,2151.751209506297,0.0001693083079194175,0.03610117691747161,0.9427735696934897
9.0,10.671055734018964,1.3838125815874498,0.0027640033137737116,2293.694136077303,0.00016983641245997625,0.03453314986612182,0.9423487622993408
9.1,10.720478715028614,1.3882975779965097,0.0027151974561018064,2428.949206497936,0.00017039663119252935,0.03253659470291047,0.9409110859433605
9.200000000000001,10.77672831716828,1.391993113658885,0.00272442013820832,2575.2942583797058,0.0001709598567583995,0.03051525784968355,0.9401828903639325
9.3,10.828210897649981,1.3960421835080108,0.002575674234892818,2724.205681965565,0.00017151525595424284,0.028927298275387914,0.939665064315886
9.4,10.88371456672675,1.4004779403132892,0.0025974146243365366,2881.0745534327093,0.00017206853940838527,0.028082789732258334,0.9388866069211717
9.5,10.936199543586717,1.4043477869845191,0.0023112913967365425,3037.4366109584353,0.00017261280614716751,0.027796411429970354,0.938455659245456
9.6,10.989558746297401,1.40781520049485,0.0022447412737912216,3204.7240438903036,0.00017313172306796887,0.027470023500806635,0.938338376015648
9.700000000000001,11.043778525372156,1.4108868560901866,0.002300610799912118,3375.0561182487318,0.00017362332741336945,0.026960080789392445,0.9373045700444478
9.8,11.098135569624432,1.413872670675787,0.002199125050718734,3549.3134313092332,0.00017408231325954368,0.026354529000022518,0.9362093574426944
9.9,11.155439309909386,1.4175196277881077,0.001920211336540698,3737.4107483159255,0.00017455941070147505,0.025104158044841066,0.9356912690600059
10.0,11.20916516666596,1.4216062214495877,0.0019253066612347023,3926.603319807332,0.00017507300805574824,0.02330840842861877,0.9349774336050383
10.1,11.260838396221466,1.426134458584627,0.0017983551127022813,4108.394823314153,0.0001756142715498729,0.02164155078983894,0.9345092113176626
10.200000000000001,11.315054807944504,1.431234354944484,0.0020079268485158393,4302.579877944792,0.00017621388587237734,0.020379730472529837,0.9332711239799539
10.3,11.36852725215754,1.4344951930900598,0.0017203780086728732,4509.429061746611,0.00017676755172102546,0.01955963928596189,0.9332423268307263
10.4,11.424326364804621,1.4374970816395716,0.0017417170875818322,4710.60189692537,0.00017724817841216264,0.01920991010447623,0.9325057347514004
10.5,11.48212650191044,1.441076982259566,0.0016006278713059246,4919.843282864826,0.00017774571416551805,0.019222405115638743,0.9319543690017931
10.6,11.537038778688308,1.444068221343333,0.0015837516012012246,5128.854268198556,0.0001782079051041291,0.019124304003211013,0.9314588308655677
10.700000000000001,11.589424286233397,1.4468956831267519,0.0015791103103354582,5346.017194235733,0.000178674232083489,0.018578301509689754,0.9307628848227653
10.8,11.643341604915664,1.4505368708037816,0.0015118938103334506,5557.716657474509,0.00017913417571331348,0.017532834099357762,0.9303372243964134
10.9,11.699052684226759,1.4540321481508658,0.001718707079394754,5795.565360177077,0.00017958672837154932,0.016534473735745896,0.9299419938908681
11.0,11.751313871080223,1.457156898452367,0.0014782943422430586,6013.975141464076,0.0001800572190113397,0.01613770997170677,0.9286940662216797
11.1,11.804214897563343,1.4614476097991345,0.0015895697954060356,6217.529451964965,0.00018054421316915454,0.015979513229969777,0.9277110761051968
11.200000000000001,11.856089866548702,1.464920407364447,0.0012795838636099391,6466.493117052496,0.0001810617144115543,0.015572062168370523,0.9285299322119553
11.3,11.910752167732092,1.4678008066363668,0.0012722504016424501,6704.897605797462,0.00018152839790883156,0.014866248209621291,0.9270522936338206
11.4,11.959416635598844,1.4719126263020275,0.001466255003489111,6927.4208703272025,0.00018200626529328516,0.014058813886524002,0.9269833154092704
11.5,12.008242979066402,1.4754673503780034,0.0012294721714960874,7163.98242632626,0.00018251654457596367,0.013596019078506182,0.9262621677408979
11.6,12.0588491436094,1.4785899905433932,0.0011732150861052347,7370.60308324373,0.00018297874244930091,0.01341036245579339,0.9253756967470077
11.700000000000001,12.10945664828411,1.4825486146987603,0.001177534944008106,7580.848563702413,0.0001834610746214905,0.012938793263435678,0.9250940658730717
11.8,12.163703975789431,1.4857810516908825,0.00120486702347685,7809.251333504125,0.00018394152643638273,0.012365220568232388,0.9243203491138722
11.9,12.217534005192906,1.4890379773358347,0.0011063064327458663,8060.89100667336,0.00018439410757519322,0.012238924570386264,0.9241545304128668
12.0,12.272370827833353,1.4916615989981103,0.0011101644558906435,8306.607863865762,0.0001848325007327615,0.012261329442448617,0.9231778508412736
