snap,t,r,rho_shell
ic,0.0,0.28867513459481287,0.00035473065072567434
ic,0.0,0.8660254037844386,0.0003566802138240391
ic,0.0,1.4433756729740643,0.0003615797354095381
ic,0.0,2.02072594216369,0.00035856568620914965
ic,0.0,2.598076211353316,0.000342754306132938
ic,0.0,3.1754264805429413,0.0003169033901246195
ic,0.0,3.752776749732567,0.0002887750217310407
ic,0.0,4.330127018922193,0.00026480789111084076
ic,0.0,4.907477288111819,0.0002430158037628405
ic,0.0,5.484827557301445,0.0002210814941824363
ic,0.0,6.0621778264910695,0.00019913802246840107
ic,0.0,6.639528095680696,0.00017796766039978294
ic,0.0,7.216878364870322,0.00015707905197522948
ic,0.0,7.794228634059947,0.00013682493317022186
ic,0.0,8.371578903249572,0.00011809998455468573
ic,0.0,8.948929172439199,0.0001009645492983336
ic,0.0,9.526279441628825,8.579851134915533e-05
ic,0.0,10.103629710818451,7.206674297429068e-05
ic,0.0,10.680979980008075,5.9782273160257954e-05
ic,0.0,11.258330249197702,4.897514652801573e-05
ic,0.0,11.835680518387328,3.9649992201412054e-05
ic,0.0,12.413030787576954,3.1885377632271445e-05
ic,0.0,12.990381056766578,2.5350549377720578e-05
ic,0.0,13.567731325956204,2.000569678442915e-05
ic,0.0,14.14508159514583,1.559921552182044e-05
ic,0.0,14.722431864335457,1.1989802996852652e-05
ic,0.0,15.299782133525081,9.148870045519489e-06
ic,0.0,15.877132402714707,6.923889413534841e-06
ic,0.0,16.45448267190433,5.179231975689297e-06
ic,0.0,17.03183294109396,3.837287242210495e-06
ic,0.0,17.609183210283582,2.812633391715918e-06
ic,0.0,18.186533479473212,2.028234461779384e-06
ic,0.0,18.763883748662835,1.455002386305953e-06
ic,0.0,19.341234017852464,1.0319903612060688e-06
ic,0.0,19.918584287042087,7.266072323453472e-07
ic,0.0,20.495934556231717,5.086328527334234e-07
ic,0.0,21.07328482542134,3.484206551955902e-07
ic,0.0,21.650635094610962,2.3735037123048726e-07
ic,0.0,22.22798536380059,1.605872518053682e-07
ic,0.0,22.805335632990214,1.0717655685317348e-07
ic,0.0,23.382685902179844,7.085446499686488e-08
ic,0.0,23.960036171369467,4.681726033938598e-08
ic,0.0,24.537386440559096,3.064183843771615e-08
ic,0.0,25.11473670974872,2.001845740844697e-08
ic,0.0,25.69208697893834,1.2945876695547662e-08
ic,0.0,26.26943724812797,8.30856317960795e-09
ic,0.0,26.846787517317594,5.280409264852692e-09
ic,0.0,27.424137786507224,3.3131803957623418e-09
t001,0.01,0.28867513459481287,0.001345782524041887
t001,0.01,0.8660254037844386,0.0012888464548007263
t001,0.01,1.4433756729740643,0.0014573169234089736
t001,0.01,2.02072594216369,0.001266603082705773
t001,0.01,2.598076211353316,0.0012221654334298633
t001,0.01,3.1754264805429413,0.0014047175584640578
t001,0.01,3.752776749732567,0.0013213961674056823
t001,0.01,4.330127018922193,0.001287854620860836
t001,0.01,4.907477288111819,0.001260505604072544
t001,0.01,5.484827557301445,0.0012322390201244485
t001,0.01,6.0621778264910695,0.0012195541960205788
t001,0.01,6.639528095680696,0.0011305488954411848
t001,0.01,7.216878364870322,0.00117497739837519
t001,0.01,7.794228634059947,0.001155342403849718
t001,0.01,8.371578903249572,0.0010951929812391807
t001,0.01,8.948929172439199,0.001096081812792235
t001,0.01,9.526279441628825,0.001063476326248317
t001,0.01,10.103629710818451,0.0011004515976924922
t001,0.01,10.680979980008075,0.001046209276099504
t001,0.01,11.258330249197702,0.0010475957992508742
t001,0.01,11.835680518387328,0.0010382578546950752
t001,0.01,12.413030787576954,0.0010363615654649303
t001,0.01,12.990381056766578,0.0010194889803385992
t001,0.01,13.567731325956204,0.0010258879178537232
t001,0.01,14.14508159514583,0.0010087779888201523
t001,0.01,14.722431864335457,0.0010180919389749829
t001,0.01,15.299782133525081,0.000997300708965649
t001,0.01,15.877132402714707,0.001000476647166511
t001,0.01,16.45448267190433,0.001002969942942628
t001,0.01,17.03183294109396,0.00100645684482459
t001,0.01,17.609183210283582,0.0009887995401302687
t001,0.01,18.186533479473212,0.0010041976304766337
t001,0.01,18.763883748662835,0.0009860862210240592
t001,0.01,19.341234017852464,0.0010085584034221719
t001,0.01,19.918584287042087,0.0009963725594033742
t001,0.01,20.495934556231717,0.0010026363200496095
t001,0.01,21.07328482542134,0.0009964216588451633
t001,0.01,21.650635094610962,0.0009953574959717995
t001,0.01,22.22798536380059,0.0010058206357550826
t001,0.01,22.805335632990214,0.0009399703243283101
t001,0.01,23.382685902179844,0.0009835742286108048
t001,0.01,23.960036171369467,0.001034201936795005
t001,0.01,24.537386440559096,0.0010342562839917781
t001,0.01,25.11473670974872,0.0009879924971328193
t001,0.01,25.69208697893834,0.0010230929955517914
t001,0.01,26.26943724812797,0.001093643363467726
t001,0.01,26.846787517317594,0.0009357433394650814
t001,0.01,27.424137786507224,0.0008126978440065508
t002,0.02,0.28867513459481287,0.0022508154583677268
t002,0.02,0.8660254037844386,0.0023768537232795673
t002,0.02,1.4433756729740643,0.0025190631988808486
t002,0.02,2.02072594216369,0.00227467553055881
t002,0.02,2.598076211353316,0.0023651580303357357
t002,0.02,3.1754264805429413,0.0022340360522708877
t002,0.02,3.752776749732567,0.002243455484031062
t002,0.02,4.330127018922193,0.0022318650401743113
t002,0.02,4.907477288111819,0.002280154978557569
t002,0.02,5.484827557301445,0.0022645915537237472
t002,0.02,6.0621778264910695,0.0021960279977577667
t002,0.02,6.639528095680696,0.002047601803172445
t002,0.02,7.216878364870322,0.002140946265353733
t002,0.02,7.794228634059947,0.0021554116086600758
t002,0.02,8.371578903249572,0.002108521150526531
t002,0.02,8.948929172439199,0.0020768023385003974
t002,0.02,9.526279441628825,0.002065601541026263
t002,0.02,10.103629710818451,0.0021048467054468937
t002,0.02,10.680979980008075,0.0020010011996933093
t002,0.02,11.258330249197702,0.0020953896944226565
t002,0.02,11.835680518387328,0.002097226932250815
t002,0.02,12.413030787576954,0.002012154337836731
t002,0.02,12.990381056766578,0.0020185711620722205
t002,0.02,13.567731325956204,0.0020627775291057818
t002,0.02,14.14508159514583,0.0019940852650247505
t002,0.02,14.722431864335457,0.002018175513327842
t002,0.02,15.299782133525081,0.002013298527280893
t002,0.02,15.877132402714707,0.001998286816946967
t002,0.02,16.45448267190433,0.001959534754066798
t002,0.02,17.03183294109396,0.001975808440224869
t002,0.02,17.609183210283582,0.0019826600648837644
t002,0.02,18.186533479473212,0.0019767120673232067
t002,0.02,18.763883748662835,0.0019284157059572728
t002,0.02,19.341234017852464,0.0020066156491217843
t002,0.02,19.918584287042087,0.0019845666582705506
t002,0.02,20.495934556231717,0.002027619752258081
t002,0.02,21.07328482542134,0.0019827586515326003
t002,0.02,21.650635094610962,0.0020037057205233096
t002,0.02,22.22798536380059,0.0019823826170769845
t002,0.02,22.805335632990214,0.0019082269379716522
t002,0.02,23.382685902179844,0.0020208559722489803
t002,0.02,23.960036171369467,0.0020247182707639473
t002,0.02,24.537386440559096,0.0021420001501735717
t002,0.02,25.11473670974872,0.0020541274368752476
t002,0.02,25.69208697893834,0.001966632426694417
t002,0.02,26.26943724812797,0.0021206296095059446
t002,0.02,26.846787517317594,0.0019861768261313782
t002,0.02,27.424137786507224,0.0016306901718575245
early,0.1,0.28867513459481287,0.011824273298211407
early,0.1,0.8660254037844386,0.008776296323745006
early,0.1,1.4433756729740643,0.010105161014638065
early,0.1,2.02072594216369,0.010657362065996786
early,0.1,2.598076211353316,0.009969914699374837
early,0.1,3.1754264805429413,0.009921263759357053
early,0.1,3.752776749732567,0.010168325509053912
early,0.1,4.330127018922193,0.010018699656074596
early,0.1,4.907477288111819,0.009865093318933522
early,0.1,5.484827557301445,0.010556445479107992
early,0.1,6.0621778264910695,0.010097244170058304
early,0.1,6.639528095680696,0.009972570429838835
early,0.1,7.216878364870322,0.010009136646025388
early,0.1,7.794228634059947,0.010189210435757767
early,0.1,8.371578903249572,0.00984502679338492
early,0.1,8.948929172439199,0.009902335558700716
early,0.1,9.526279441628825,0.010044618029339973
early,0.1,10.103629710818451,0.009927915886458393
early,0.1,10.680979980008075,0.009902749726639147
early,0.1,11.258330249197702,0.009983559021710334
early,0.1,11.835680518387328,0.01014887496565228
early,0.1,12.413030787576954,0.009978325900423914
early,0.1,12.990381056766578,0.009834621967693696
early,0.1,13.567731325956204,0.00992280603954061
early,0.1,14.14508159514583,0.010109308459579863
early,0.1,14.722431864335457,0.01007321574442371
early,0.1,15.299782133525081,0.010017613420765284
early,0.1,15.877132402714707,0.010029496259388473
early,0.1,16.45448267190433,0.009992425045906814
early,0.1,17.03183294109396,0.009861683751287313
early,0.1,17.609183210283582,0.009842389533569411
early,0.1,18.186533479473212,0.010091252387203781
early,0.1,18.763883748662835,0.009943167174156605
early,0.1,19.341234017852464,0.009994694574814588
early,0.1,19.918584287042087,0.009777369293599979
early,0.1,20.495934556231717,0.010040794247796057
early,0.1,21.07328482542134,0.009974796478139704
early,0.1,21.650635094610962,0.010062185284902101
early,0.1,22.22798536380059,0.009847144243139636
early,0.1,22.805335632990214,0.009945596798953026
early,0.1,23.382685902179844,0.009860043653651231
early,0.1,23.960036171369467,0.009840740524529799
early,0.1,24.537386440559096,0.010052485502506611
early,0.1,25.11473670974872,0.010066784760720635
early,0.1,25.69208697893834,0.010324956604816107
early,0.1,26.26943724812797,0.009211099800398977
early,0.1,26.846787517317594,0.011207604259673083
early,0.1,27.424137786507224,0.008889219944755618
mid,4.0,0.28867513459481287,0.3015813501828278
mid,4.0,0.8660254037844386,0.3319660677777119
mid,4.0,1.4433756729740643,0.3111297343054506
mid,4.0,2.02072594216369,0.3208148630200562
mid,4.0,2.598076211353316,0.3214119394614082
mid,4.0,3.1754264805429413,0.3382525463523451
mid,4.0,3.752776749732567,0.3412573391421051
mid,4.0,4.330127018922193,0.3318821317994966
mid,4.0,4.907477288111819,0.33457691160372677
mid,4.0,5.484827557301445,0.3234515319253104
mid,4.0,6.0621778264910695,0.3161762342081283
mid,4.0,6.639528095680696,0.3227666881994745
mid,4.0,7.216878364870322,0.32124281192947446
mid,4.0,7.794228634059947,0.328511889216386
mid,4.0,8.371578903249572,0.3292416376513941
mid,4.0,8.948929172439199,0.3403368271057853
mid,4.0,9.526279441628825,0.3310473277543398
mid,4.0,10.103629710818451,0.3304905197152682
mid,4.0,10.680979980008075,0.31891545485532025
mid,4.0,11.258330249197702,0.3345121821840803
mid,4.0,11.835680518387328,0.3315068660197777
mid,4.0,12.413030787576954,0.32863456336825553
mid,4.0,12.990381056766578,0.32956995057241867
mid,4.0,13.567731325956204,0.33397270979745663
mid,4.0,14.14508159514583,0.3256604804377653
mid,4.0,14.722431864335457,0.3277087589059854
mid,4.0,15.299782133525081,0.3251573969900826
mid,4.0,15.877132402714707,0.3280847690478118
mid,4.0,16.45448267190433,0.32746877088757265
mid,4.0,17.03183294109396,0.32630661876494904
mid,4.0,17.609183210283582,0.33457103112614583
mid,4.0,18.186533479473212,0.33363752068560926
mid,4.0,18.763883748662835,0.3311864457407101
mid,4.0,19.341234017852464,0.3291566861523389
mid,4.0,19.918584287042087,0.3287629473323764
mid,4.0,20.495934556231717,0.3276882386255071
mid,4.0,21.07328482542134,0.3259827085564424
mid,4.0,21.650635094610962,0.3345920096444922
mid,4.0,22.22798536380059,0.3365806574023895
mid,4.0,22.805335632990214,0.33953192973920404
mid,4.0,23.382685902179844,0.32679676344008907
mid,4.0,23.960036171369467,0.32951955104280145
mid,4.0,24.537386440559096,0.32470547527102095
mid,4.0,25.11473670974872,0.3146463871504605
mid,4.0,25.69208697893834,0.33929275501517814
mid,4.0,26.26943724812797,0.36760999899473434
mid,4.0,26.846787517317594,0.34205767603597226
mid,4.0,27.424137786507224,0.3106587422860594
late,8.0,0.28867513459481287,0.6249708822161819
late,8.0,0.8660254037844386,0.5670171270219725
late,8.0,1.4433756729740643,0.5763345523609644
late,8.0,2.02072594216369,0.5178573514899016
late,8.0,2.598076211353316,0.5087878697408291
late,8.0,3.1754264805429413,0.46923325807850125
late,8.0,3.752776749732567,0.45134612204431274
late,8.0,4.330127018922193,0.4801700023255351
late,8.0,4.907477288111819,0.5273500187648151
late,8.0,5.484827557301445,0.520528316252306
late,8.0,6.0621778264910695,0.5237535817011386
late,8.0,6.639528095680696,0.5285394192178395
late,8.0,7.216878364870322,0.5389452020428587
late,8.0,7.794228634059947,0.5672877760566176
late,8.0,8.371578903249572,0.5488286395818907
late,8.0,8.948929172439199,0.5802536420320499
late,8.0,9.526279441628825,0.5852211360116526
late,8.0,10.103629710818451,0.5781054611095741
late,8.0,10.680979980008075,0.5755081310709269
late,8.0,11.258330249197702,0.5792850423828895
late,8.0,11.835680518387328,0.5647536291632593
late,8.0,12.413030787576954,0.5706164892030398
late,8.0,12.990381056766578,0.5656764234424215
late,8.0,13.567731325956204,0.5608361808658064
late,8.0,14.14508159514583,0.5591391256572876
late,8.0,14.722431864335457,0.5584276909948651
late,8.0,15.299782133525081,0.5410259024345735
late,8.0,15.877132402714707,0.5364352054140055
late,8.0,16.45448267190433,0.5434832905339129
late,8.0,17.03183294109396,0.5359706759993921
late,8.0,17.609183210283582,0.5365286017313546
late,8.0,18.186533479473212,0.5380190623106126
late,8.0,18.763883748662835,0.5521016859562037
late,8.0,19.341234017852464,0.5461082908118777
late,8.0,19.918584287042087,0.5439613178947386
late,8.0,20.495934556231717,0.5559264814466499
late,8.0,21.07328482542134,0.5473194331868357
late,8.0,21.650635094610962,0.5339154229632725
late,8.0,22.22798536380059,0.5338122276511856
late,8.0,22.805335632990214,0.5299972631864727
late,8.0,23.382685902179844,0.5528294800187687
late,8.0,23.960036171369467,0.5455986622161431
late,8.0,24.537386440559096,0.5568657695932558
late,8.0,25.11473670974872,0.5773046169580202
late,8.0,25.69208697893834,0.5474867785494678
late,8.0,26.26943724812797,0.4686194694193312
late,8.0,26.846787517317594,0.4248274688701429
late,8.0,27.424137786507224,0.46728156760663203
