t,planted,norm,peak,PR,R_rms,mass_p,peak_p,d_p,mass_m,peak_m,d_m,peak_in_p,peak_in_m
0.0,False,0.9999999403953552,1.436251163482666,1.8873066103485516,0.6117469882808411,2.87934441054257e-29,2.3034752876928128e-28,3.9999998326578945,2.87934441054257e-29,2.3034752876928128e-28,3.9999998326578936,False,False
0.005,False,17.38715934753418,1.4063067436218262,564.0865446037998,15.527075179217364,0.13396798074245453,0.0039823842234909534,0.08470923148500101,0.13002590835094452,0.0038872610311955214,0.03671142778424897,False,False
0.01,False,33.690528869628906,1.3647541999816895,1943.916073852144,15.756272167982099,0.2628331780433655,0.006960323546081781,0.08466411375647916,0.2608402967453003,0.00780682684853673,0.05805772312922366,False,False
0.015,False,49.97001647949219,1.3397414684295654,3815.2845144602134,15.837019652903487,0.3850947618484497,0.010867620818316936,0.05672177295049953,0.41321563720703125,0.01053505390882492,0.046022474670066364,False,False
0.02,False,66.26792907714844,1.4343373775482178,5426.058755436391,15.871199391736475,0.5187156200408936,0.015856768935918808,0.08179790422153453,0.549352765083313,0.0169869102537632,0.03441475735361351,False,False
0.025,False,82.88883972167969,1.4884189367294312,6970.4131543986605,15.896339196883503,0.6578606367111206,0.020724210888147354,0.06336413460049863,0.6752474904060364,0.019859356805682182,0.035803788655052814,False,False
0.03,False,99.06836700439453,1.468442678451538,8555.785612700056,15.91178720286927,0.7893821001052856,0.022677861154079437,0.05416064004432041,0.816189169883728,0.02696233242750168,0.052356220299794545,False,False
0.035,False,115.43386840820312,1.5589338541030884,9542.110310957505,15.9204495004627,0.9288133978843689,0.027901984751224518,0.0684616293364322,0.957000732421875,0.02808194048702717,0.027484577937387008,False,False
0.04,False,131.6935272216797,1.6575387716293335,10326.343665252723,15.930768661939,1.0612592697143555,0.031433649361133575,0.04899248512120784,1.0838311910629272,0.04180226847529411,0.01487768533686486,False,False
0.045,False,147.84654235839844,1.6965736150741577,11082.057003016822,15.941521427015713,1.207818865776062,0.03096443973481655,0.017382861404452582,1.204176425933838,0.05094876140356064,0.02681359366666985,False,False
0.05,False,164.2045440673828,1.7744402885437012,11680.22165222552,15.946332968283679,1.3445649147033691,0.0401105172932148,0.037557628343918785,1.3057870864868164,0.03924109414219856,0.05003037152245691,False,False
0.055,False,180.61495971679688,1.7731863260269165,12331.048147864907,15.947393135098705,1.490522027015686,0.05292227491736412,0.0545138129833243,1.4032106399536133,0.03937605768442154,0.03242602307619662,False,False
0.06,False,196.8631134033203,1.8313676118850708,12760.025043672262,15.949410564724998,1.6346487998962402,0.05906549096107483,0.07606912002749149,1.5518280267715454,0.03963175788521767,0.032603539021173265,False,False
0.065,False,213.29612731933594,1.947391152381897,13009.027088974659,15.958335042843816,1.7335432767868042,0.06249026954174042,0.07358749717845832,1.6972442865371704,0.04216039180755615,0.034342365764301115,False,False
0.07,False,229.46554565429688,2.0506346225738525,13286.58670967008,15.967206149109863,1.861732006072998,0.06664658337831497,0.06790726814054919,1.8275150060653687,0.052145492285490036,0.023941307614386467,False,False
0.075,False,245.741943359375,2.1653292179107666,13443.113704152336,15.970999133020834,2.037353277206421,0.07087995857000351,0.04618985287503339,1.9580990076065063,0.0642770528793335,0.02608383110092362,False,False
0.08,False,262.0440368652344,2.281956911087036,13649.065523898926,15.97560904799901,2.1717655658721924,0.06048549339175224,0.04546513433642691,2.0689947605133057,0.06867218762636185,0.01782647484880403,False,False
0.085,False,278.2984924316406,2.4328601360321045,13697.443293093866,15.975769448441072,2.305826425552368,0.0698135644197464,0.054057732082055616,2.187692642211914,0.09044017642736435,0.04286519297031467,False,False
0.09,False,294.59356689453125,2.74766206741333,13574.960213078928,15.980332872583876,2.45339298248291,0.07725362479686737,0.04578389749532455,2.3008482456207275,0.08822227269411087,0.03400790013336883,False,False
0.095,False,311.1101989746094,2.8352975845336914,13717.583116491622,15.98073529869664,2.5939223766326904,0.0820288136601448,0.04275269803067478,2.428471565246582,0.09428703784942627,0.029344426972365677,False,False
0.1,False,327.1549072265625,2.892598867416382,13867.058416698555,15.983025327093387,2.7429146766662598,0.07787264138460159,0.049482852264549584,2.5503334999084473,0.0930834412574768,0.046694636660293644,False,False
0.105,False,343.4721984863281,2.974576950073242,13984.119517969686,15.98603563748936,2.888827085494995,0.08910621702671051,0.05924257019256379,2.682765483856201,0.08680471032857895,0.04552421153103781,False,False
0.11,False,359.8212890625,3.1175944805145264,14036.599729339578,15.9834769272976,3.0515174865722656,0.08798108249902725,0.0666632045399579,2.8017184734344482,0.08556552231311798,0.036673720943217476,False,False
0.115,False,376.11785888671875,3.2543752193450928,14080.430133554932,15.983481164398775,3.1593151092529297,0.10142255574464798,0.06572875657408958,2.914583206176758,0.08625950664281845,0.024494298130691615,False,False
0.12,False,392.45953369140625,3.526566982269287,13976.098181289608,15.986094338468481,3.322864294052124,0.10106753557920456,0.05804397825770756,3.0882108211517334,0.0850633904337883,0.03472690481529802,False,False
0.125,False,408.7898254394531,3.7424936294555664,13929.824069918874,15.987025199968585,3.4947562217712402,0.10470474511384964,0.05104783207550019,3.2261085510253906,0.08887956291437149,0.032306327286299154,False,False
0.13,False,425.093017578125,3.9134938716888428,13923.063791381523,15.986429943778656,3.5984015464782715,0.1148894727230072,0.05893080392589966,3.3990797996520996,0.08814621716737747,0.04393101216670041,False,False
0.135,False,440.933349609375,4.111690998077393,13890.878133597203,15.989789742810732,3.6935641765594482,0.10752636194229126,0.07339440599028396,3.5319390296936035,0.09211007505655289,0.06012936249812671,False,False
0.14,False,456.977294921875,4.271633148193359,13901.90974528875,15.995570320467737,3.8175289630889893,0.11509822309017181,0.0702402735081077,3.6629886627197266,0.09719184786081314,0.06165503107106083,False,False
0.145,False,473.46392822265625,4.528036117553711,13808.092233224166,15.994741848722303,3.95167875289917,0.10538165271282196,0.06663022471010627,3.8000571727752686,0.10588385909795761,0.05955537351467898,False,False
0.15,False,489.7428283691406,4.629052639007568,13881.624943779485,15.995362128776225,4.0783796310424805,0.11611918359994888,0.05431075759894432,3.941251516342163,0.1106831505894661,0.057060509618603296,False,False
0.155,False,505.7532958984375,4.7338738441467285,13931.640867191985,15.99444135006648,4.200383186340332,0.1085679680109024,0.05114126609657524,4.065823554992676,0.11663708090782166,0.049456668528811296,False,False
0.16,False,522.2544555664062,4.966579437255859,13864.748070698508,15.993853558421776,4.333150386810303,0.11498107016086578,0.0474677068780751,4.177249431610107,0.1261865794658661,0.04074943927516986,False,False
0.165,False,538.4359741210938,5.125243186950684,13872.198127194773,15.996777312828803,4.449364185333252,0.12381753325462341,0.04563379331657874,4.303102493286133,0.15306328237056732,0.036019801953432136,False,False
0.17,False,554.6033325195312,5.221682071685791,13923.671919917915,15.997146830568148,4.571274757385254,0.1148553118109703,0.034105870441508694,4.424464225769043,0.15644563734531403,0.037871666395196214,False,False
0.17500000000000002,False,570.2969360351562,5.313260555267334,13970.119561856754,15.994649487206678,4.731532573699951,0.1297062188386917,0.03826055052314822,4.621466636657715,0.16102783381938934,0.027581931533550152,False,False
0.18,False,586.5339965820312,5.351917743682861,14053.14363532515,16.0005086899576,4.884405136108398,0.12143751233816147,0.039136607065707894,4.702702045440674,0.17739950120449066,0.04158670911339419,False,False
0.185,False,602.5047607421875,5.373974323272705,14140.219417689188,15.998262142725995,5.0147013664245605,0.12227635830640793,0.030795468923583466,4.833446502685547,0.19111835956573486,0.03225635921741223,False,False
0.19,False,618.4458618164062,5.356314659118652,14260.935138448724,15.994896162761773,5.1451520919799805,0.13872681558132172,0.03493206808129077,4.978816032409668,0.2112748920917511,0.030617501982060032,False,False
0.195,False,634.460693359375,5.293642520904541,14396.493868157077,15.996615279038645,5.292291641235352,0.13985475897789001,0.038415961285377075,5.109992027282715,0.20176613330841064,0.025085778865309407,False,False
0.2,False,650.6057739257812,5.232145309448242,14532.465166822398,15.99669911850448,5.404677391052246,0.1545235812664032,0.05234666781514895,5.217248916625977,0.18541550636291504,0.013188438323366367,False,False
0.20500000000000002,False,666.578125,5.283025741577148,14589.808026671062,15.997077191884584,5.557114124298096,0.13644146919250488,0.05385032328403782,5.308220863342285,0.16260984539985657,0.02129049874557254,False,False
0.21,False,682.32080078125,5.285323143005371,14666.988235454324,15.998054115293067,5.699707984924316,0.1536586433649063,0.05797980174526151,5.418291091918945,0.18090006709098816,0.020633677708409952,False,False
0.215,False,698.3899536132812,5.216939926147461,14771.043098104961,15.995589379932149,5.807239055633545,0.1571156233549118,0.053622598783811926,5.514400482177734,0.17817236483097076,0.026643489202449116,False,False
0.22,False,714.7141723632812,5.065786838531494,14943.819358401526,15.997566089191041,5.94886589050293,0.15614642202854156,0.058059526078401466,5.683047771453857,0.17658546566963196,0.026536175996512066,False,False
0.225,False,730.6513061523438,5.042765140533447,15015.73595841944,15.99514708856922,6.077829360961914,0.1628514528274536,0.05391842466912009,5.810699462890625,0.1890260875225067,0.038527125791343285,False,False
0.23,False,746.1319580078125,4.879521369934082,15151.11001657056,15.99872633789119,6.151551246643066,0.16830883920192719,0.060136307775922694,5.907187461853027,0.19742068648338318,0.037396392300361805,False,False
0.23500000000000001,False,762.00537109375,4.811132907867432,15242.054386881875,15.996364429635282,6.283251762390137,0.16786593198776245,0.06550757143515261,6.064700603485107,0.19498120248317719,0.04096311330535844,False,False
0.24,False,777.994384765625,4.767447471618652,15308.012413590244,15.994326378109154,6.418907165527344,0.1673157960176468,0.06724697303165736,6.206025123596191,0.2131810337305069,0.02839123140907192,False,False
0.245,False,794.2623901367188,4.646158218383789,15408.130407007819,15.994047519985482,6.479949951171875,0.15898443758487701,0.06199467951452311,6.333992004394531,0.2088855504989624,0.043849974903412074,False,False
0.25,False,810.108642578125,4.380076885223389,15567.10228980586,15.995597247924783,6.542510986328125,0.16385987401008606,0.06244547721615703,6.432934284210205,0.18857966363430023,0.05012514819435535,False,False
0.255,False,826.144287109375,4.225497722625732,15664.287257009177,15.997317495163257,6.688266754150391,0.18609097599983215,0.06399170525315002,6.500889778137207,0.18612612783908844,0.06888400412343194,False,False
0.26,False,842.2529296875,4.02421236038208,15759.224468952743,15.996074936514454,6.736045837402344,0.2093365639448166,0.06329002565155366,6.625818729400635,0.2001294642686844,0.07616684608457629,False,False
0.265,False,857.8863525390625,3.987492799758911,15801.847156454553,15.994070943381614,6.81815767288208,0.2460460066795349,0.06876673124805875,6.778855800628662,0.20397640764713287,0.07921037989157785,False,False
0.27,False,873.645263671875,3.7834267616271973,15893.547323913213,15.992739227061932,6.945436954498291,0.23196808993816376,0.0670904992259245,6.883268356323242,0.19129225611686707,0.09068357847382011,False,False
0.275,False,890.0235595703125,3.716360330581665,15926.93413974865,15.993549132571175,7.1324663162231445,0.22992093861103058,0.07003693420536376,7.034722328186035,0.19465234875679016,0.10073025405480436,False,False
0.28,False,905.611572265625,3.5488598346710205,15976.281100996428,15.992992210454815,7.261634826660156,0.22894728183746338,0.08311208119172149,7.123334884643555,0.23851075768470764,0.09958595170100816,False,False
0.28500000000000003,False,922.0358276367188,3.446451187133789,16020.332082552384,15.992031556484713,7.438060283660889,0.21064750850200653,0.08699562522181034,7.279067039489746,0.22229528427124023,0.0982457672059039,False,False
0.29,False,937.65185546875,3.2109479904174805,16079.939840111012,15.990906767036117,7.545800685882568,0.2372841238975525,0.08946402686658482,7.407531261444092,0.22233699262142181,0.08352348380815794,False,False
0.295,False,954.3057861328125,3.129636526107788,16110.111311488221,15.992276930860555,7.725676536560059,0.2588860094547272,0.08215720115136185,7.549072265625,0.23683735728263855,0.0742639491223518,False,False
0.3,False,969.8719482421875,2.9207379817962646,16165.606718454233,15.990635635723422,7.82114315032959,0.25605690479278564,0.08198224802802481,7.662558555603027,0.22856681048870087,0.0895002767545471,False,False
0.305,False,986.0667724609375,2.8670191764831543,16182.865091809517,15.991085401901397,7.964776039123535,0.2522801160812378,0.08256725432143927,7.778813362121582,0.2322600781917572,0.08577052148145621,False,False
0.31,False,1002.329345703125,2.758382558822632,16201.844571328582,15.99257260296492,8.13146686553955,0.2704576253890991,0.08341882792501466,7.910284519195557,0.2437397986650467,0.08923459051258611,False,False
0.315,False,1018.5087280273438,2.600346803665161,16238.676002300313,15.994168270808776,8.271808624267578,0.26191458106040955,0.07190487763335082,7.973935604095459,0.2422664910554886,0.09044370048299608,False,False
0.32,False,1034.4686279296875,2.450223684310913,16269.619985016214,15.992710080930335,8.376927375793457,0.281210333108902,0.06364150466321877,8.09296989440918,0.22785070538520813,0.08625126750577446,False,False
0.325,False,1050.022705078125,2.249216079711914,16302.50844805763,15.993516938627973,8.501338958740234,0.26155146956443787,0.05242916923686667,8.168282508850098,0.22160859405994415,0.09283731769235853,False,False
0.33,False,1066.43505859375,2.1691083908081055,16303.375896414798,15.994016965365727,8.59593391418457,0.2640327215194702,0.050755668563202475,8.280653953552246,0.21744875609874725,0.08981511682808474,False,False
0.335,False,1081.972900390625,2.0608763694763184,16306.965273767471,15.993273426667981,8.684271812438965,0.2359682023525238,0.055756558849520875,8.484777450561523,0.21729880571365356,0.08799291266102417,False,False
0.34,False,1098.3094482421875,1.9723738431930542,16326.972495514312,15.993261494554602,8.821744918823242,0.2277805209159851,0.039721645033514226,8.677529335021973,0.23982791602611542,0.0812466553113953,False,False
0.34500000000000003,False,1114.98193359375,1.7889719009399414,16347.422156836019,15.994175485248945,8.96016788482666,0.24180307984352112,0.03870083987802634,8.732904434204102,0.24348832666873932,0.07083876463135291,False,False
0.35000000000000003,False,1130.452880859375,1.6287617683410645,16361.828793456189,15.995823865119322,9.111658096313477,0.259397953748703,0.026632246795640777,8.846288681030273,0.2361915111541748,0.06133111351689805,False,False
0.355,False,1146.14453125,1.4722909927368164,16370.921387194423,15.994870441074964,9.238314628601074,0.25886037945747375,0.026183758188015868,8.977725982666016,0.2504832148551941,0.05716021396447692,False,False
0.36,False,1161.8089599609375,1.3395899534225464,16360.851232188654,15.99557502626623,9.427330017089844,0.2802296280860901,0.03141166007574061,9.122489929199219,0.26246345043182373,0.06416662112782262,False,False
0.365,False,1177.763427734375,1.1930196285247803,16358.55270605416,15.994555256558806,9.530660629272461,0.29367154836654663,0.019600179280878417,9.23823356628418,0.28504127264022827,0.06963176111017359,False,False
0.37,False,1194.029541015625,1.1240062713623047,16346.230770206279,15.993792992760428,9.64567756652832,0.3089425563812256,0.025633977016036417,9.365187644958496,0.3197925090789795,0.0639063346834438,False,False
0.375,False,1210.3082275390625,1.0073904991149902,16355.330564777025,15.995165319845043,9.780303955078125,0.2613106369972229,0.02391928851795454,9.431990623474121,0.31789931654930115,0.05594158612699367,False,False
0.38,False,1225.862548828125,0.8530749678611755,16364.761407615235,15.996866355993813,9.978546142578125,0.26783671975135803,0.02971108838824679,9.567893981933594,0.3174460530281067,0.049476512124494304,False,False
0.385,False,1241.935791015625,0.7998660802841187,16365.35914230328,15.999540390495604,10.071992874145508,0.2405185103416443,0.03430134935005967,9.653948783874512,0.30527251958847046,0.043738217908902935,False,False
0.39,False,1257.116455078125,0.7280429601669312,16367.292211343742,16.00071941650045,10.149197578430176,0.2507971227169037,0.03903084221197856,9.780290603637695,0.30886736512184143,0.039337821707160714,False,False
0.395,False,1272.187744140625,0.6434497237205505,16364.302780516457,16.00215465870035,10.31633472442627,0.2611497938632965,0.03481314771583179,9.8505859375,0.33396634459495544,0.047102814539343174,False,False
0.4,False,1288.0516357421875,0.5713802576065063,16379.461217525817,16.00140447509686,10.517589569091797,0.2653445899486542,0.030404194898356527,9.98087215423584,0.3293299973011017,0.05043949030442713,False,False
0.405,False,1302.873046875,0.5177940130233765,16389.898762005396,16.00295294401717,10.642557144165039,0.3012275695800781,0.03156410386894959,10.12609577178955,0.34059011936187744,0.04789936877074961,False,False
0.41000000000000003,False,1319.1324462890625,0.5098376274108887,16389.39012699618,16.00145389273132,10.806259155273438,0.33044248819351196,0.035220718459389164,10.26412296295166,0.3532900810241699,0.04596147521146766,False,False
0.41500000000000004,False,1335.088134765625,0.4856375455856323,16392.741021021062,16.003670712436804,10.890544891357422,0.3361471891403198,0.027617124890076988,10.383535385131836,0.3290330171585083,0.0406973278875103,False,False
0.42,False,1350.8956298828125,0.5224132537841797,16390.019695764022,16.00316768169953,11.00674057006836,0.343406081199646,0.03217321940016476,10.451780319213867,0.3549014925956726,0.045438016981566604,False,False
0.425,False,1366.3756103515625,0.551716685295105,16395.88698636109,16.004026609889934,11.059097290039062,0.3375043272972107,0.03397815700884678,10.591967582702637,0.3643997609615326,0.043777207586434386,False,False
0.43,False,1382.922119140625,0.536404550075531,16403.241053991253,16.00354794717645,11.116963386535645,0.347939133644104,0.03535764284608667,10.727954864501953,0.3665028512477875,0.05529329617027861,False,False
0.435,False,1398.540283203125,0.5075161457061768,16405.2260125405,16.0033517183596,11.248292922973633,0.3421992361545563,0.03635845752035329,10.878860473632812,0.37602725625038147,0.06087464333914677,False,False
0.44,False,1413.81884765625,0.49590012431144714,16396.064883510953,16.002640722631792,11.360014915466309,0.3528510630130768,0.03925429381403873,11.04827880859375,0.3996126353740692,0.06658670077213183,False,False
0.445,False,1429.1136474609375,0.49393728375434875,16393.731070010937,16.003004817432505,11.449567794799805,0.3554244935512543,0.03848124607512631,11.149121284484863,0.40532439947128296,0.0628058414766655,False,False
0.45,False,1445.0919189453125,0.5058483481407166,16400.584071850946,16.00156865765395,11.644107818603516,0.3502129018306732,0.0360837225934607,11.22649097442627,0.40941208600997925,0.0632350315879169,False,False
0.455,False,1461.3995361328125,0.5335826873779297,16395.262671359804,16.00169117196085,11.771893501281738,0.3558364808559418,0.03882448101911603,11.366174697875977,0.4080318212509155,0.05758199048564884,False,False
0.46,False,1476.9947509765625,0.5339258313179016,16398.368643656693,16.002455697543883,11.923622131347656,0.3795291483402252,0.03570462111156007,11.447782516479492,0.37224671244621277,0.06055599060940647,False,False
0.465,False,1492.0728759765625,0.5906392931938171,16391.436082749417,16.002232515638525,11.985040664672852,0.36445310711860657,0.03646246958985609,11.583776473999023,0.3689520061016083,0.06593435623562219,False,False
0.47000000000000003,False,1508.15478515625,0.5923704504966736,16388.54907375421,16.005691331959042,12.130285263061523,0.34927961230278015,0.03677739602460563,11.66263198852539,0.3725508451461792,0.07265014758978595,False,False
0.47500000000000003,False,1523.2203369140625,0.5969859957695007,16394.05953588725,16.006729830978273,12.227280616760254,0.3596665859222412,0.03483017148624427,11.864978790283203,0.37312400341033936,0.07562640382944429,False,False
0.48,False,1539.1541748046875,0.5998057723045349,16404.67258391867,16.007393241494544,12.362861633300781,0.394747793674469,0.04526440010238406,12.012334823608398,0.3455859422683716,0.07548268351928174,False,False
0.485,False,1555.137451171875,0.5548908114433289,16413.17402818277,16.006098029342446,12.489862442016602,0.40383899211883545,0.042901005789784605,12.148820877075195,0.3211996853351593,0.08006912578908329,False,False
0.49,False,1570.0587158203125,0.5858598947525024,16405.31533970446,16.00512003141504,12.586461067199707,0.4109138250350952,0.03979919439290143,12.22629165649414,0.31110578775405884,0.07251259055818834,False,False
0.495,False,1585.8631591796875,0.5784667134284973,16410.009832551,16.004442901024078,12.715960502624512,0.4283628463745117,0.03842512559822937,12.355204582214355,0.34696170687675476,0.07449723992009707,False,False
0.5,True,1603.5233154296875,1.6038745641708374,16289.583689564437,15.996129402652647,13.799631118774414,1.6038745641708374,0.03117291344474491,13.54509162902832,1.5466663837432861,0.0649527363229129,True,False
0.505,True,1619.8419189453125,1.544407844543457,16289.932127558872,15.995064022029629,14.033201217651367,1.544407844543457,0.03269899391314409,13.581626892089844,1.531958818435669,0.05707403497679728,True,False
0.51,True,1635.8145751953125,1.5527446269989014,16291.403191418136,15.995405777150076,14.187747955322266,1.5527446269989014,0.022849278289940014,13.703390121459961,1.5334136486053467,0.059477001711825024,True,False
0.515,True,1651.3389892578125,1.6557708978652954,16287.180177155733,15.994654049075764,14.33881664276123,1.5623412132263184,0.023518458291659654,13.817596435546875,1.6557708978652954,0.058380795511806007,False,True
0.52,True,1667.039794921875,1.787305474281311,16284.140603368374,15.995076250603258,14.434269905090332,1.514082431793213,0.017644663990787474,13.908495903015137,1.787305474281311,0.05626610032881391,False,True
0.525,True,1681.7303466796875,1.7166614532470703,16289.55867310235,15.995554631425337,14.565515518188477,1.5190467834472656,0.03399632048304955,13.983987808227539,1.7166614532470703,0.04735141788007778,False,True
0.53,True,1697.009033203125,1.8774827718734741,16290.031034291926,15.99542812090159,14.67880630493164,1.5115642547607422,0.035199448650861186,14.14315414428711,1.8774827718734741,0.048828542693563036,False,True
0.535,True,1711.9185791015625,1.9265327453613281,16289.919119923856,15.997094847854335,14.770333290100098,1.5076298713684082,0.03485489976523829,14.26826286315918,1.9265327453613281,0.05168261873075193,False,True
0.54,True,1727.570556640625,2.0144271850585938,16297.912554564266,15.996174985184023,14.871461868286133,1.483823299407959,0.03492005657133037,14.407453536987305,2.0144271850585938,0.04087380988375952,False,True
0.545,True,1743.140625,2.141354560852051,16289.584826272068,15.996618796429775,14.98953628540039,1.4769227504730225,0.03959294341119855,14.57101821899414,2.141354560852051,0.04418048794464311,False,True
0.55,True,1758.849365234375,2.275705337524414,16293.454392887423,15.996731600993616,15.094734191894531,1.4260761737823486,0.035839879605187246,14.683701515197754,2.275705337524414,0.029081853888804684,False,True
0.555,True,1774.9671630859375,2.371919631958008,16294.162179555091,15.996550147661829,15.3079833984375,1.4358446598052979,0.0452661081131967,14.829604148864746,2.371919631958008,0.036615879564498535,False,True
0.56,True,1790.2637939453125,2.4942948818206787,16279.059687836461,15.99596227102863,15.482784271240234,1.5168498754501343,0.048880475749604774,14.92810344696045,2.4942948818206787,0.03902187670992659,False,True
0.5650000000000001,True,1805.269287109375,2.6250662803649902,16274.06234236034,15.996265736320895,15.59661865234375,1.5807952880859375,0.048249811430002815,14.99237060546875,2.6250662803649902,0.04119665233904216,False,True
0.5700000000000001,True,1821.494384765625,2.7907540798187256,16271.158420632048,15.997012824245202,15.729289054870605,1.5470012426376343,0.04988678814428583,15.106731414794922,2.7907540798187256,0.04334688670860404,False,True
0.5750000000000001,True,1837.4700927734375,2.927703619003296,16271.202377342055,15.998726692186313,15.888444900512695,1.500876545906067,0.048130763258149654,15.198419570922852,2.927703619003296,0.03821261453516292,False,True
0.58,True,1852.97412109375,3.0869505405426025,16261.56907852345,15.998333489115874,16.01278305053711,1.587448000907898,0.05174553083224531,15.369653701782227,3.0869505405426025,0.04305029389722242,False,True
0.585,True,1868.570068359375,3.159722089767456,16263.390535448923,15.997788142934422,16.10841178894043,1.6495271921157837,0.05348547331463612,15.477824211120605,3.159722089767456,0.04587648892766362,False,True
0.59,True,1883.9578857421875,3.2850120067596436,16259.23861804084,15.998479353107477,16.32201385498047,1.6767840385437012,0.05141113257449036,15.569780349731445,3.2850120067596436,0.0467420994006657,False,True
0.595,True,1899.6004638671875,3.3857874870300293,16244.713532908117,15.999532619537648,16.402074813842773,1.7039477825164795,0.0560902080190801,15.712364196777344,3.3857874870300293,0.04744912311371806,False,True
0.6,True,1915.0115966796875,3.5656583309173584,16233.64142243105,16.000729011375448,16.527259826660156,1.8642737865447998,0.052624671274731576,15.923027992248535,3.5656583309173584,0.04693104279785696,False,True
0.605,True,1930.7239990234375,3.7024660110473633,16219.456346992498,15.999251072043013,16.60345458984375,1.972991943359375,0.052562519418095636,16.112545013427734,3.7024660110473633,0.038567487511154006,False,True
0.61,True,1945.2283935546875,3.7678849697113037,16214.39629350715,15.99899640713814,16.765369415283203,2.004075527191162,0.04602508759316563,16.169153213500977,3.7678849697113037,0.046041424403216166,False,True
0.615,True,1960.8062744140625,3.763442039489746,16211.856898269858,15.99874944315616,16.98479461669922,2.0258078575134277,0.0414477514107834,16.228492736816406,3.763442039489746,0.05139609665721354,False,True
0.62,True,1975.98779296875,3.879733085632324,16208.617561888845,15.998056819942727,17.16054344177246,2.0930442810058594,0.05306933865488002,16.362957000732422,3.879733085632324,0.049963631254870175,False,True
0.625,True,1991.607666015625,4.003480911254883,16196.305614150506,15.997526319085921,17.242462158203125,2.18306040763855,0.05987116196651502,16.581703186035156,4.003480911254883,0.03574009318902911,False,True
0.63,True,2005.9727783203125,4.04541540145874,16186.002598514877,15.998003219561513,17.400598526000977,2.217212200164795,0.0666652230507801,16.73472785949707,4.04541540145874,0.0351463084313804,False,True
0.635,True,2021.120361328125,4.210348129272461,16177.960081812043,15.998885570561091,17.523235321044922,2.2898075580596924,0.07001843265385056,16.85320281982422,4.210348129272461,0.028347647341813848,False,True
0.64,True,2036.193359375,4.292576313018799,16179.937845595105,15.997532245145365,17.633209228515625,2.390080690383911,0.07123758406714704,16.999652862548828,4.292576313018799,0.03001537687923981,False,True
0.645,True,2052.4833984375,4.467090129852295,16169.785721886563,15.995982206345982,17.793325424194336,2.480074644088745,0.07548750602579372,17.187549591064453,4.467090129852295,0.030433212840669105,False,True
0.65,True,2068.0791015625,4.67075777053833,16169.026129291542,15.995636864413449,17.936965942382812,2.5120041370391846,0.07843798495359401,17.308753967285156,4.67075777053833,0.023251911396101742,False,True
0.655,True,2083.741943359375,4.794343948364258,16165.842011133198,15.995920308160125,18.037885665893555,2.4974610805511475,0.07794329763757984,17.456439971923828,4.794343948364258,0.016917038147033665,False,True
0.66,True,2099.561767578125,4.941614627838135,16159.599806663908,15.995990292843505,18.22159194946289,2.5395519733428955,0.07915798394183259,17.640087127685547,4.941614627838135,0.013900781624012426,False,True
0.665,True,2114.072021484375,5.022737979888916,16162.836497912209,15.997444548919193,18.379032135009766,2.5234103202819824,0.07505060060186867,17.73426628112793,5.022737979888916,0.010860664956095441,False,True
0.67,True,2129.27197265625,5.0725836753845215,16167.888916076363,15.995528769274928,18.48197364807129,2.564594268798828,0.07006425139995676,17.841590881347656,5.0725836753845215,0.013069964660826971,False,True
0.675,True,2144.788330078125,5.246903419494629,16159.10948905699,15.995465715228342,18.581031799316406,2.6132161617279053,0.07650475864601305,17.9237003326416,5.246903419494629,0.011888444858698187,False,True
0.68,True,2160.388916015625,5.243124961853027,16160.499442852404,15.9954736203769,18.732349395751953,2.6674864292144775,0.08044466745693901,18.07036781311035,5.243124961853027,0.0018515051794436178,False,True
0.685,True,2175.557373046875,5.312203407287598,16152.934530810966,15.997933245411385,18.849733352661133,2.729844808578491,0.07585586844626964,18.149398803710938,5.312203407287598,0.00671014862559833,False,True
0.6900000000000001,True,2190.83837890625,5.323411464691162,16155.671860998802,15.998163468926837,18.89179801940918,2.779484272003174,0.07255601376612925,18.33509063720703,5.323411464691162,0.012268421330073515,False,True
0.6950000000000001,True,2206.884033203125,5.359065055847168,16163.208714745864,15.998283531818027,19.071001052856445,2.842874050140381,0.07608090185039428,18.471349716186523,5.359065055847168,0.01341098718448595,False,True
0.7000000000000001,True,2222.135009765625,5.369197845458984,16170.26617775648,15.998740533436946,19.273456573486328,2.9295339584350586,0.07704192549222841,18.50320053100586,5.369197845458984,0.029273934385135272,False,True
0.705,True,2237.9296875,5.304161548614502,16184.618117493632,15.998844541702125,19.362133026123047,2.897881031036377,0.07787898916686206,18.606277465820312,5.304161548614502,0.03484995696740182,False,True
0.71,True,2253.55078125,5.2498459815979,16187.528052841077,15.99831323440764,19.44228744506836,2.9859795570373535,0.07996151740860827,18.736894607543945,5.2498459815979,0.03383443484658569,False,True
0.715,True,2269.128662109375,5.133314609527588,16200.036486283449,15.99958326583422,19.53473663330078,3.075742244720459,0.08464066597030682,18.865230560302734,5.133314609527588,0.03735992873232512,False,True
0.72,True,2285.24609375,5.048213958740234,16210.119800713024,16.000716275723434,19.59862518310547,3.0603504180908203,0.08447628632222817,18.978857040405273,5.048213958740234,0.039672729345744256,False,True
0.725,True,2300.59130859375,5.097303867340088,16213.15058690782,16.000214899627775,19.678508758544922,3.1689727306365967,0.08754867452465136,19.126140594482422,5.097303867340088,0.04777637819281833,False,True
0.73,True,2315.04443359375,5.006925582885742,16219.743218826303,16.001138625987338,19.681640625,3.2584002017974854,0.0869102889010927,19.176130294799805,5.006925582885742,0.05308765005911573,False,True
0.735,True,2330.89501953125,4.8973588943481445,16227.477223640719,16.00254814945169,19.811105728149414,3.393366813659668,0.0862937087568898,19.39267349243164,4.8973588943481445,0.05457389389679189,False,True
0.74,True,2346.310546875,4.81552791595459,16229.421998596068,16.002481016976443,20.05668830871582,3.457751512527466,0.09179565036603969,19.443641662597656,4.81552791595459,0.054756302109978436,False,True
0.745,True,2361.060791015625,4.649642467498779,16230.881968608326,16.003316123045327,20.084285736083984,3.4109766483306885,0.09312303958721213,19.51268768310547,4.649642467498779,0.05439312020876783,False,True
0.75,True,2375.86279296875,4.491663455963135,16238.492287188754,16.004189016083405,20.32120132446289,3.546703338623047,0.09933983921405239,19.556625366210938,4.491663455963135,0.05710944310648419,False,True
0.755,True,2390.3837890625,4.41458797454834,16244.683779916706,16.005069123740636,20.455181121826172,3.6027262210845947,0.09696347112785922,19.62613296508789,4.41458797454834,0.05933317475704818,False,True
0.76,True,2404.88623046875,4.263680934906006,16254.64747624521,16.00671484424346,20.572433471679688,3.6992201805114746,0.09206057402827325,19.70360565185547,4.263680934906006,0.05641299205723593,False,True
0.765,True,2420.4287109375,4.132165908813477,16260.518744695992,16.00654193223925,20.636524200439453,3.744746208190918,0.09252613765260513,19.892314910888672,4.132165908813477,0.05727517741567783,False,True
0.77,True,2435.144287109375,4.085954666137695,16249.48305400281,16.006133023942528,20.74822235107422,3.9947426319122314,0.0899664449287387,20.010334014892578,4.085954666137695,0.06005017945933187,False,True
0.775,True,2450.54052734375,4.071601867675781,16256.586916841215,16.006251035865578,20.895652770996094,4.071601867675781,0.09765242829933245,20.127613067626953,3.929892063140869,0.061031318576613564,True,False
0.78,True,2466.4072265625,4.199363708496094,16249.327908935355,16.00596773302188,21.043651580810547,4.199363708496094,0.105337382473259,20.33325958251953,3.843773365020752,0.05261058258237975,True,False
0.785,True,2481.75732421875,4.259037494659424,16245.302821396335,16.005925727449075,21.04029083251953,4.259037494659424,0.09922494811169519,20.596172332763672,3.867954730987549,0.058843778337442566,True,False
0.79,True,2496.73681640625,4.370973110198975,16259.100131455387,16.005900039999883,21.041433334350586,4.370973110198975,0.09412503405287982,20.778989791870117,3.7081353664398193,0.0622580067753633,True,False
0.795,True,2512.22265625,4.401642322540283,16261.710314876067,16.006384858054304,21.157487869262695,4.401642322540283,0.09800836106614838,20.92132568359375,3.588043212890625,0.06573065921999287,True,False
0.8,True,2526.601318359375,4.509880542755127,16260.179258978553,16.00568553708087,21.212055206298828,4.509880542755127,0.09850859454811152,21.065372467041016,3.4087390899658203,0.06168747797154197,True,False
0.805,True,2540.825927734375,4.612025737762451,16259.482075124422,16.005541945179658,21.26019859313965,4.612025737762451,0.09162374698038603,21.246917724609375,3.281541109085083,0.06034654278693214,True,False
0.81,True,2555.41259765625,4.64396333694458,16259.521452841394,16.00496469608197,21.320663452148438,4.64396333694458,0.09196757711171465,21.4022216796875,3.0647635459899902,0.057423936119710556,True,False
0.8150000000000001,True,2570.808837890625,4.651431560516357,16267.464494710954,16.005727268415278,21.466318130493164,4.651431560516357,0.09236650163406432,21.57593536376953,2.9591867923736572,0.06044525448123453,True,False
0.8200000000000001,True,2585.9931640625,4.691098213195801,16267.521256026694,16.00578200072511,21.56778335571289,4.691098213195801,0.0942827147605012,21.688404083251953,2.8011422157287598,0.0609499731948217,True,False
0.8250000000000001,True,2601.230712890625,4.6802825927734375,16264.940106292841,16.006088739207947,21.63648223876953,4.6802825927734375,0.09158181771223076,21.799968719482422,2.6062729358673096,0.060857927042075884,True,False
0.8300000000000001,True,2615.824462890625,4.714413166046143,16258.930178669154,16.005461379548628,21.809467315673828,4.714413166046143,0.09530727870247649,21.936859130859375,2.485442638397217,0.05892541807111021,True,False
0.835,True,2631.13330078125,4.791755199432373,16249.960271747566,16.005306399424995,21.924911499023438,4.791755199432373,0.08541971287368366,22.101917266845703,2.319974899291992,0.059882592629407684,True,False
0.84,True,2646.3662109375,4.600366115570068,16256.318649274035,16.006208322399665,22.09471893310547,4.600366115570068,0.08286860032490967,22.086101531982422,2.1879265308380127,0.05226114918787157,True,False
0.845,True,2661.20556640625,4.596770763397217,16260.215450918216,16.00857928934117,22.202638626098633,4.596770763397217,0.0763915747403273,22.171913146972656,1.9665329456329346,0.05082105591448323,True,False
0.85,True,2676.33642578125,4.430322647094727,16276.170505293023,16.0079731441823,22.27789306640625,4.430322647094727,0.07677931174959689,22.235694885253906,1.7202210426330566,0.04920431858149108,True,False
0.855,True,2691.94677734375,4.398931503295898,16283.498981514025,16.006471438563626,22.3870792388916,4.398931503295898,0.07527889524015735,22.469005584716797,1.539402723312378,0.04064173180606489,True,False
0.86,True,2706.69091796875,4.362346172332764,16294.066130426227,16.0052016537971,22.533206939697266,4.362346172332764,0.07557308576719071,22.61676025390625,1.3593083620071411,0.0333636715824474,True,False
0.865,True,2721.995849609375,4.291365146636963,16311.83967461096,16.005261069468965,22.664867401123047,4.291365146636963,0.0707376022322741,22.732906341552734,1.1993718147277832,0.031111908586459642,True,False
0.87,True,2737.074462890625,4.2295145988464355,16329.56167024795,16.005680757748664,22.770217895507812,4.2295145988464355,0.06846124292219959,22.831884384155273,1.2512472867965698,0.027534108425105154,True,False
0.875,True,2752.210205078125,4.18438720703125,16334.597250956067,16.005389184789653,22.969215393066406,4.18438720703125,0.07187582870203504,22.981765747070312,1.2507128715515137,0.03195631111292787,True,False
0.88,True,2766.79345703125,4.165237903594971,16346.777962468335,16.00560288278784,23.12517738342285,4.165237903594971,0.06547163909372827,23.139392852783203,1.3001259565353394,0.029581124986731638,True,False
0.885,True,2782.25439453125,4.19381046295166,16353.623800895903,16.004106376068755,23.28478240966797,4.19381046295166,0.06527265732379423,23.311119079589844,1.3164130449295044,0.031103135994407748,True,False
0.89,True,2797.336669921875,4.018854141235352,16359.252234876576,16.00438019284325,23.391036987304688,4.018854141235352,0.0682513574388852,23.494281768798828,1.3348239660263062,0.035589830592134115,True,False
0.895,True,2811.46533203125,3.952460289001465,16364.757765090706,16.004089983206125,23.631607055664062,3.952460289001465,0.06650860739116563,23.556442260742188,1.2763017416000366,0.0347650210777722,True,False
0.9,True,2826.913818359375,3.888582229614258,16374.136795614957,16.004160097851113,23.774913787841797,3.888582229614258,0.061378810591140115,23.636770248413086,1.196908712387085,0.03609342088048365,True,False
0.905,True,2843.10791015625,3.826158285140991,16382.315995576395,16.004682691605193,23.905437469482422,3.826158285140991,0.054720583791960285,23.691509246826172,1.1515470743179321,0.03286842923655934,True,False
0.91,True,2858.57861328125,3.717014789581299,16381.916419721418,16.00521951882149,24.04496192932129,3.717014789581299,0.05422742264794025,23.75084686279297,1.06893789768219,0.03753713801350255,True,False
0.915,True,2872.165283203125,3.6897871494293213,16383.23422356409,16.00401585553808,24.149940490722656,3.6897871494293213,0.05084038616350467,23.789257049560547,0.9877710938453674,0.04296631204308893,True,False
0.92,True,2888.08251953125,3.583050489425659,16391.83948861971,16.0040162336838,24.316421508789062,3.583050489425659,0.05675103626878696,23.82534408569336,0.9583709239959717,0.04107660612152237,True,False
0.925,True,2903.661376953125,3.5033702850341797,16398.821700086824,16.004106680539795,24.40256690979004,3.5033702850341797,0.059380160762475195,23.948902130126953,0.9024598002433777,0.041114894568884945,True,False
0.93,True,2918.114013671875,3.484510898590088,16394.545546061763,16.00417346356787,24.571697235107422,3.484510898590088,0.056357637186963676,23.97169303894043,0.8539995551109314,0.04149206714841085,True,False
0.935,True,2933.219970703125,3.518113613128662,16391.499430021504,16.004035853192505,24.7939453125,3.518113613128662,0.05539878624852741,24.083030700683594,0.8480793833732605,0.04701232917524041,True,False
0.9400000000000001,True,2948.15380859375,3.4932801723480225,16393.366212570865,16.004225862606305,24.83319091796875,3.4932801723480225,0.05643406623304156,24.320037841796875,0.882025957107544,0.054805872020151775,True,False
0.9450000000000001,True,2962.478515625,3.3447020053863525,16396.883840922732,16.004770906067662,24.978290557861328,3.3447020053863525,0.04648530139015937,24.433631896972656,0.9126103520393372,0.05591377898590231,True,False
0.9500000000000001,True,2977.4765625,3.2894508838653564,16388.73188697441,16.003975428003027,25.09554672241211,3.2894508838653564,0.05279400796973455,24.53192901611328,0.9357565641403198,0.04833298676862616,True,False
0.9550000000000001,True,2993.035400390625,3.2167224884033203,16387.517612279957,16.003000557839478,25.244781494140625,3.2167224884033203,0.05222210485114083,24.63222885131836,0.9982870817184448,0.049066542849058516,True,False
0.96,True,3008.14208984375,3.1828420162200928,16387.599966749516,16.003058558229032,25.41268539428711,3.1828420162200928,0.04546598885849111,24.763824462890625,1.059746503829956,0.05318291636323675,True,False
0.965,True,3023.263916015625,3.1109774112701416,16383.669652872004,16.002760741811542,25.541240692138672,3.1109774112701416,0.04317295817899588,24.963443756103516,1.0481754541397095,0.05928790807290323,True,False
0.97,True,3037.72607421875,3.1302807331085205,16383.294624428954,16.002476699130103,25.72534942626953,3.1302807331085205,0.0439019558656097,25.09513282775879,1.041769027709961,0.06263898317408681,True,False
0.975,True,3051.8642578125,3.0953853130340576,16398.018694338818,16.00170160032143,25.882219314575195,3.0953853130340576,0.043362428940609724,25.1317081451416,1.0264451503753662,0.06387233512606189,True,False
0.98,True,3066.67578125,3.044482946395874,16396.742100219937,16.001680250516042,25.939472198486328,3.044482946395874,0.04601770156644409,25.197782516479492,1.0316873788833618,0.06471548811401562,True,False
0.985,True,3080.49267578125,2.920069456100464,16402.957218073523,16.002128992236106,26.07529067993164,2.920069456100464,0.047007254313365616,25.35208511352539,0.9838547706604004,0.07126714622149613,True,False
0.99,True,3095.31005859375,2.9233686923980713,16406.2170319407,16.002132083602277,26.257801055908203,2.9233686923980713,0.047310051490845176,25.441429138183594,0.9319747090339661,0.07409303994685414,True,False
0.995,True,3109.78076171875,2.7993550300598145,16411.324192732704,16.001266375368296,26.334903717041016,2.7993550300598145,0.040184363519688814,25.589170455932617,0.8876069784164429,0.07312241923698115,True,False
1.0,True,3124.5087890625,2.665130853652954,16417.77910232669,16.002372887063057,26.54752540588379,2.665130853652954,0.036057809177602845,25.744338989257812,0.8394188284873962,0.06439872892335892,True,False
1.0050000000000001,True,3139.418212890625,2.5781044960021973,16438.139270071206,16.00265448935047,26.797372817993164,2.5781044960021973,0.03967193261176189,25.858667373657227,0.8029310703277588,0.06506561495185967,True,False
1.01,True,3153.113037109375,2.4532294273376465,16435.872420611886,16.00137826924778,26.960323333740234,2.4532294273376465,0.043491886133676674,26.10793685913086,0.7715096473693848,0.061815846165232814,True,False
1.0150000000000001,True,3167.537109375,2.3675661087036133,16442.566381993285,16.00028663404708,27.09598731994629,2.3675661087036133,0.04961698475438495,26.186084747314453,0.7386130690574646,0.055728465708858047,True,False
1.02,True,3182.100830078125,2.257171392440796,16443.81962314847,16.00060775957999,27.248010635375977,2.257171392440796,0.03831333212486273,26.270484924316406,0.6637325882911682,0.05703408316931712,True,False
1.025,True,3197.6796875,2.1883955001831055,16445.955490601165,15.998930952047848,27.35059356689453,2.1883955001831055,0.03788981894317287,26.375612258911133,0.6643245816230774,0.05698901763196163,True,False
1.03,True,3212.4560546875,2.0502140522003174,16456.06137256406,16.00026994479939,27.384235382080078,2.0502140522003174,0.03520451589691456,26.52266502380371,0.6468924880027771,0.054103809975959614,True,False
1.035,True,3227.171875,1.9541406631469727,16458.59536379101,16.00025755542115,27.51519012451172,1.9541406631469727,0.032518620572298595,26.738449096679688,0.6232948899269104,0.05471437038709512,True,False
1.04,True,3241.29833984375,1.9136741161346436,16461.79610010603,15.998877898571367,27.614471435546875,1.9136741161346436,0.031207503993068306,26.95941925048828,0.6248204112052917,0.054130354788639375,True,False
1.045,True,3256.367919921875,1.858669638633728,16458.002554109287,15.997884035268832,27.74627685546875,1.858669638633728,0.029781299781719416,27.158607482910156,0.6343150734901428,0.05320826395968616,True,False
1.05,True,3272.86181640625,1.8362634181976318,16460.914242573155,15.99936540135864,27.859209060668945,1.7753961086273193,0.018257820019434903,27.284475326538086,0.6261355876922607,0.048889859419718365,False,False
1.055,True,3287.89599609375,1.939315676689148,16456.845411582355,15.999575093085667,27.9976749420166,1.63057541847229,0.016666235146764855,27.343177795410156,0.6500504612922668,0.049944163976253605,False,False
1.06,True,3302.80517578125,2.0023152828216553,16457.935000781243,16.000412941161194,28.070812225341797,1.5968644618988037,0.015067260221926582,27.53742790222168,0.6447926759719849,0.05108929684918563,False,False
1.065,True,3317.05419921875,2.025259494781494,16449.47672628334,15.999831667440718,28.220487594604492,1.463898777961731,0.01898922862296361,27.681743621826172,0.6302480697631836,0.052216555243837795,False,False
1.07,True,3331.230224609375,2.0494184494018555,16449.68374994094,16.000446974086927,28.352020263671875,1.3466728925704956,0.019502557848662,27.766700744628906,0.649016797542572,0.05448499264168654,False,False
1.075,True,3345.421142578125,2.0708305835723877,16445.88397672121,16.0021323862421,28.492956161499023,1.2469687461853027,0.012124696182872466,27.879907608032227,0.6886760592460632,0.05865954969109001,False,False
1.08,True,3358.664794921875,2.0731098651885986,16439.20116421216,16.00143134837522,28.578990936279297,1.1529245376586914,0.010702268689903751,28.03135871887207,0.7171424627304077,0.06272914629182649,False,False
1.085,True,3373.55126953125,2.0879034996032715,16433.27183720998,16.002001936521758,28.631654739379883,1.0186445713043213,0.014162423174670171,28.21428108215332,0.7523301243782043,0.058692389150469405,False,False
1.09,True,3388.57666015625,2.087245225906372,16422.062706568053,16.000500679079273,28.854089736938477,0.9355431199073792,0.019168272232993496,28.293682098388672,0.7565386295318604,0.05808899499906551,False,False
1.095,True,3403.025146484375,2.166862964630127,16419.137956331386,16.00047971190374,28.88336944580078,0.9214671850204468,0.022133741708444597,28.43741226196289,0.7752259373664856,0.061927505890798054,False,False
1.1,True,3416.509033203125,2.1673080921173096,16418.42616261962,16.000383291453876,29.00147247314453,0.9228804111480713,0.028139456537638816,28.645368576049805,0.7947080731391907,0.06586056970729326,False,False
1.105,True,3431.19677734375,2.1508538722991943,16422.09466569459,15.999414105476866,29.141464233398438,0.900460958480835,0.027288891831940637,28.792217254638672,0.8276751637458801,0.06798340308589068,False,False
1.11,True,3446.28076171875,2.060925245285034,16416.525347793184,15.999937156280573,29.180580139160156,0.862650454044342,0.025991768460227833,28.9141788482666,0.8362269401550293,0.07522849595579115,False,False
1.115,True,3460.28125,2.031325578689575,16416.232272418907,15.99984869867529,29.17791175842285,0.7933418154716492,0.031164126545543056,29.03339195251465,0.8059244751930237,0.07357746280259111,False,False
1.12,True,3474.999755859375,1.9729702472686768,16420.93779619976,15.997722517744,29.356971740722656,0.7792443633079529,0.03693692223696978,29.181686401367188,0.8421865105628967,0.07624646673795756,False,False
1.125,True,3490.245361328125,1.9285351037979126,16422.086942949434,15.998290697319206,29.47330665588379,0.8164140582084656,0.0352261174591955,29.365013122558594,0.8669362664222717,0.08228269574010887,False,False
1.1300000000000001,True,3504.18505859375,1.8595740795135498,16430.937740177123,15.998554222652563,29.465557098388672,0.8305238485336304,0.03308260722949883,29.533716201782227,0.896233081817627,0.08352039073987745,False,False
1.135,True,3518.565673828125,1.7568968534469604,16437.31294244114,15.999654521594834,29.504119873046875,0.8568373918533325,0.03042878254022436,29.655994415283203,0.8750808835029602,0.08253909410625994,False,False
1.1400000000000001,True,3532.35009765625,1.676613688468933,16440.8406036982,15.998533879465436,29.722332000732422,0.873529851436615,0.037607256516050395,29.858333587646484,0.9164549112319946,0.08660209348101916,False,False
1.145,True,3545.3701171875,1.6393790245056152,16440.01830028762,15.998584025452688,29.808860778808594,0.8783137202262878,0.03758892806319565,29.908966064453125,0.9594038724899292,0.0845036382397442,False,False
1.1500000000000001,True,3559.97412109375,1.5825412273406982,16439.901020019337,15.998119333324357,29.886592864990234,0.8199548721313477,0.04081831512972299,30.072860717773438,0.9956367015838623,0.08218284860683965,False,False
1.155,True,3573.016845703125,1.4580645561218262,16450.94494777925,15.997872131523838,29.98590850830078,0.8233107328414917,0.040075774155750477,30.11319351196289,1.012622356414795,0.08789067659639957,False,False
1.16,True,3587.48828125,1.3688547611236572,16465.05722446111,15.998110391236965,29.97293472290039,0.7987361550331116,0.04359492519614324,30.173660278320312,0.9926745891571045,0.08730114877073421,False,False
1.165,True,3600.80908203125,1.3433700799942017,16477.268289695447,15.998953986453678,30.187978744506836,0.7825027704238892,0.04446820643828851,30.28122329711914,1.0341380834579468,0.0867817630474719,False,False
1.17,True,3615.073974609375,1.4012409448623657,16489.1619341502,15.999407998531556,30.27924346923828,0.7847714424133301,0.04450548273041337,30.406949996948242,1.00371253490448,0.08363844713797655,False,False
1.175,True,3629.74853515625,1.4585551023483276,16491.0068521685,15.999707692879097,30.40001678466797,0.8285077810287476,0.04608854394178153,30.577259063720703,0.9172113537788391,0.08517449877485792,False,False
1.18,True,3644.37841796875,1.5730507373809814,16494.266988475178,16.000203463623915,30.619537353515625,0.8334355354309082,0.03961297664214777,30.765682220458984,0.8865252137184143,0.09415185078898443,False,False
1.185,True,3659.09814453125,1.5280890464782715,16494.054278354,16.00028630278231,30.79944610595703,0.8712143898010254,0.04167881086165401,30.885299682617188,0.8478067517280579,0.09651174009555369,False,False
1.19,True,3674.6865234375,1.5594100952148438,16495.410755751243,16.001072147343486,31.028413772583008,0.844862699508667,0.0365466598065812,31.008140563964844,0.8545106649398804,0.09877412155431535,False,False
1.195,True,3688.52001953125,1.6017242670059204,16492.67801849017,16.00084407810791,31.165485382080078,0.8364385366439819,0.035230984799450735,31.078929901123047,0.8525905609130859,0.10212873356617024,False,False
1.2,True,3703.2802734375,1.5540549755096436,16487.926583162778,16.000810191244607,31.33200454711914,0.7872537970542908,0.034026496182764376,31.122802734375,0.878810465335846,0.10364671937511664,False,False
1.205,True,3717.847900390625,1.5299723148345947,16480.38402956698,15.999968160005826,31.542694091796875,0.777021586894989,0.03705784365896995,31.261226654052734,0.9453240633010864,0.10392887035849302,False,False
1.21,True,3732.12353515625,1.4712034463882446,16475.58206195894,16.000225186169562,31.70941925048828,0.8318012952804565,0.03782093425307843,31.306062698364258,0.9584420919418335,0.10011796756343422,False,False
1.215,True,3747.3486328125,1.4219859838485718,16480.70132785749,16.00006537177773,31.82368278503418,0.810100793838501,0.04360749779091749,31.444515228271484,0.9704946279525757,0.09688929397079056,False,False
1.22,True,3761.138427734375,1.391370415687561,16471.82888070758,15.999779805360017,31.92587661743164,0.8312047123908997,0.046575814767603765,31.60223388671875,0.9972068667411804,0.09530761127226335,False,False
1.225,True,3776.7763671875,1.3866076469421387,16463.939136183326,15.99869651179875,32.017478942871094,0.8482720851898193,0.040066130298789006,31.664976119995117,0.9998935461044312,0.0972412991911536,False,False
1.23,True,3791.81396484375,1.3636642694473267,16455.94443916883,15.998587940013216,32.1700439453125,0.8501968383789062,0.04334945319977891,31.766788482666016,1.0432024002075195,0.09824129705746645,False,False
1.235,True,3806.381591796875,1.3934601545333862,16448.88463845801,15.998894189809265,32.37912368774414,0.8944856524467468,0.04434718461463512,31.843265533447266,1.0534377098083496,0.09713480612522617,False,False
1.24,True,3821.292236328125,1.4285248517990112,16446.166236217854,15.9989472443373,32.63739013671875,0.9001348614692688,0.039307023248817234,31.984699249267578,1.0555167198181152,0.08742711334505322,False,False
1.245,True,3835.587890625,1.4054123163223267,16443.881159619035,15.99821713550401,32.79399871826172,0.8774498701095581,0.03621193199332078,32.182518005371094,1.0122557878494263,0.08186413921254408,False,False
1.25,True,3850.430419921875,1.415752649307251,16445.935839813006,15.997535720422828,32.90235900878906,0.9378836750984192,0.03224018232892069,32.27606201171875,1.0216939449310303,0.08521096852420577,False,False
1.2550000000000001,True,3864.209228515625,1.40562903881073,16440.826741333196,15.997881235856607,33.06753921508789,0.9297217726707458,0.026445272458041423,32.45438766479492,1.0634071826934814,0.08952655660371274,False,False
1.26,True,3878.12744140625,1.3484869003295898,16449.273163528054,15.998238383663049,33.19434356689453,0.9238104224205017,0.023671096573858307,32.55890655517578,1.0934597253799438,0.08934972307869157,False,False
1.2650000000000001,True,3890.864501953125,1.3484693765640259,16456.14041162924,15.998551517302475,33.356529235839844,0.9878238439559937,0.02066710041910478,32.649024963378906,1.0367791652679443,0.08846789161677521,False,False
1.27,True,3905.3798828125,1.3655166625976562,16451.52553225578,15.998045071397307,33.45429611206055,1.0120019912719727,0.0199445014666111,32.79258346557617,1.0023287534713745,0.09105967412718576,False,False
1.2750000000000001,True,3920.833251953125,1.3563368320465088,16451.49539584748,15.998336105493685,33.44502258300781,1.010471224784851,0.014357962603443731,32.86818313598633,0.9867819547653198,0.08697833386586926,False,False
1.28,True,3936.263427734375,1.3906958103179932,16451.324798668666,15.998772530090482,33.595703125,1.0114866495132446,0.018982356826425066,33.085289001464844,1.0435545444488525,0.08377050818727487,False,False
1.285,True,3951.020263671875,1.4395381212234497,16453.00647090113,15.997737553038943,33.79757308959961,1.046280026435852,0.01796457349610201,33.188777923583984,1.0537394285202026,0.08265738503747162,False,False
1.29,True,3965.2353515625,1.4363491535186768,16457.184898032203,15.997334401830829,33.950435638427734,1.0624611377716064,0.01905378407329322,33.40705108642578,1.0390806198120117,0.07989830121548036,False,False
1.295,True,3979.206298828125,1.3904720544815063,16468.423650796354,15.997566126954544,34.02952575683594,1.0492390394210815,0.02402986375576385,33.51060104370117,1.0498521327972412,0.07636511247674671,False,False
1.3,True,3994.3818359375,1.3590443134307861,16467.771271207857,15.996977272114693,34.1019401550293,1.0578194856643677,0.02590236699053128,33.64179992675781,1.0222564935684204,0.07701318008108222,False,False
1.305,True,4009.12158203125,1.355016827583313,16470.792731273512,15.99705103225939,34.247955322265625,1.0791876316070557,0.03407331739437968,33.721492767333984,0.9791141152381897,0.07862620374373196,False,False
1.31,True,4023.65234375,1.3725172281265259,16467.630244672702,15.996664895876219,34.24725341796875,1.1653703451156616,0.03325918967790527,33.787742614746094,0.9726115465164185,0.08228492316551564,False,False
1.315,True,4039.0400390625,1.3870930671691895,16469.924718605012,15.996475778287817,34.39777374267578,1.2518303394317627,0.03238066523726648,33.890281677246094,0.9287664890289307,0.08150307614517335,False,False
1.32,True,4054.82080078125,1.3577351570129395,16479.138610426533,15.99527080340357,34.5643196105957,1.2972874641418457,0.040977081485119055,34.160560607910156,0.9106093049049377,0.08242849411502916,False,False
1.325,True,4070.389892578125,1.376733660697937,16471.910654087544,15.994946911367201,34.75969314575195,1.305120587348938,0.04392454908280222,34.24645233154297,0.9211505055427551,0.0843084826358995,False,False
1.33,True,4084.174560546875,1.436861515045166,16467.368919781868,15.99576235271599,34.88334274291992,1.3249245882034302,0.04835722432274654,34.40019989013672,0.9553949236869812,0.08257084919723284,False,False
1.335,True,4098.79541015625,1.3850369453430176,16462.984322983943,15.997276124035112,34.910091400146484,1.2830848693847656,0.052202482659217474,34.45156478881836,0.9419404864311218,0.0818055276185077,False,False
1.34,True,4112.4287109375,1.429783821105957,16467.074942176332,15.997476729126054,35.09040069580078,1.2732367515563965,0.05457316151134914,34.63677215576172,0.8988773822784424,0.08442102457704345,False,False
1.345,True,4127.35986328125,1.4258674383163452,16462.211661827183,15.997980109142262,35.247039794921875,1.2277536392211914,0.05741691347396334,34.829078674316406,0.9050063490867615,0.08426298125265405,False,False
1.35,True,4140.8193359375,1.5070617198944092,16463.684492744916,15.998816661521724,35.288841247558594,1.2448232173919678,0.0558030452486306,34.76046371459961,0.8900542259216309,0.07974166780542702,False,False
1.355,True,4154.7841796875,1.530137062072754,16470.294310827772,15.998491559042662,35.399269104003906,1.11519193649292,0.05706670065508035,34.793983459472656,0.8593583703041077,0.07443576384231032,False,False
1.36,True,4169.65869140625,1.4842867851257324,16475.658815500523,15.998712120246847,35.526641845703125,1.0623407363891602,0.055688575797799345,34.962615966796875,0.8734144568443298,0.07226362834804084,False,False
1.365,True,4183.4208984375,1.432611346244812,16485.501887312854,15.998458612892241,35.683998107910156,1.106321096420288,0.05438294766815533,35.0471305847168,0.8836814761161804,0.06736413245268849,False,False
1.37,True,4198.24462890625,1.4128366708755493,16489.546488403652,15.997543555246876,35.778072357177734,1.1310343742370605,0.05617166438307495,35.15749740600586,0.8801648616790771,0.06713395028917478,False,False
1.375,True,4212.2392578125,1.407585859298706,16491.563538209717,15.996586351854809,35.98955154418945,1.0951811075210571,0.05509534936689629,35.21966552734375,0.869586706161499,0.06881394563699834,False,False
1.3800000000000001,True,4224.51318359375,1.4377027750015259,16494.533718881514,15.99726638924507,36.06629943847656,1.0888032913208008,0.05517441344772485,35.274261474609375,0.8497124314308167,0.060868049508191725,False,False
1.385,True,4238.5517578125,1.5766863822937012,16496.93287492684,15.996470727141547,36.20127868652344,1.0656107664108276,0.05443911977171099,35.3203010559082,0.8114877343177795,0.05819829282693928,False,False
1.3900000000000001,True,4253.63720703125,1.609621524810791,16502.238600453547,15.996804005510276,36.355865478515625,1.0348063707351685,0.052519781215681474,35.465370178222656,0.8438655138015747,0.0554763336449509,False,False
1.395,True,4268.6240234375,1.6176767349243164,16501.819399598102,15.996495186551053,36.4910888671875,0.995086669921875,0.05470923731134457,35.68980407714844,0.8709684610366821,0.05263169434982318,False,False
1.4000000000000001,True,4283.78466796875,1.6285369396209717,16517.38897088701,15.99705839678259,36.733123779296875,0.9457756876945496,0.052719967132299365,35.82006072998047,0.9204728603363037,0.048567982638683754,False,False
1.405,True,4297.23388671875,1.7095263004302979,16521.476700158466,15.996887874966749,36.84017562866211,0.9703454971313477,0.04772226481160969,35.95317077636719,0.9034616947174072,0.04876365048012797,False,False
1.41,True,4311.77978515625,1.6725423336029053,16522.80648596956,15.99753008176406,36.86720657348633,0.9866930246353149,0.04627023488126106,35.994022369384766,0.9358341693878174,0.04890136117136854,False,False
1.415,True,4327.0458984375,1.6180202960968018,16526.3362131049,15.997714374270721,36.93903350830078,1.0096964836120605,0.046879640405482266,36.108577728271484,0.9579025506973267,0.048719780265673175,False,False
1.42,True,4340.830078125,1.6192939281463623,16530.134604767714,15.997704796728323,37.05149841308594,1.0659457445144653,0.04608281314204517,36.22205352783203,0.9558826088905334,0.04878698354570491,False,False
1.425,True,4355.33203125,1.6617670059204102,16530.367112476397,15.996610855408962,37.22024917602539,1.140535593032837,0.04022654050787611,36.31747055053711,0.9660220146179199,0.04933156135842795,False,False
1.43,True,4369.60205078125,1.8039671182632446,16522.216655143766,15.994960057145716,37.39229202270508,1.2438043355941772,0.03742288334128573,36.41617202758789,0.946130096912384,0.0500600860233351,False,False
1.435,True,4383.58740234375,1.8217720985412598,16512.327811248007,15.993889256916999,37.477203369140625,1.2732453346252441,0.03783900371627814,36.63811492919922,0.9461000561714172,0.04813350076350539,False,False
1.44,True,4396.701171875,1.8588292598724365,16514.724706703095,15.993004047609977,37.656646728515625,1.3061922788619995,0.035188111085224294,36.8238410949707,0.9603668451309204,0.0465366100424278,False,False
1.445,True,4410.5673828125,2.0177059173583984,16511.61452770737,15.992971922613345,37.762481689453125,1.3202273845672607,0.03253221562919129,37.017982482910156,0.929794192314148,0.04521457789350932,False,False
1.45,True,4424.9130859375,2.101172924041748,16510.701440192424,15.99143332306403,37.87794494628906,1.3612439632415771,0.03610925349389638,37.139488220214844,0.987401008605957,0.051035475168641674,False,False
1.455,True,4440.16748046875,2.0773842334747314,16505.83981404007,15.99248578743397,37.97043991088867,1.363599419593811,0.0355799607819755,37.121952056884766,0.9744844436645508,0.05047699275426055,False,False
1.46,True,4456.255859375,2.085085153579712,16504.04846970227,15.991867016827626,37.945587158203125,1.3794152736663818,0.03299370625841894,37.30816650390625,0.9862333536148071,0.05126439127792479,False,False
1.465,True,4469.87841796875,2.1140694618225098,16499.72965091016,15.992413141482489,37.92706298828125,1.3527929782867432,0.03748258200871743,37.47039031982422,1.0820567607879639,0.053743589355868475,False,False
1.47,True,4483.28271484375,2.0433619022369385,16498.3699194897,15.99268987151783,37.91021728515625,1.3631175756454468,0.033656552577859614,37.51060485839844,1.0924632549285889,0.0557824942771029,False,False
1.475,True,4498.17138671875,2.0059895515441895,16491.696294860347,15.992061071798547,38.07788848876953,1.3580965995788574,0.032195488540455224,37.54554748535156,1.1707823276519775,0.0626886417145837,False,False
1.48,True,4513.9736328125,1.9031509160995483,16487.487158248347,15.991342034127102,38.3056755065918,1.3198630809783936,0.031073879364749517,37.780921936035156,1.1117783784866333,0.0628196723182429,False,False
1.485,True,4529.7529296875,1.7259507179260254,16491.94214350473,15.992270994945741,38.27912902832031,1.3616284132003784,0.030393452136145686,37.843421936035156,1.093390941619873,0.06092574751987924,False,False
1.49,True,4544.69580078125,1.6853123903274536,16495.72765525042,15.991766229150643,38.45280838012695,1.2865763902664185,0.02471696226616262,38.081695556640625,1.0920159816741943,0.06308099512066603,False,False
1.495,True,4558.61767578125,1.594313621520996,16497.512306025576,15.991540289163105,38.55134582519531,1.2727330923080444,0.021981951100086265,38.17439651489258,1.1081829071044922,0.0650408228016693,False,False
1.5,True,4573.84716796875,1.6420420408248901,16501.337256115232,15.992477834264385,38.66476821899414,1.2653672695159912,0.020104940040028257,38.30643081665039,1.0812911987304688,0.07080689286043583,False,False
1.5050000000000001,True,4588.806640625,1.7554447650909424,16506.288812953975,15.992664437755904,38.71270751953125,1.199483036994934,0.02187505801364901,38.41961669921875,1.1490613222122192,0.07353393233912256,False,False
1.51,True,4601.59765625,1.7281912565231323,16509.46040857793,15.992461583098214,38.79106903076172,1.2432096004486084,0.021437172100730865,38.51563262939453,1.108210802078247,0.06813618739421035,False,False
1.5150000000000001,True,4616.59814453125,1.6979953050613403,16512.280731496776,15.99364077807041,39.04887390136719,1.2338277101516724,0.01954843006463366,38.72871017456055,1.032308578491211,0.07367185589661097,False,False
1.52,True,4630.919921875,1.6382766962051392,16520.822649037076,15.993824559659162,39.1898193359375,1.1907511949539185,0.017129321719865784,38.89845657348633,1.0543471574783325,0.07064569541442878,False,False
1.5250000000000001,True,4645.9765625,1.5768753290176392,16519.134259945644,15.993788989779857,39.25077819824219,1.1814122200012207,0.018597166409011368,39.00257873535156,1.0669639110565186,0.07146588644947949,False,False
1.53,True,4659.8408203125,1.5754992961883545,16524.992475452273,15.992965252220387,39.45231628417969,1.1095103025436401,0.01571807837022054,39.07362365722656,1.0885251760482788,0.06868634589884878,False,False
1.5350000000000001,True,4675.19482421875,1.559052586555481,16532.37508687755,15.993582851500769,39.58821105957031,1.1437585353851318,0.016708292036670326,39.21331024169922,1.1193139553070068,0.0673664537470357,False,False
1.54,True,4689.61328125,1.5432931184768677,16535.974556179684,15.99216945067681,39.70988464355469,1.0964999198913574,0.018574679414867002,39.451080322265625,1.1055428981781006,0.0698072242017745,False,False
1.545,True,4704.697265625,1.505552053451538,16538.93177908355,15.99130546435242,39.76496887207031,1.0242228507995605,0.02284869416026966,39.62346267700195,1.1229931116104126,0.06577611289606324,False,False
1.55,True,4720.0634765625,1.5402246713638306,16542.013937072927,15.990612062422873,39.83235549926758,0.9833379983901978,0.0262007017481661,39.82978820800781,1.184951901435852,0.06677222659749228,False,False
1.555,True,4734.2197265625,1.6242669820785522,16549.762010019476,15.990301958432754,39.815391540527344,1.0209497213363647,0.02740340969399759,40.06822967529297,1.267362356185913,0.06886079683945284,False,False
1.56,True,4749.24755859375,1.7215076684951782,16550.28715364007,15.990581067028383,39.851383209228516,0.9967038631439209,0.028154932242266287,40.167991638183594,1.3709280490875244,0.06741002796904841,False,False
1.565,True,4762.34033203125,1.7497047185897827,16540.820193673633,15.989782574390281,39.98553466796875,0.9848591685295105,0.03399266316098755,40.30608367919922,1.4264514446258545,0.06241193709115371,False,False
1.57,True,4775.6376953125,1.7168220281600952,16543.672988616196,15.988474307688398,40.103065490722656,1.0051299333572388,0.028124062711436387,40.426658630371094,1.4796946048736572,0.06375763448454233,False,False
1.575,True,4789.5947265625,1.7008681297302246,16546.3588081866,15.987742894306658,40.26190185546875,1.0196584463119507,0.02935133176129573,40.51475524902344,1.49093759059906,0.05502680355977294,False,False
1.58,True,4803.48291015625,1.7412959337234497,16549.89748117429,15.986949932133538,40.36955261230469,1.0271307229995728,0.029098209781664393,40.63535690307617,1.4461005926132202,0.057209465067681785,False,False
1.585,True,4816.5205078125,1.7594459056854248,16546.320033900174,15.985907939974924,40.51545715332031,1.0312726497650146,0.025026802384580778,40.88626480102539,1.4402902126312256,0.05581690938602676,False,False
1.59,True,4831.3974609375,1.7532304525375366,16540.82792461676,15.98593620196811,40.64480209350586,1.0205669403076172,0.02742256840635235,40.8680419921875,1.4528790712356567,0.05794905354452201,False,False
1.595,True,4844.68017578125,1.8558237552642822,16539.814838787493,15.986099059024465,40.60879135131836,1.0419467687606812,0.029238010394539115,40.85062789916992,1.365890622138977,0.058113695628852435,False,False
1.6,True,4859.32763671875,1.893042802810669,16536.882282153132,15.985885610194572,40.650535583496094,1.0549699068069458,0.033459691550432616,41.022056579589844,1.231321096420288,0.053397166923205674,False,False
1.605,True,4873.2001953125,1.9479081630706787,16530.999364769497,15.985868089055346,40.84484100341797,1.1165294647216797,0.03304691954335049,40.97742462158203,1.2628973722457886,0.057218932815443484,False,False
1.61,True,4886.59375,1.8859835863113403,16536.116714321266,15.98575663501842,41.00907897949219,1.1996080875396729,0.03407366956217127,40.91834259033203,1.1640338897705078,0.054861632373693466,False,False
1.615,True,4899.03369140625,1.8272026777267456,16534.986653781976,15.986128614140338,41.23014831542969,1.204858422279358,0.03556987091108095,41.06797790527344,1.1181613206863403,0.053849924406439126,False,False
1.62,True,4912.3935546875,1.7771434783935547,16535.699218637274,15.985891933118296,41.45035171508789,1.1918574571609497,0.03531972002231585,41.311729431152344,1.049713134765625,0.05336333848900633,False,False
1.625,True,4925.7548828125,1.637626051902771,16537.140201833543,15.984134353509475,41.636878967285156,1.1993112564086914,0.03377411318244822,41.37348937988281,1.0559667348861694,0.05395006408222292,False,False
1.6300000000000001,True,4939.61865234375,1.6295355558395386,16546.739953361484,15.98315870013925,41.728187561035156,1.2295305728912354,0.03372843428094376,41.47501754760742,1.1316845417022705,0.056134533033318265,False,False
1.635,True,4954.26806640625,1.6749414205551147,16553.992823749748,15.984048878449345,41.81488037109375,1.1375070810317993,0.03657275593467958,41.57073974609375,1.209942102432251,0.0596488928607009,False,False
1.6400000000000001,True,4968.39501953125,1.6516917943954468,16556.79539701387,15.984042919595101,41.84925079345703,1.1173700094223022,0.03333737379778711,41.64918899536133,1.2209093570709229,0.05314181118582651,False,False
1.645,True,4980.98193359375,1.7059853076934814,16560.782576200323,15.982852774776015,42.04609680175781,1.1376268863677979,0.03401637293971614,41.718116760253906,1.2312885522842407,0.056026293997254485,False,False
1.6500000000000001,True,4994.4345703125,1.710518717765808,16569.955266697343,15.982489535761928,42.26238250732422,1.054555058479309,0.033424195670802376,41.71076965332031,1.2260982990264893,0.058544593565673486,False,False
1.655,True,5008.86376953125,1.7066863775253296,16581.684587562984,15.982873403298823,42.369537353515625,1.0079386234283447,0.028996789704862344,41.76057815551758,1.2175928354263306,0.05627833056683686,False,False
1.6600000000000001,True,5022.85546875,1.6654736995697021,16589.659504649484,15.98238478888434,42.52970886230469,1.0405322313308716,0.03499778978421365,41.84588623046875,1.194094181060791,0.055353902133987,False,False
1.665,True,5037.3466796875,1.7158974409103394,16590.253491550262,15.981991339175446,42.69438934326172,1.0805760622024536,0.03697120226199755,41.951053619384766,1.195886254310608,0.053486640310757,False,False
1.67,True,5051.50634765625,1.6930700540542603,16596.07834731854,15.982093709472954,42.940826416015625,1.0918169021606445,0.036394306352852596,42.033119201660156,1.2229218482971191,0.05715348418631018,False,False
1.675,True,5064.2978515625,1.7525242567062378,16594.71954948843,15.982008087764601,43.100650787353516,1.1276154518127441,0.037895811200614596,42.069393157958984,1.2697672843933105,0.05959846542663825,False,False
1.68,True,5077.39501953125,1.7652509212493896,16599.195211759994,15.981732017551918,43.21892166137695,1.1443496942520142,0.041842215366686426,42.09612274169922,1.2429850101470947,0.06072047327126456,False,False
1.685,True,5091.26513671875,1.810472846031189,16595.287854138878,15.981266214074363,43.26369094848633,1.1946358680725098,0.04575332470071711,42.136436462402344,1.1398603916168213,0.064988424543486,False,False
1.69,True,5105.81640625,1.8590571880340576,16597.00532525273,15.980133203371143,43.24053192138672,1.185304880142212,0.04583459611406641,42.30647277832031,1.1355456113815308,0.06589967884398021,False,False
1.695,True,5118.86181640625,1.8331406116485596,16600.643758506994,15.980038137588862,43.42200469970703,1.2176026105880737,0.04642383636877668,42.357967376708984,1.147471308708191,0.06337029465630888,False,False
1.7,True,5133.62060546875,1.9485105276107788,16602.753737588602,15.980490800705274,43.54698944091797,1.2480541467666626,0.04455829889360689,42.433433532714844,1.0722023248672485,0.06394375789595502,False,False
1.705,True,5147.3515625,1.9393054246902466,16598.98752630098,15.981117406715851,43.638492584228516,1.3217624425888062,0.04689420728985108,42.55583953857422,1.0616645812988281,0.06516507246288812,False,False
1.71,True,5161.9970703125,1.927920937538147,16599.406661614554,15.980804240185934,43.64662551879883,1.4132938385009766,0.05106451396902033,42.755149841308594,1.0716896057128906,0.06808465749490672,False,False
1.715,True,5176.6494140625,1.8480161428451538,16602.3816702156,15.979434731436548,43.755645751953125,1.423978328704834,0.05437482930979472,42.930625915527344,1.1226046085357666,0.0665822343330614,False,False
1.72,True,5190.9287109375,1.862268328666687,16611.61627499765,15.978684438134094,43.887264251708984,1.4695130586624146,0.06149359726363798,43.00560760498047,1.191497564315796,0.06778766137344307,False,False
1.725,True,5204.38427734375,1.9503370523452759,16616.744287660815,15.979268233938217,43.841739654541016,1.514202356338501,0.06391163036542721,43.1437873840332,1.2796001434326172,0.07066689999609639,False,False
1.73,True,5217.8828125,1.953320860862732,16619.89604570247,15.979205937285359,43.889381408691406,1.5606141090393066,0.054167312429160584,43.28989791870117,1.2798844575881958,0.06438945005690967,False,False
1.735,True,5231.7841796875,2.0034162998199463,16624.986996202628,15.980084838731555,43.9322624206543,1.6699841022491455,0.05686753145686933,43.416648864746094,1.299277901649475,0.06263036701680187,False,False
1.74,True,5245.62890625,2.000795364379883,16627.14297137777,15.981090384411548,44.13201141357422,1.7052350044250488,0.05885259403889688,43.48782730102539,1.3027324676513672,0.056491157695517796,False,False
1.745,True,5259.7216796875,1.8774056434631348,16624.794141145834,15.981199335130217,44.38720703125,1.7127995491027832,0.06281992376451066,43.71290588378906,1.287421464920044,0.055876878328936654,False,False
1.75,True,5274.2724609375,1.7705960273742676,16625.313101573414,15.981338109578648,44.54762268066406,1.7034308910369873,0.06884736114652933,43.855560302734375,1.2718572616577148,0.05569742489596593,False,False
1.7550000000000001,True,5290.37109375,1.7852740287780762,16628.322460408195,15.982495494344079,44.603782653808594,1.6420249938964844,0.07468927438291979,43.87309646606445,1.260646104812622,0.05328748707127469,False,False
1.76,True,5305.130859375,1.7991583347320557,16634.429738487954,15.981972414519959,44.738929748535156,1.6277416944503784,0.0712345064799426,44.001708984375,1.2164095640182495,0.05420547778526732,False,False
1.7650000000000001,True,5317.36962890625,1.779879093170166,16636.257181846035,15.98157135726272,44.885826110839844,1.5508735179901123,0.0724656085965867,44.16742706298828,1.199925184249878,0.051831157503634484,False,False
1.77,True,5331.8134765625,1.8012126684188843,16639.045016584296,15.98098482521645,45.035430908203125,1.5550951957702637,0.07936635112812053,44.327171325683594,1.2163032293319702,0.05299672149663785,False,False
1.7750000000000001,True,5345.95556640625,1.839830994606018,16638.64611602818,15.981419407856453,44.97119140625,1.5326337814331055,0.08084843493271777,44.376220703125,1.282910943031311,0.052562448593166375,False,False
1.78,True,5358.91162109375,1.9200204610824585,16630.85494881294,15.981545165008104,45.011940002441406,1.5185595750808716,0.07892386020708099,44.351165771484375,1.308797001838684,0.05116431138179428,False,False
1.7850000000000001,True,5373.70068359375,1.888129472732544,16636.762304403797,15.982139933698779,45.00669860839844,1.502779245376587,0.07911599671888403,44.48365783691406,1.345744013786316,0.05015595411206299,False,False
1.79,True,5387.4345703125,1.9182870388031006,16634.484976181135,15.981683421306949,45.066490173339844,1.4882171154022217,0.07563306937620207,44.59103012084961,1.345402717590332,0.04844248008059272,False,False
1.795,True,5401.24853515625,1.936513066291809,16632.00894592123,15.982311368031842,45.04267120361328,1.5077388286590576,0.07274717300307183,44.67243957519531,1.3123615980148315,0.046628065245210445,False,False
1.8,True,5414.76708984375,1.8854875564575195,16630.620443253734,15.98267311465123,45.118377685546875,1.4680047035217285,0.06985361426533675,44.84019470214844,1.2793161869049072,0.05016666955553187,False,False
1.805,True,5427.365234375,1.845537781715393,16628.115984398846,15.982662323130333,45.1848258972168,1.4145451784133911,0.07234840686161577,44.91419219970703,1.2462965250015259,0.04574987020888014,False,False
1.81,True,5441.00244140625,1.9408303499221802,16630.146877066087,15.983690586444306,45.31053161621094,1.3324004411697388,0.07097951659971144,45.09735870361328,1.2240498065948486,0.04855389263934634,False,False
1.815,True,5454.4248046875,1.9466545581817627,16631.353109293792,15.983346852633474,45.21393966674805,1.3070311546325684,0.06926448888281607,45.130638122558594,1.1977261304855347,0.048025001807075446,False,False
1.82,True,5468.095703125,1.9535101652145386,16629.399648175593,15.984444699434974,45.219703674316406,1.2665059566497803,0.06890860830567337,45.158935546875,1.152907133102417,0.046034297472917915,False,False
1.825,True,5482.5146484375,2.0256288051605225,16635.3597270078,15.98415304141423,45.31867218017578,1.2022687196731567,0.06392504257080404,45.35545349121094,1.2120554447174072,0.047031605378445744,False,False
1.83,True,5496.30029296875,2.0245156288146973,16637.843222883796,15.983760819271449,45.29682159423828,1.111543893814087,0.05577727410373099,45.35932159423828,1.205532431602478,0.047807141266958494,False,False
1.835,True,5509.13232421875,1.9800856113433838,16633.41178056693,15.984166280443599,45.35021209716797,1.130382776260376,0.05760123247232497,45.366600036621094,1.2208250761032104,0.047151939453716124,False,False
1.84,True,5522.4111328125,1.9801470041275024,16628.859980006313,15.984555494999071,45.34356689453125,1.187012791633606,0.05414164113558815,45.524330139160156,1.2957981824874878,0.041778359849439076,False,False
1.845,True,5534.35009765625,2.0577516555786133,16626.751192096075,15.985119875700097,45.39263916015625,1.244362473487854,0.05179906241374287,45.52339172363281,1.3610584735870361,0.0439016918338794,False,False
1.85,True,5546.71728515625,2.0768563747406006,16616.950363936692,15.985189186049555,45.55286407470703,1.1840616464614868,0.057996296366222944,45.59028625488281,1.3979172706604004,0.0430769437900281,False,False
1.855,True,5559.6240234375,2.062288761138916,16609.934433224218,15.985652671091627,45.65902328491211,1.1840142011642456,0.05689601110422768,45.63623046875,1.5419211387634277,0.03862355866599639,False,False
1.86,True,5573.25341796875,2.0991926193237305,16608.77785626331,15.985509702047827,45.597808837890625,1.1268633604049683,0.06011070621806629,45.70721435546875,1.549204707145691,0.03618809895363134,False,False
1.865,True,5588.419921875,2.126458168029785,16608.670322334812,15.985991345297766,45.694374084472656,1.098418951034546,0.05653031141735656,45.772979736328125,1.5604764223098755,0.036267297426719566,False,False
1.87,True,5601.96337890625,2.067749500274658,16605.844699507055,15.987141184022132,45.78858184814453,1.1180473566055298,0.05319766028987065,45.802703857421875,1.5622589588165283,0.030074061058418165,False,False
1.875,True,5615.93115234375,2.029601573944092,16604.096495688715,15.987048147538006,45.94800567626953,1.061030626296997,0.05149624269508241,45.840457916259766,1.5988026857376099,0.030413251347122198,False,False
1.8800000000000001,True,5627.5908203125,2.0072662830352783,16598.4864616907,15.986332316953648,46.059749603271484,1.0367988348007202,0.053518036631390084,45.92411804199219,1.633231282234192,0.02961532160977119,False,False
1.885,True,5640.6259765625,1.9075417518615723,16599.013381128214,15.98561736316391,46.14811706542969,1.1021023988723755,0.05426443168597162,46.00658416748047,1.646557331085205,0.03419696590369221,False,False
1.8900000000000001,True,5653.94091796875,1.8645143508911133,16601.409695587576,15.986532583830162,46.29087829589844,1.13306725025177,0.054672547955476755,46.13407897949219,1.6942590475082397,0.031238360206215083,False,False
1.895,True,5668.00244140625,1.8410080671310425,16608.05744944592,15.986807538033144,46.51158142089844,1.1307258605957031,0.05276401898456102,46.207313537597656,1.597237467765808,0.035946240620560635,False,False
1.9000000000000001,True,5681.70458984375,1.7513844966888428,16609.934738669905,15.986406633372804,46.623985290527344,1.1653647422790527,0.05420816327430894,46.24089050292969,1.5097579956054688,0.03665722037488232,False,False
1.905,True,5694.626953125,1.8100359439849854,16612.79605335145,15.986229828353633,46.76926803588867,1.1756978034973145,0.05615603563290558,46.39738464355469,1.5456830263137817,0.036933045454307575,False,False
1.9100000000000001,True,5709.2109375,1.9603297710418701,16619.732645501645,15.986409258086764,46.87405014038086,1.1979230642318726,0.05663807257993565,46.54308319091797,1.5356098413467407,0.03841621101931163,False,False
1.915,True,5721.716796875,2.123131513595581,16625.670187841784,15.985820403690083,47.062469482421875,1.1234489679336548,0.06166624016280538,46.718727111816406,1.4913510084152222,0.03474924579635223,False,False
1.92,True,5734.80322265625,2.1921467781066895,16624.731278061903,15.986557456318717,47.11717987060547,1.2133469581604004,0.06089244152870005,46.810001373291016,1.5137842893600464,0.037013698473643816,False,False
1.925,True,5747.70556640625,2.39011812210083,16629.220865097723,15.986188249552194,47.20334243774414,1.2642185688018799,0.06191621367753331,46.9576416015625,1.5316197872161865,0.03797899603408553,False,False
1.93,True,5761.48486328125,2.5842771530151367,16628.638164346605,15.986313615533843,47.36945343017578,1.2868587970733643,0.058371639699025535,47.16862487792969,1.5683503150939941,0.03533420350062975,False,False
1.935,True,5774.1259765625,2.6911540031433105,16623.549205440777,15.986261820511785,47.439945220947266,1.3048244714736938,0.05614249139755813,47.212799072265625,1.551072120666504,0.03497194722204555,False,False
1.94,True,5787.51953125,2.7129979133605957,16616.961397090105,15.985716774079178,47.599151611328125,1.336052417755127,0.05726380101540108,47.361328125,1.5424437522888184,0.036434271929360246,False,False
1.945,True,5799.1240234375,2.7655816078186035,16617.70015633599,15.986573316960994,47.63842010498047,1.3297221660614014,0.05782085927579197,47.540504455566406,1.5623122453689575,0.03969403619828918,False,False
1.95,True,5814.29736328125,2.884582042694092,16615.275572616534,15.987330836398279,47.704063415527344,1.2895342111587524,0.061365992675570094,47.712684631347656,1.5138025283813477,0.04119563356691281,False,False
1.955,True,5826.60888671875,2.9525437355041504,16618.10726953047,15.987194477050203,47.747222900390625,1.2566732168197632,0.05927957596041113,47.674129486083984,1.496294617652893,0.04199901506325696,False,False
1.96,True,5839.8095703125,2.9554502964019775,16621.847184061004,15.986666201183828,47.86427307128906,1.2556374073028564,0.05345565290803025,47.799373626708984,1.425734519958496,0.04115508356698157,False,False
1.965,True,5852.24365234375,2.964660882949829,16617.507394586206,15.986580768286242,47.8534049987793,1.2456096410751343,0.05287610483952436,47.95565414428711,1.3730155229568481,0.03912216814185298,False,False
1.97,True,5866.15283203125,2.902147054672241,16618.59229830125,15.986936880307653,47.76423645019531,1.1662368774414062,0.05764972325738121,48.000709533691406,1.343373417854309,0.039331206976128366,False,False
1.975,True,5879.99755859375,2.965230941772461,16617.899342792818,15.987312565694683,47.86692428588867,1.190613865852356,0.054368498742171534,48.20164489746094,1.3438084125518799,0.0365938926068455,False,False
1.98,True,5894.1171875,2.8997488021850586,16624.775211470052,15.986739104767356,47.87786102294922,1.1282765865325928,0.054098906576266356,48.26342010498047,1.356958031654358,0.0392725445318514,False,False
1.985,True,5909.416015625,2.801107168197632,16636.086977449155,15.986710583285495,48.00099182128906,1.1261368989944458,0.05074427894488835,48.33988952636719,1.3094030618667603,0.03797608373500396,False,False
1.99,True,5922.26025390625,2.612201452255249,16645.33836194856,15.98678756610058,48.005859375,1.1725682020187378,0.050509387184671115,48.49006652832031,1.2920384407043457,0.03421181281050724,False,False
1.995,True,5935.14208984375,2.4193804264068604,16654.877480443396,15.986543816595539,48.192626953125,1.1629979610443115,0.05243057068192273,48.62400436401367,1.330916166305542,0.036126854233660036,False,False
2.0,True,5949.43408203125,2.329578399658203,16668.51275730899,15.986430793333627,48.318782806396484,1.2043360471725464,0.05047021728701659,48.71571350097656,1.3512940406799316,0.0351758745972573,False,False
