t,norm,peak,PR,C,C_star,kstar,kstarL,contrast,n_local_max_all,n_local_max_prom
0.0,1.0000000000000002,1.4366969769095943,1.968662709604115,0.9952294968707962,0.012082419244681734,0.3141592653589793,6.283185307179586,373175182.430087,1,1
0.02,1.0000000000000036,1.500496627355439,1.9477543188089568,0.9952259584422724,0.012091187521282227,0.3141592653589793,6.283185307179586,364491.84093645745,1,1
0.04,1.0000000000000078,1.6932456400159648,1.8828218835472823,0.995215956269209,0.01211593476511259,0.3141592653589793,6.283185307179586,83575.70307454352,1,1
0.06,1.0000000000000113,2.0211801573685286,1.7675622728984952,0.9952015148447199,0.012151481550432709,0.3141592653589793,6.283185307179586,32502.54887127221,1,1
0.08,1.0000000000000147,2.5016579960059206,1.595714040066545,0.9951861847808758,0.012188714772733448,0.3141592653589793,6.283185307179586,15367.073144212374,1,1
0.1,1.0000000000000182,3.1864154561121536,1.3630559826512738,0.9951761086417339,0.01221183952519018,0.3141592653589793,6.283185307179586,7751.757586148138,1,1
0.12,1.000000000000021,4.20673629704615,1.0674997093892227,0.995184052846158,0.012188011122900308,0.3141592653589793,6.283185307179586,3813.7470723086944,1,1
0.14,1.000000000000024,5.857423271178269,0.7225624817956486,0.9952427062592165,0.012033191834684282,0.3141592653589793,6.283185307179586,1715.9162030789441,1,1
0.16,1.000000000000027,8.684754280724075,0.39597851028125486,0.995447223269454,0.011503275323136386,0.3141592653589793,6.283185307179586,685.1032214115824,1,1
0.18,1.0000000000000286,12.773048024941511,0.19680397742683442,0.9960017231560154,0.010077921641444323,0.3141592653589793,6.283185307179586,285.04328107709523,1,1
0.2,1.000000000000031,14.546938708130867,0.15298868525499454,0.996639482720456,0.008451548383834035,0.3141592653589793,6.283185307179586,183.78809115623486,1,1
0.22,1.0000000000000322,11.680130621429822,0.23379520306606025,0.9964642239335653,0.008911156054162954,0.3141592653589793,6.283185307179586,271.50172620610374,1,1
0.24,1.0000000000000346,8.195407021505298,0.44510174867919433,0.9959741089515001,0.01016887519731091,0.3141592653589793,6.283185307179586,729.8506544977632,7,1
0.26,1.0000000000000377,5.3725392344372915,0.8600921495804099,0.9955856835702275,0.01116185066104909,0.3141592653589793,6.283185307179586,1620.9771700722547,7,1
0.28,1.000000000000041,2.9825591164388188,1.6136038477398034,0.9953077152810086,0.011870288580439167,0.3141592653589793,6.283185307179586,2643.4908071944337,7,1
0.3,1.0000000000000442,1.1051620090994871,2.4658483956051733,0.9950940572100219,0.012412937077705079,0.3141592653589793,6.283185307179586,3075.264035589873,7,1
0.32,1.0000000000000477,0.643864971615765,3.0117711409859558,0.9949035076822381,0.012895687378319396,0.3141592653589793,6.283185307179586,2818.9233095159366,7,1
0.34,1.0000000000000517,0.5249459527688028,3.614628732901845,0.9947259041723283,0.0133450845371406,0.3141592653589793,6.283185307179586,2811.153070062402,7,1
0.36,1.0000000000000548,0.442673590535989,4.399571132073356,0.9945655761512595,0.013750156162734317,0.3141592653589793,6.283185307179586,3135.165436423019,8,8
0.38,1.0000000000000588,0.3175499435144766,5.312016573221771,0.9944215634826893,0.014113403884753217,0.3141592653589793,6.283185307179586,3488.548807407537,32,8
0.4,1.000000000000062,0.29584490558181664,6.270617028333161,0.9942907185301388,0.014442973449786446,0.3141592653589793,6.283185307179586,3750.2771801088084,9,1
0.42,1.0000000000000653,0.2866749796973144,7.269062323940029,0.9941704792284181,0.014745504052911878,0.3141592653589793,6.283185307179586,3939.906281024733,1,1
0.44,1.0000000000000682,0.2707507423614634,8.30593820275451,0.9940590288713835,0.015025686127651792,0.3141592653589793,6.283185307179586,4027.5230771545653,13,1
0.46,1.000000000000072,0.24864192564825205,9.37438967183247,0.9939548748806805,0.015287354310057776,0.3141592653589793,6.283185307179586,4087.309545533653,1,1
0.48,1.0000000000000753,0.23064531561061774,10.478647270279623,0.9938568556509487,0.015533483232612302,0.3141592653589793,6.283185307179586,4142.598745752554,30,1
0.5,1.0000000000000782,0.2225177211649534,11.634409539671054,0.9937641770825857,0.015766098697112377,0.3141592653589793,6.283185307179586,4194.353839955042,25,1
0.52,1.0000000000000813,0.21478048573042055,12.847303386336586,0.9936762782929037,0.015986623821209186,0.3141592653589793,6.283185307179586,4254.49857772797,43,1
0.54,1.000000000000085,0.203176958954764,14.121362369151884,0.9935926989750443,0.016196224309677796,0.3141592653589793,6.283185307179586,4318.675211797239,71,1
0.56,1.0000000000000886,0.19031158760694974,15.465299954076942,0.9935130751670204,0.01639582102363896,0.3141592653589793,6.283185307179586,4379.6206316503985,99,1
0.58,1.0000000000000915,0.17766540545047657,16.886110352817305,0.9934371277061267,0.016586118781910155,0.3141592653589793,6.283185307179586,4433.402518234464,93,1
0.6,1.0000000000000957,0.16552213793940934,18.388148757222716,0.993364627918573,0.016767694419462253,0.3141592653589793,6.283185307179586,4481.196677444122,123,1
0.62,1.0000000000000988,0.15391208924562877,19.977205201871435,0.9932953806215479,0.016941040828417697,0.3141592653589793,6.283185307179586,4527.623354960913,65,1
0.64,1.0000000000001024,0.14342527287006854,21.658649824127263,0.9932292185241924,0.017106581227248542,0.3141592653589793,6.283185307179586,4575.871019915486,137,1
0.66,1.0000000000001052,0.13397167877771157,23.436696107495425,0.9931659935069491,0.017264691416684557,0.3141592653589793,6.283185307179586,4625.493651027394,105,1
0.68,1.0000000000001084,0.12494593547960416,25.316060793840634,0.9931055695236588,0.017415717964240265,0.3141592653589793,6.283185307179586,4673.147039101786,53,1
0.7000000000000001,1.0000000000001112,0.11642413764955686,27.301296141366983,0.993047820220026,0.01755998387117687,0.3141592653589793,6.283185307179586,4714.795605789637,131,1
0.72,1.0000000000001146,0.10862253613832368,29.396412521309692,0.9929926260621227,0.01769779508089594,0.3141592653589793,6.283185307179586,4748.291214183307,197,1
0.74,1.000000000000118,0.10144082849846689,31.605723168416525,0.9929398717653469,0.017829446235071697,0.3141592653589793,6.283185307179586,4774.780104336341,231,1
0.76,1.000000000000121,0.09473976579215328,33.933383760466455,0.9928894456516265,0.017955221770991278,0.3141592653589793,6.283185307179586,4798.212397769672,265,1
0.78,1.0000000000001243,0.08849747256738866,36.38322486537523,0.9928412396596543,0.01807539579098847,0.3141592653589793,6.283185307179586,4823.209383679264,193,1
0.8,1.0000000000001277,0.0826975519638718,38.95933618081643,0.9927951498265584,0.018190231107744724,0.3141592653589793,6.283185307179586,4852.735343264423,247,1
0.8200000000000001,1.000000000000131,0.07732815672231994,41.66569426817485,0.9927510769427953,0.01829997796063054,0.3141592653589793,6.283185307179586,4886.843585457773,330,1
0.84,1.0000000000001341,0.07241752023063065,44.50604765534034,0.9927089267074478,0.018404873947064807,0.3141592653589793,6.283185307179586,4922.785376167341,157,1
0.86,1.000000000000137,0.06793374768531885,47.48435738599237,0.9926686096200192,0.018505144526002236,0.3141592653589793,6.283185307179586,4956.511666822351,325,1
0.88,1.0000000000001403,0.06379030146399303,50.604499631346734,0.9926300408333826,0.0186010035361068,0.3141592653589793,6.283185307179586,4984.8651544362,376,1
0.9,1.0000000000001432,0.05992537767349374,53.87015814183846,0.9925931399042756,0.018692653928330336,0.3141592653589793,6.283185307179586,5007.087470918088,305,1
0.92,1.0000000000001465,0.056307080888905334,57.285202274210185,0.9925578305898638,0.018780288349243668,0.3141592653589793,6.283185307179586,5024.870138749938,467,1
0.9400000000000001,1.0000000000001497,0.05293646947295777,60.8534787482631,0.9925240407118845,0.018864089510138234,0.3141592653589793,6.283185307179586,5041.219187400242,459,1
0.96,1.0000000000001532,0.04982922766447988,64.57866363431874,0.9924917019142495,0.0189442307867009,0.3141592653589793,6.283185307179586,5058.860731752042,335,1
0.98,1.000000000000156,0.046972836916960685,68.46455784351106,0.9924607493441295,0.01902087698447692,0.3141592653589793,6.283185307179586,5078.984398041302,412,1
1.0,1.0000000000001592,0.04433069026325,72.51498384217786,0.9924311213565974,0.01909418502144724,0.3141592653589793,6.283185307179586,5100.9569534987295,416,1
1.02,1.0000000000001625,0.04187072971834986,76.73362296502054,0.9924027592350843,0.019164304556694683,0.3141592653589793,6.283185307179586,5123.034645186308,441,1
1.04,1.0000000000001652,0.03957067994741452,81.12421660273587,0.9923756069542083,0.019231378513820976,0.3141592653589793,6.283185307179586,5143.491907251061,611,1
1.06,1.0000000000001688,0.0374191520856266,85.69056430946075,0.9923496110193781,0.019295543425616242,0.3141592653589793,6.283185307179586,5161.482008864058,449,1
1.08,1.0000000000001719,0.03541327602180876,90.43638060426109,0.9923247203411031,0.019356929712000502,0.3141592653589793,6.283185307179586,5177.237883942887,526,1
1.1,1.0000000000001752,0.033544914684405555,95.36537710306884,0.9923008861034855,0.019415661991241534,0.3141592653589793,6.283185307179586,5191.634952701015,390,1
1.12,1.0000000000001783,0.031801298579599,100.48131545041731,0.9922780616456067,0.019471859369227806,0.3141592653589793,6.283185307179586,5205.503414593877,576,1
1.1400000000000001,1.000000000000182,0.030174446474709567,105.78793505259482,0.9922562023697217,0.01952563566296482,0.3141592653589793,6.283185307179586,5219.1685805335965,497,1
1.16,1.0000000000001854,0.028658609391644038,111.28894834096948,0.9922352656536122,0.019577099613437107,0.3141592653589793,6.283185307179586,5232.45947786966,401,1
1.18,1.000000000000189,0.027244677553032778,116.98807590787584,0.9922152107571054,0.019626355116942294,0.3141592653589793,6.283185307179586,5245.077877587161,496,1
1.2,1.0000000000001918,0.025918701908779106,122.8890554127277,0.9921959987339036,0.01967350144887137,0.3141592653589793,6.283185307179586,5256.992139024983,514,1
1.22,1.0000000000001952,0.02466542300224558,128.99562956045253,0.9921775923557388,0.01971863345997015,0.3141592653589793,6.283185307179586,5268.547324396163,514,1
1.24,1.0000000000001983,0.023477738410103616,135.31149225780382,0.9921599560450364,0.019761841750450423,0.3141592653589793,6.283185307179586,5280.230019451034,490,1
1.26,1.0000000000002023,0.02236086950993329,141.8403316167089,0.992143055811672,0.01980321283107011,0.3141592653589793,6.283185307179586,5292.274385545172,568,1
1.28,1.0000000000002054,0.021323403882066185,148.58594420222943,0.9921268591982787,0.019842829259234633,0.3141592653589793,6.283185307179586,5304.393359278916,526,1
1.3,1.000000000000209,0.02036388831459713,155.55204675392926,0.9921113352100336,0.019880769811333878,0.3141592653589793,6.283185307179586,5315.858681354879,796,1
1.32,1.0000000000002116,0.019465653104803995,162.742198971526,0.9920964542060168,0.01991710975587976,0.3141592653589793,6.283185307179586,5325.920087265119,622,1
1.34,1.0000000000002154,0.01860656883979518,170.16022164225984,0.9920821878199989,0.01995192105958199,0.3141592653589793,6.283185307179586,5334.27873860395,760,1
1.36,1.0000000000002183,0.017775979686929975,177.80994036748805,0.9920685089426144,0.019985272437702595,0.3141592653589793,6.283185307179586,5341.301352947906,1012,1
1.3800000000000001,1.000000000000222,0.016982660167967678,185.6947248977997,0.9920553916854093,0.020017229449800247,0.3141592653589793,6.283185307179586,5347.867810753503,915,1
1.4000000000000001,1.0000000000002256,0.016245696592576773,193.8183790837131,0.9920428113433885,0.02004785460469953,0.3141592653589793,6.283185307179586,5354.9296297430055,997,1
1.42,1.0000000000002283,0.015573402479009534,202.1850129005427,0.9920307443823129,0.020077207399689895,0.3141592653589793,6.283185307179586,5362.998203193983,1331,1
1.44,1.0000000000002318,0.014950885545177484,210.79776505977568,0.99201916833873,0.020105344578981242,0.3141592653589793,6.283185307179586,5371.882730034339,1564,1
1.46,1.0000000000002356,0.014351749716507144,219.66026196563777,0.9920080617036487,0.02013232044351505,0.3141592653589793,6.283185307179586,5380.847449379487,2188,1
1.48,1.0000000000002387,0.013759188161834192,228.77708483643394,0.9919974039393803,0.020158186815999093,0.3141592653589793,6.283185307179586,5389.0371869012315,2458,1
1.5,1.000000000000242,0.01317878319138186,238.15111997594946,0.9919871754717451,0.02018299305107451,0.3141592653589793,6.283185307179586,5395.905621335376,2681,1
1.52,1.0000000000002456,0.012635614199331114,247.7855028316009,0.9919773576171003,0.02020678621548247,0.3141592653589793,6.283185307179586,5401.46350552731,3452,1
1.54,1.0000000000002485,0.01214900819333814,257.68549326052533,0.9919679326025944,0.02022961103192455,0.3141592653589793,6.283185307179586,5406.226115286228,3693,1
1.56,1.000000000000252,0.011708715703470644,267.8537931747364,0.9919588835000883,0.020251510041076674,0.3141592653589793,6.283185307179586,5410.879728091256,4702,1
1.58,1.0000000000002556,0.011285886911679931,278.2925783505736,0.9919501940446117,0.020272524093121583,0.3141592653589793,6.283185307179586,5415.9075687917075,5124,1
1.6,1.0000000000002591,0.010857840608111582,289.0081274296624,0.9919418486731021,0.02029269229463568,0.3141592653589793,6.283185307179586,5421.411225699621,5325,1
1.62,1.0000000000002631,0.01042289653234218,300.00339373275034,0.991933832601758,0.020312051816985557,0.3141592653589793,6.283185307179586,5427.15617593852,6684,1
1.6400000000000001,1.0000000000002662,0.010007222577659052,311.27900658288394,0.9919261317062368,0.020330638167196144,0.3141592653589793,6.283185307179586,5432.76526102373,6426,1
1.6600000000000001,1.00000000000027,0.009642169273648995,322.84255542832693,0.9919187325308303,0.020348485073743195,0.3141592653589793,6.283185307179586,5437.95160394434,7329,1
1.68,1.0000000000002738,0.009325204424307692,334.6978118794335,0.9919116222790595,0.020365624351123438,0.3141592653589793,6.283185307179586,5442.640408388167,7452,1
1.7,1.0000000000002773,0.009025513294470116,346.84261593022745,0.9919047885231106,0.020382086575295597,0.3141592653589793,6.283185307179586,5446.926563788006,8124,1
1.72,1.0000000000002818,0.008715594929410644,359.2857914028488,0.9918982191971498,0.020397901314692355,0.3141592653589793,6.283185307179586,5450.961652495672,9183,1
1.74,1.0000000000002849,0.00838435605498895,372.0330590867478,0.9918919028177765,0.020413096733760547,0.3141592653589793,6.283185307179586,5454.84578981827,9156,1
1.76,1.000000000000289,0.00805330227980279,385.0779161403638,0.991885828374074,0.020427699622109212,0.3141592653589793,6.283185307179586,5458.569444560321,9674,1
1.78,1.0000000000002922,0.007766543871495181,398.4302731005872,0.9918799854687921,0.020441735155143533,0.3141592653589793,6.283185307179586,5462.082000314988,10763,1
1.8,1.000000000000296,0.007534673515617981,412.10020555063215,0.9918743648385446,0.02045522666455409,0.3141592653589793,6.283185307179586,5465.415749479467,11282,1
1.82,1.0000000000003002,0.0073242099839810944,426.0744905872421,0.9918689579252534,0.020468196598915005,0.3141592653589793,6.283185307179586,5468.681368271175,11174,1
1.84,1.0000000000003042,0.007103277629017745,440.3628288888168,0.9918637558546913,0.020480667746958916,0.3141592653589793,6.283185307179586,5471.974680057956,12311,1
1.86,1.0000000000003073,0.006851006140789881,454.98423921080723,0.9918587497875371,0.02049266263935865,0.3141592653589793,6.283185307179586,5475.354564855561,13262,1
1.8800000000000001,1.000000000000311,0.006576021003382514,469.9156987148376,0.9918539315991012,0.02050420132915093,0.3141592653589793,6.283185307179586,5478.819294610966,12914,1
1.9000000000000001,1.000000000000315,0.00634239177796504,485.16303715704015,0.9918492936434278,0.020515301801687258,0.3141592653589793,6.283185307179586,5482.20992522605,13471,1
1.92,1.0000000000003184,0.006159888602970397,500.76324741443767,0.9918448287294989,0.02052598192773921,0.3141592653589793,6.283185307179586,5485.269854696216,15172,1
1.94,1.0000000000003215,0.006017754797233114,516.6792707222353,0.991840529045457,0.020536259615203438,0.3141592653589793,6.283185307179586,5487.890493317931,14684,1
1.96,1.0000000000003255,0.005868093135579704,532.900220060438,0.9918363869313124,0.020546152981626768,0.3141592653589793,6.283185307179586,5490.178219241919,15307,1
1.98,1.0000000000003293,0.005684685826882779,549.5000956129197,0.9918323978163435,0.020555676758973955,0.3141592653589793,6.283185307179586,5492.290551513048,16750,1
2.0,1.0000000000003328,0.005450782304163884,566.4381345580111,0.9918285568835096,0.020564842938890666,0.3141592653589793,6.283185307179586,5494.3737603978925,17358,1
2.02,1.0000000000003368,0.005260090395077118,583.6539304623761,0.9918248558381946,0.020573669770890566,0.3141592653589793,6.283185307179586,5496.603870931051,17353,1
2.04,1.0000000000003402,0.005107587053844531,601.2535048414765,0.991821286872061,0.020582175561097125,0.3141592653589793,6.283185307179586,5499.065651239637,19885,8
2.06,1.0000000000003442,0.004991499700347906,619.1958264253432,0.9918178479234633,0.020590366546239733,0.3141592653589793,6.283185307179586,5501.623772746602,19757,1
2.08,1.000000000000348,0.00490095530258061,637.3790034078932,0.991814536444548,0.020598250910655855,0.3141592653589793,6.283185307179586,5504.062937543057,19619,1
2.1,1.0000000000003513,0.004787142342192666,656.0863029818523,0.9918113433385249,0.02060584937297538,0.3141592653589793,6.283185307179586,5506.259046831438,22617,1
2.12,1.0000000000003553,0.004605221855664506,675.2662934489812,0.991808262330342,0.020613176385721032,0.3141592653589793,6.283185307179586,5508.171310352823,21294,1
2.14,1.000000000000359,0.0044195447733340444,694.2860301122851,0.9918052925254245,0.020620234715668182,0.3141592653589793,6.283185307179586,5509.8514822052175,21739,1
2.16,1.0000000000003635,0.004341837782038019,713.6083498993389,0.9918024302252247,0.020627034673541628,0.3141592653589793,6.283185307179586,5511.454864112123,23662,8
2.18,1.0000000000003673,0.004201559308732227,734.1401052427304,0.9917996681393576,0.020633593562627377,0.3141592653589793,6.283185307179586,5513.0795513377225,24447,8
2.2,1.0000000000003706,0.004125122503293949,754.7430248275315,0.991797002973709,0.02063991844166078,0.3141592653589793,6.283185307179586,5514.680789132316,25168,1
2.22,1.000000000000375,0.004075337235224701,774.3417347640295,0.9917944329883319,0.02064601356496549,0.3141592653589793,6.283185307179586,5516.250046343605,22175,1
2.24,1.0000000000003784,0.003979610428894575,794.1565552045124,0.9917919529085945,0.020651892695245165,0.3141592653589793,6.283185307179586,5517.880285497635,29722,43
2.2600000000000002,1.000000000000382,0.003761425054816814,816.8090446662156,0.9917895584107472,0.020657566475048558,0.3141592653589793,6.283185307179586,5519.555474634468,28954,1
2.2800000000000002,1.0000000000003852,0.0037097857660048725,839.7484662796161,0.9917872474663952,0.020663039299456402,0.3141592653589793,6.283185307179586,5521.118386513701,26373,8
2.3000000000000003,1.0000000000003888,0.003685267239733723,860.9632798819185,0.9917850160205149,0.02066832104332847,0.3141592653589793,6.283185307179586,5522.521206274827,22055,32
2.32,1.0000000000003932,0.0035130797895262323,882.8767726014757,0.9917828609670878,0.020673419717228837,0.3141592653589793,6.283185307179586,5523.852549721174,22327,848
2.34,1.000000000000397,0.0034589871995251075,906.2433953067559,0.9917807817209964,0.02067833652793566,0.3141592653589793,6.283185307179586,5525.139390539862,25824,921
2.36,1.0000000000004012,0.003489946694324524,929.162904799524,0.9917787745613764,0.020683080116117122,0.3141592653589793,6.283185307179586,5526.335932441764,24178,263
2.38,1.0000000000004052,0.003430581163431888,951.9822955318293,0.9917768339317119,0.020687664235480546,0.3141592653589793,6.283185307179586,5527.452391434735,23505,465
2.4,1.0000000000004095,0.0031214246398542913,976.2539601103031,0.9917749591608788,0.020692090758131842,0.3141592653589793,6.283185307179586,5528.532790445677,22560,265
2.42,1.000000000000413,0.003141071635435562,1000.1482967444186,0.991773150766537,0.02069635829045546,0.3141592653589793,6.283185307179586,5529.598536911676,22329,8
2.44,1.0000000000004168,0.003244303219681878,1023.1749141264374,0.9917714022602828,0.0207004826342514,0.3141592653589793,6.283185307179586,5530.68985719128,21725,960
2.46,1.000000000000421,0.003112563038328123,1048.1993113360513,0.9917697103248687,0.02070447211150347,0.3141592653589793,6.283185307179586,5531.815363800476,22196,1480
2.48,1.000000000000425,0.0028523394933392186,1074.7935920723562,0.9917680783615413,0.02070831807367414,0.3141592653589793,6.283185307179586,5532.881149898693,21558,1177
2.5,1.000000000000429,0.0029853266726629106,1098.629692982671,0.9917665052964615,0.02071202277148076,0.3141592653589793,6.283185307179586,5533.833046713633,20606,759
2.52,1.0000000000004325,0.003134826504821022,1121.703252222506,0.9917649822432226,0.020715608079930843,0.3141592653589793,6.283185307179586,5534.771460252864,19934,1389
2.54,1.0000000000004368,0.0029126278633558734,1149.4029077381663,0.9917635063968504,0.020719081186255563,0.3141592653589793,6.283185307179586,5535.747057771469,19814,1619
2.56,1.0000000000004408,0.002611158594728605,1178.274135450454,0.9917620828408357,0.0207224293546874,0.3141592653589793,6.283185307179586,5536.624655080195,19018,1213
2.58,1.0000000000004452,0.002716855280878547,1202.2326686679248,0.9917607087807996,0.02072565943795148,0.3141592653589793,6.283185307179586,5537.34771792911,18071,992
2.6,1.0000000000004494,0.0028820136304002104,1224.3503263144437,0.991759378081897,0.02072878643918423,0.3141592653589793,6.283185307179586,5538.09507094857,18675,2240
2.62,1.0000000000004532,0.0027363915908086636,1254.1384200123007,0.9917580863040426,0.020731821479757107,0.3141592653589793,6.283185307179586,5538.99095308804,18627,2640
2.64,1.000000000000458,0.002420519510507341,1286.9256491390936,0.9917568419170525,0.020734743415705244,0.3141592653589793,6.283185307179586,5539.857549532595,17796,2041
2.66,1.0000000000004619,0.0024846794298981657,1312.0263165089218,0.9917556419743117,0.020737558902996212,0.3141592653589793,6.283185307179586,5540.52756770734,16189,860
2.68,1.0000000000004663,0.002741008295452114,1333.2577284826536,0.9917544812362178,0.02074028092268484,0.3141592653589793,6.283185307179586,5541.130422962882,16980,2583
2.7,1.00000000000047,0.0028142331560309652,1359.1794965781837,0.9917533513602524,0.020742930135095955,0.3141592653589793,6.283185307179586,5541.8785138443545,17164,3079
2.72,1.0000000000004745,0.002266033939368309,1399.0072398525238,0.9917522583940893,0.020745491870391743,0.3141592653589793,6.283185307179586,5542.708591433912,16487,3094
2.74,1.0000000000004792,0.0022230863622524624,1427.4717694280873,0.991751206468098,0.020747955491685628,0.3141592653589793,6.283185307179586,5543.396540300773,15192,1419
2.7600000000000002,1.0000000000004834,0.002249271508787658,1454.2636842380846,0.9917501860300801,0.020750345412436963,0.3141592653589793,6.283185307179586,5543.925545106837,12543,1222
2.7800000000000002,1.0000000000004874,0.002452584506871512,1470.1515589403598,0.991749201922876,0.02075264861727149,0.3141592653589793,6.283185307179586,5544.474899046821,15437,3376
2.8000000000000003,1.0000000000004925,0.00230582976828181,1501.8170156652382,0.9917482398863676,0.020754900756536996,0.3141592653589793,6.283185307179586,5545.164299994519,15625,4248
2.82,1.0000000000004967,0.0020159294130135466,1550.7315959667824,0.9917473140386005,0.02075706695874145,0.3141592653589793,6.283185307179586,5545.850695685668,14538,3401
2.84,1.0000000000005018,0.002036072203301929,1575.5960806799574,0.9917464244771903,0.020759145833880086,0.3141592653589793,6.283185307179586,5546.374829680398,12993,1394
2.86,1.000000000000506,0.00205992638362101,1606.60653095919,0.9917455577001514,0.020761172054644606,0.3141592653589793,6.283185307179586,5546.788253263597,10826,1275
2.88,1.0000000000005116,0.002450064168576663,1619.2676640529792,0.9917447243502493,0.020763118465688447,0.3141592653589793,6.283185307179586,5547.263161160806,13692,3095
2.9,1.0000000000005167,0.0024373552059267552,1643.3826587402755,0.9917439079017478,0.02076502603257373,0.3141592653589793,6.283185307179586,5547.916549408128,13816,3878
2.92,1.0000000000005216,0.0017837609297496541,1704.4378108368257,0.9917431167555336,0.020766874372687538,0.3141592653589793,6.283185307179586,5548.59963260604,13304,4602
2.94,1.0000000000005262,0.001797789995259499,1737.4408994175644,0.9917423611349632,0.020768636956092712,0.3141592653589793,6.283185307179586,5549.101114834392,12003,2188
2.96,1.0000000000005314,0.0017839832085509374,1764.8784910144986,0.9917416201377955,0.02077036677822277,0.3141592653589793,6.283185307179586,5549.448049460197,9937,1124
2.98,1.000000000000536,0.0018901868505043573,1791.9290946393105,0.9917409054241525,0.020772034691302045,0.3141592653589793,6.283185307179586,5549.763179088723,10703,2678
3.0,1.0000000000005411,0.0020573891467570815,1795.8137613037675,0.9917402149409509,0.02077364462303778,0.3141592653589793,6.283185307179586,5550.184490189318,12143,3852
3.02,1.0000000000005456,0.0018465707900698874,1834.8415252281486,0.9917395352668265,0.020775230636882018,0.3141592653589793,6.283185307179586,5550.794318360944,12149,5450
3.04,1.0000000000005502,0.0016185335644083164,1911.5011395066615,0.991738884649635,0.020776747021171035,0.3141592653589793,6.283185307179586,5551.395990231675,11532,5577
3.06,1.000000000000555,0.0016594844245550907,1935.2934638118159,0.9917382627755265,0.02077819333322465,0.3141592653589793,6.283185307179586,5551.7842930714505,10641,2295
3.08,1.0000000000005598,0.001723397081189954,1965.8035785272166,0.9917376475341502,0.02077962607510548,0.3141592653589793,6.283185307179586,5552.055782849553,7739,962
3.1,1.0000000000005642,0.0019094095680501184,1996.1082133262519,0.9917370507402546,0.02078101579058637,0.3141592653589793,6.283185307179586,5552.272916676603,8939,1705
3.12,1.000000000000569,0.002295281831767812,1995.9320889944693,0.9917364747522782,0.020782355890986835,0.3141592653589793,6.283185307179586,5552.473285803241,10648,3272
3.14,1.0000000000005735,0.002058509460711734,2022.4111587201105,0.9917359061757178,0.0207836800751578,0.3141592653589793,6.283185307179586,5552.873287100552,10648,4888
3.16,1.000000000000578,0.001397977059144752,2117.6399578692567,0.9917353571058337,0.02078495852185344,0.3141592653589793,6.283185307179586,5553.420721862442,10497,8202
3.18,1.0000000000005826,0.0013815503332109602,2169.193324868228,0.9917348396203164,0.020786159845526356,0.3141592653589793,6.283185307179586,5553.803794799923,9609,4413
3.2,1.0000000000005873,0.0013900688990494197,2188.1587670798363,0.9917343311708254,0.0207873408843304,0.3141592653589793,6.283185307179586,5554.063662490167,6601,1031
3.22,1.000000000000592,0.0014308919535130826,2223.8463086982633,0.9917338292611397,0.020788508208184075,0.3141592653589793,6.283185307179586,5554.351584019098,5125,220
3.24,1.0000000000005969,0.0015011820187130435,2246.248515124986,0.9917333421965803,0.020789640660657964,0.3141592653589793,6.283185307179586,5554.530389086751,9260,3268
3.2600000000000002,1.0000000000006015,0.001484245844357905,2246.1762135740246,0.9917328690246061,0.020790740629911552,0.3141592653589793,6.283185307179586,5554.643278544869,9261,4380
3.2800000000000002,1.0000000000006064,0.0013325778843612556,2294.326926607004,0.9917324030207135,0.02079182548962133,0.3141592653589793,6.283185307179586,5554.97861394596,9261,7075
3.3000000000000003,1.0000000000006106,0.0013200330032640984,2388.526473058042,0.9917319635989986,0.020792846108207683,0.3141592653589793,6.283185307179586,5555.431183393025,8700,7872
3.3200000000000003,1.000000000000615,0.0013136741393277387,2420.410666638832,0.9917315528502537,0.020793795495239662,0.3141592653589793,6.283185307179586,5555.692997362762,8266,6670
3.34,1.0000000000006195,0.0013609649115063635,2437.3448973393783,0.9917311465451432,0.02079473492098003,0.3141592653589793,6.283185307179586,5555.87086784209,7483,2970
3.36,1.0000000000006237,0.001463597265825485,2467.076268062282,0.9917307417382282,0.020795672377721355,0.3141592653589793,6.283185307179586,5556.167884192636,8111,3287
3.38,1.000000000000628,0.0016572168689627778,2492.4490036982347,0.9917303420872728,0.020796598548917786,0.3141592653589793,6.283185307179586,5556.3938653223295,8010,3110
3.4,1.000000000000633,0.0020369360926677104,2483.5233205024856,0.991729952402094,0.02079750117093024,0.3141592653589793,6.283185307179586,5556.42642736195,8000,3766
3.42,1.0000000000006375,0.001980718610489299,2483.1185934988353,0.9917295657930612,0.020798397784465916,0.3141592653589793,6.283185307179586,5556.582329194186,8000,5266
3.44,1.0000000000006417,0.001434402363870183,2593.7510982635313,0.9917291890481825,0.02079927258011995,0.3141592653589793,6.283185307179586,5557.034090724226,8000,7026
3.46,1.000000000000646,0.0011208584771673965,2709.804572216295,0.9917288445252472,0.02080006888282453,0.3141592653589793,6.283185307179586,5557.45435667201,7830,7630
3.48,1.00000000000065,0.001111126516951721,2740.5626259504234,0.9917285198608669,0.020800816701351216,0.3141592653589793,6.283185307179586,5557.609245238538,7771,6519
3.5,1.000000000000654,0.0011803315076147926,2759.1410878509087,0.991728198662264,0.02080155736679577,0.3141592653589793,6.283185307179586,5557.711198213066,7366,4507
3.52,1.0000000000006577,0.0011981772863912787,2774.073361187013,0.9917278805790363,0.020802291757228194,0.3141592653589793,6.283185307179586,5557.905856758201,7183,3850
3.54,1.000000000000662,0.001309157035756437,2787.2538737499767,0.9917275635669904,0.020803025576780904,0.3141592653589793,6.283185307179586,5558.0175036509845,7483,3700
3.56,1.0000000000006657,0.0015085918734639421,2774.170179148612,0.991727251260548,0.020803749115602503,0.3141592653589793,6.283185307179586,5557.946603734149,6991,4392
3.58,1.0000000000006697,0.0015581752903244424,2750.9205842930182,0.9917269416707428,0.02080446819528704,0.3141592653589793,6.283185307179586,5557.9415108401945,6859,5516
3.6,1.0000000000006735,0.001284444457178077,2835.572114078194,0.9917266365697858,0.020805181743826284,0.3141592653589793,6.283185307179586,5558.263080179946,6859,6827
3.62,1.0000000000006775,0.000965247158723446,2997.314982124634,0.9917263552474044,0.02080583670026894,0.3141592653589793,6.283185307179586,5558.727361418359,6918,6918
3.64,1.0000000000006808,0.0010312818628751095,3086.658777886778,0.9917261013879346,0.0208064211794673,0.3141592653589793,6.283185307179586,5558.997503076922,7691,7691
3.66,1.000000000000685,0.0009661078801080217,3108.7415852255126,0.9917258595428364,0.020806979633196464,0.3141592653589793,6.283185307179586,5559.102779640763,6530,5778
3.68,1.0000000000006886,0.0011070892363302643,3126.5013209934214,0.9917256230351883,0.020807527267825855,0.3141592653589793,6.283185307179586,5559.212819536236,5996,4182
3.7,1.0000000000006921,0.0011721204471975217,3122.8757406580585,0.9917253895339262,0.020808068451233116,0.3141592653589793,6.283185307179586,5559.301212083019,8179,4490
3.72,1.0000000000006959,0.001351137033908904,3114.1257198656863,0.9917251555102999,0.020808614814209384,0.3141592653589793,6.283185307179586,5559.261218926563,8510,3938
3.74,1.0000000000006994,0.0016221610630752922,3085.346348426689,0.9917249226265374,0.020809159088752735,0.3141592653589793,6.283185307179586,5559.070256419256,6229,3790
3.7600000000000002,1.0000000000007028,0.001625850736247233,3043.554465097746,0.9917246878253192,0.02080970622352912,0.3141592653589793,6.283185307179586,5558.917970367357,5832,4903
3.7800000000000002,1.0000000000007065,0.0013593049377815512,3088.634742474249,0.9917244517909936,0.020810262720841237,0.3141592653589793,6.283185307179586,5559.087327493478,5832,5764
3.8000000000000003,1.0000000000007099,0.0009724123544569208,3263.7158433896825,0.9917242277174679,0.02081078868075281,0.3141592653589793,6.283185307179586,5559.521106493926,5832,5824
3.8200000000000003,1.0000000000007132,0.0009489948838052364,3443.1704383329075,0.9917240256401367,0.02081125407617552,0.3141592653589793,6.283185307179586,5559.864623099046,6310,6302
3.84,1.0000000000007168,0.0009288596400518832,3498.92015997474,0.991723839446926,0.020811682373559244,0.3141592653589793,6.283185307179586,5560.007088160758,7116,7072
3.86,1.0000000000007203,0.000858757582495285,3511.451301973692,0.9917236586833104,0.020812096992070258,0.3141592653589793,6.283185307179586,5560.111485933126,6095,5655
3.88,1.0000000000007239,0.000944736394490548,3520.192196494672,0.9917234849156636,0.02081249513243277,0.3141592653589793,6.283185307179586,5560.217000967013,6235,5321
3.9,1.0000000000007272,0.0009290077203187305,3495.97334611171,0.9917233149665078,0.020812884586496428,0.3141592653589793,6.283185307179586,5560.242931177126,7085,4999
3.92,1.0000000000007303,0.0010839880958934736,3461.072748106124,0.991723141220517,0.020813281455685957,0.3141592653589793,6.283185307179586,5560.170421909216,7284,5116
3.94,1.0000000000007339,0.001318231507369891,3411.2970769373596,0.9917229662355889,0.020813681845757586,0.3141592653589793,6.283185307179586,5559.999080174637,5488,3948
3.96,1.0000000000007374,0.001458504311343499,3342.7336390497344,0.9917227901068281,0.020814088860921225,0.3141592653589793,6.283185307179586,5559.786071404997,4913,4494
3.98,1.0000000000007407,0.0013197835952482519,3321.0681401750726,0.9917226077507242,0.020814510654905083,0.3141592653589793,6.283185307179586,5559.734547877032,4913,4881
4.0,1.0000000000007443,0.0009116474423934091,3448.5988765627567,0.9917224346432555,0.02081491293084169,0.3141592653589793,6.283185307179586,5559.968879893384,4913,4913
4.0200000000000005,1.0000000000007474,0.0007644335221312722,3720.31275316069,0.9917222810289661,0.020815269537911844,0.3141592653589793,6.283185307179586,5560.306316468221,5089,5089
4.04,1.0000000000007507,0.0008356309092593837,3906.427769608121,0.9917221428085667,0.0208155862742752,0.3141592653589793,6.283185307179586,5560.4928167291955,6456,6456
4.0600000000000005,1.0000000000007543,0.0007999366659850588,3919.932718738154,0.9917220133889346,0.020815882345813514,0.3141592653589793,6.283185307179586,5560.559209987026,6756,6646
4.08,1.0000000000007572,0.0007391482006973224,3923.094778150062,0.9917218885569237,0.020816167290191975,0.3141592653589793,6.283185307179586,5560.679435398579,6152,5973
4.1,1.000000000000761,0.0008486503126516491,3904.4340906548478,0.9917217728816021,0.02081643039756257,0.3141592653589793,6.283185307179586,5560.833203530872,6634,6004
4.12,1.0000000000007643,0.0009646040609766904,3865.5835432044546,0.9917216615795226,0.020816683197071542,0.3141592653589793,6.283185307179586,5560.887624409691,8130,6688
4.14,1.0000000000007678,0.0010393192251655385,3811.4227473484193,0.991721547943897,0.020816941692724925,0.3141592653589793,6.283185307179586,5560.834328776409,8350,6188
4.16,1.0000000000007716,0.0010521278917346945,3723.435225901354,0.9917214317633206,0.02081720678034385,0.3141592653589793,6.283185307179586,5560.720179073404,4559,3836
4.18,1.0000000000007752,0.0011577721708819929,3644.7649407734157,0.99172131189218,0.02081748272857218,0.3141592653589793,6.283185307179586,5560.50968987592,4096,3893
4.2,1.0000000000007785,0.0012763371862071526,3515.728511809847,0.9917211867482937,0.02081777254415431,0.3141592653589793,6.283185307179586,5560.257689178317,4096,4096
4.22,1.0000000000007814,0.0012180275128781176,3360.8344993282076,0.9917210605784661,0.02081806546643326,0.3141592653589793,6.283185307179586,5560.249730855246,4096,4096
4.24,1.0000000000007845,0.0009227094942364716,3493.3935785049193,0.9917209388763063,0.02081834896875441,0.3141592653589793,6.283185307179586,5560.640998779101,4150,4150
4.26,1.000000000000788,0.000680449466351639,3980.8210115031434,0.9917208297335909,0.0208186015935649,0.3141592653589793,6.283185307179586,5561.107168696288,4811,4811
4.28,1.0000000000007911,0.0006878451358123324,4313.580949568172,0.9917207309520535,0.020818828003150148,0.3141592653589793,6.283185307179586,5561.295138244092,6455,6455
4.3,1.0000000000007943,0.0006772720239244242,4353.339689025015,0.9917206375811474,0.02081904135265721,0.3141592653589793,6.283185307179586,5561.299101027482,6407,6407
4.32,1.000000000000798,0.0006142206542847177,4345.817229110532,0.9917205489990403,0.020819243465280683,0.3141592653589793,6.283185307179586,5561.373030628627,5398,5365
4.34,1.0000000000008011,0.0006861612334523468,4316.895601613831,0.991720468139132,0.02081942735433159,0.3141592653589793,6.283185307179586,5561.542605471927,6859,5816
4.36,1.0000000000008047,0.0007910129592358083,4239.267589998521,0.9917203968611866,0.02081958835611391,0.3141592653589793,6.283185307179586,5561.678100697484,7645,7094
4.38,1.0000000000008085,0.0011522288800243858,4145.57847602753,0.9917203287159381,0.020819742091639604,0.3141592653589793,6.283185307179586,5561.722682009989,5847,4998
4.4,1.0000000000008116,0.0011346249728230989,4061.8040135247443,0.9917202569978669,0.020819905049271163,0.3141592653589793,6.283185307179586,5561.67783936741,4004,3502
4.42,1.000000000000815,0.0008558548683506241,3955.4061792519497,0.9917201815374437,0.020820077893342705,0.3141592653589793,6.283185307179586,5561.525007996444,3504,3379
4.44,1.0000000000008182,0.0008219534284384263,3831.681740000081,0.991720097917919,0.020820271658601282,0.3141592653589793,6.283185307179586,5561.225731232651,3375,3375
4.46,1.0000000000008216,0.0010318242305949405,3711.7630702674232,0.9917200072494298,0.020820484366370327,0.3141592653589793,6.283185307179586,5560.837507657463,3375,3375
4.48,1.0000000000008251,0.001200348278608086,3607.9110422060376,0.9917199193135046,0.020820691890397026,0.3141592653589793,6.283185307179586,5560.620335078051,3375,3375
4.5,1.0000000000008284,0.0011200640634258566,3734.966858565957,0.991719832088332,0.020820898713387947,0.3141592653589793,6.283185307179586,5560.815597159546,3663,3663
4.5200000000000005,1.0000000000008318,0.0008668272516662048,4204.001904811775,0.991719754885304,0.020821081098752536,0.3141592653589793,6.283185307179586,5561.25566959314,4101,4101
4.54,1.0000000000008356,0.0005855256182407336,4613.67268200273,0.9917196911285047,0.020821228728694293,0.3141592653589793,6.283185307179586,5561.534254131136,3559,3559
4.5600000000000005,1.0000000000008387,0.0005435398059669418,4717.232636559558,0.991719630614354,0.020821367067929163,0.3141592653589793,6.283185307179586,5561.552995914545,4208,4208
4.58,1.0000000000008422,0.0005730019638130834,4723.568613645718,0.9917195723781589,0.020821499476794122,0.3141592653589793,6.283185307179586,5561.536570805752,4851,4851
4.6000000000000005,1.0000000000008455,0.0005724811799782067,4729.423889572719,0.9917195149624214,0.02082163011000412,0.3141592653589793,6.283185307179586,5561.6175413236815,4806,4758
4.62,1.0000000000008489,0.0006425836900136562,4694.568745101477,0.9917194634511001,0.020821746794269416,0.3141592653589793,6.283185307179586,5561.717214248872,5956,5918
4.64,1.0000000000008527,0.0007407274499436832,4569.5596370969,0.9917194230117712,0.02082183672794769,0.3141592653589793,6.283185307179586,5561.792988668904,6948,6940
4.66,1.0000000000008566,0.0013245715019066507,4424.577651273426,0.9917193903129546,0.020821907618128858,0.3141592653589793,6.283185307179586,5561.890215157049,5717,5570
4.68,1.0000000000008602,0.0013311425082127531,4332.958127299669,0.991719356197647,0.020821981093588772,0.3141592653589793,6.283185307179586,5561.9618424225755,3370,3289
4.7,1.0000000000008644,0.0008376579027662151,4212.52545869955,0.9917193177400822,0.02082206483629448,0.3141592653589793,6.283185307179586,5561.883483439773,2842,2841
4.72,1.000000000000868,0.000726805533536101,3989.8817263623046,0.9917192749794833,0.020822159709633845,0.3141592653589793,6.283185307179586,5561.6490865169435,3247,3247
4.74,1.0000000000008713,0.0007548762735682576,3823.918214661388,0.9917192176825819,0.02082229162748799,0.3141592653589793,6.283185307179586,5561.319122092912,3226,3226
4.76,1.0000000000008753,0.00108694769480764,3706.1096737647304,0.9917191536845125,0.02082244100392904,0.3141592653589793,6.283185307179586,5560.870998594123,2744,2744
4.78,1.0000000000008786,0.0014668376422182388,3517.8665073026973,0.9917190920836839,0.02082258435369665,0.3141592653589793,6.283185307179586,5560.485619910832,2744,2744
4.8,1.0000000000008824,0.0015006499228445614,3578.056494881419,0.9917190235717231,0.020822745226225174,0.3141592653589793,6.283185307179586,5560.572390820222,3104,3104
4.82,1.000000000000886,0.0010240272633384542,4157.731213938652,0.9917189595044096,0.02082289738963241,0.3141592653589793,6.283185307179586,5561.078745147287,2930,2930
4.84,1.0000000000008893,0.0005581931020096821,4755.474980113556,0.991718914859362,0.020823002811502712,0.3141592653589793,6.283185307179586,5561.453321148325,2881,2881
4.86,1.000000000000893,0.0004803648274252879,4960.66247336738,0.9917188787850334,0.020823086068432597,0.3141592653589793,6.283185307179586,5561.49167408162,3201,3201
4.88,1.0000000000008968,0.0004985720952634551,5034.06978503411,0.9917188467107664,0.020823158062037536,0.3141592653589793,6.283185307179586,5561.465309635558,3958,3958
4.9,1.0000000000009004,0.0005033236156676883,5030.52260186174,0.991718816056443,0.02082322538571863,0.3141592653589793,6.283185307179586,5561.5387203078,4400,4400
4.92,1.000000000000904,0.0004977315413993073,5043.526919221726,0.9917187824200873,0.020823299732750575,0.3141592653589793,6.283185307179586,5561.630088560576,4334,4334
4.94,1.000000000000908,0.0005903493662470747,4999.508744039345,0.9917187519743438,0.020823366491111637,0.3141592653589793,6.283185307179586,5561.6572216227205,6274,6274
4.96,1.0000000000009113,0.0007086327146178846,4849.606997641796,0.9917187287183208,0.020823416034072034,0.3141592653589793,6.283185307179586,5561.646398114147,8160,8160
4.98,1.000000000000915,0.0009710139123597532,4692.167251356234,0.9917187114588618,0.020823451570214663,0.3141592653589793,6.283185307179586,5561.70232494943,5809,5809
5.0,1.0000000000009188,0.0009571856199478627,4583.767912017311,0.9917186988621581,0.020823476489660365,0.3141592653589793,6.283185307179586,5561.874939512922,3485,3485
5.0200000000000005,1.0000000000009224,0.0007389510990047528,4437.338228500905,0.9917186865822883,0.020823501173747348,0.3141592653589793,6.283185307179586,5562.003727676668,2773,2773
5.04,1.0000000000009261,0.0006814007646446746,4217.915376582077,0.9917186754424756,0.020823523022442465,0.3141592653589793,6.283185307179586,5561.866026634903,2293,2293
5.0600000000000005,1.0000000000009301,0.0007046659390460457,3921.667571192799,0.9917186599260663,0.020823556193873303,0.3141592653589793,6.283185307179586,5561.55867108057,2797,2797
5.08,1.0000000000009341,0.0007077033400650257,3718.2240214866965,0.9917186278648925,0.02082363175036617,0.3141592653589793,6.283185307179586,5561.288037846105,3017,3017
5.1000000000000005,1.0000000000009375,0.0008010888419487428,3579.122896939957,0.9917185876852266,0.020823728804259187,0.3141592653589793,6.283185307179586,5560.867129591864,2273,2273
5.12,1.0000000000009415,0.0010564999508399097,3319.6592386516386,0.9917185466647866,0.020823828746907296,0.3141592653589793,6.283185307179586,5560.184782300303,2219,2219
5.14,1.0000000000009452,0.0013104616541928897,3155.1172778951477,0.9917184974946673,0.02082395023030681,0.3141592653589793,6.283185307179586,5559.802861199715,3623,3623
5.16,1.000000000000949,0.0012894908050730203,3536.376404539244,0.9917184433880162,0.020824085736912204,0.3141592653589793,6.283185307179586,5560.131082604437,4013,4013
5.18,1.0000000000009526,0.0009698525266768744,4365.441606180917,0.9917184085812369,0.02082417277170661,0.3141592653589793,6.283185307179586,5560.617182856821,2212,2212
5.2,1.0000000000009563,0.0004957768160695566,4829.602443509883,0.9917183921033184,0.020824212491430672,0.3141592653589793,6.283185307179586,5560.674995813093,2399,2399
5.22,1.0000000000009601,0.00042817080766064655,5098.324097938258,0.9917183828823976,0.020824233515447113,0.3141592653589793,6.283185307179586,5560.527834878153,2306,2306
5.24,1.0000000000009646,0.00044043667023616615,5266.446778446339,0.9917183816573425,0.02082423389448207,0.3141592653589793,6.283185307179586,5560.500107636206,3570,3570
5.26,1.000000000000968,0.00045485794250352225,5300.820202982963,0.9917183864724172,0.02082421833059646,0.3141592653589793,6.283185307179586,5560.517954173299,3909,3909
5.28,1.000000000000972,0.0004633266503630948,5301.645011716422,0.9917183879932869,0.020824210150987257,0.3141592653589793,6.283185307179586,5560.516327129755,3913,3913
5.3,1.0000000000009754,0.0005588896513321537,5281.365920654346,0.9917183875707799,0.02082420653594427,0.3141592653589793,6.283185307179586,5560.506585301362,5033,5033
5.32,1.0000000000009788,0.0007107077327710523,5115.968001940688,0.9917183907004737,0.020824193968864358,0.3141592653589793,6.283185307179586,5560.462927766217,7269,7269
5.34,1.0000000000009823,0.000760687788096885,4915.900167982743,0.9917183923444415,0.020824184883759367,0.3141592653589793,6.283185307179586,5560.431678460059,9103,9103
5.36,1.0000000000009859,0.0009495729507708775,4813.294939611665,0.9917183934107433,0.02082417698263371,0.3141592653589793,6.283185307179586,5560.493680485262,7237,7237
5.38,1.000000000000989,0.0007904061188721443,4739.540978829291,0.9917183971352811,0.020824162424258597,0.3141592653589793,6.283185307179586,5560.654426968709,2055,2055
5.4,1.000000000000993,0.0007032663444881402,4532.335218336899,0.9917184021943949,0.020824144419346505,0.3141592653589793,6.283185307179586,5560.827690027226,2001,2001
5.42,1.000000000000996,0.0007292082545255497,4272.418018290577,0.9917184093448906,0.02082412166578737,0.3141592653589793,6.283185307179586,5560.873501899965,1910,1910
5.44,1.0000000000009992,0.0007330201228253366,3959.833853457778,0.991718417806887,0.02082409573677644,0.3141592653589793,6.283185307179586,5560.700821609946,1728,1728
5.46,1.0000000000010025,0.0006724003066407443,3690.596020982393,0.9917184140425422,0.02082410023439814,0.3141592653589793,6.283185307179586,5560.412166034504,2112,2112
5.48,1.000000000001006,0.0007227781177675444,3487.355851314496,0.991718398006733,0.020824137041624953,0.3141592653589793,6.283185307179586,5560.121453363261,2354,2354
5.5,1.0000000000010092,0.0009580776358992564,3303.0625913571553,0.9917183736435812,0.02082419654692106,0.3141592653589793,6.283185307179586,5559.599445229838,1728,1728
5.5200000000000005,1.0000000000010127,0.0015614586155246642,3060.2248129984587,0.9917183425501255,0.020824273404325577,0.3141592653589793,6.283185307179586,5558.671319406728,1728,1728
5.54,1.000000000001016,0.002042601923502301,2813.0535578727513,0.9917183012916466,0.020824378022895683,0.3141592653589793,6.283185307179586,5557.959316721382,2310,2310
5.5600000000000005,1.0000000000010194,0.001995178999642615,2936.0756476190413,0.9917182456977232,0.020824526499779814,0.3141592653589793,6.283185307179586,5558.249529159683,2520,2442
5.58,1.000000000001023,0.001981575049468069,3625.347573840559,0.9917181976574075,0.020824656376566376,0.3141592653589793,6.283185307179586,5559.153890570615,1728,1728
5.6000000000000005,1.0000000000010267,0.001205078773192507,4359.152372628841,0.9917181725821558,0.020824721585712642,0.3141592653589793,6.283185307179586,5559.620376557865,2307,2307
5.62,1.0000000000010298,0.000559645755487456,4725.465902142273,0.991718163763321,0.02082474587339559,0.3141592653589793,6.283185307179586,5559.5277589618845,2056,2056
5.64,1.000000000001033,0.00046217985630295536,5019.42240686733,0.9917181674286822,0.02082473997940395,0.3141592653589793,6.283185307179586,5559.459698719238,2353,2353
5.66,1.0000000000010365,0.00045811442664564885,5267.84144758834,0.9917181811872744,0.020824708463605637,0.3141592653589793,6.283185307179586,5559.542518540738,2255,2255
5.68,1.00000000000104,0.00042497592394967416,5395.910521231404,0.9917182059998373,0.02082465008718624,0.3141592653589793,6.283185307179586,5559.565614146598,2642,2642
5.7,1.0000000000010434,0.00045345110626253106,5409.545583421549,0.9917182351548781,0.020824581378086984,0.3141592653589793,6.283185307179586,5559.538012160358,3538,3538
5.72,1.0000000000010467,0.0004284690025885857,5385.661306823944,0.9917182633693173,0.020824513778648614,0.3141592653589793,6.283185307179586,5559.54641947129,3109,3109
5.74,1.0000000000010503,0.0005413318994108491,5278.581453841629,0.9917182958456617,0.020824436470399506,0.3141592653589793,6.283185307179586,5559.535118510888,5032,5032
5.76,1.000000000001054,0.0006675812392017955,5070.418047481468,0.9917183266505449,0.02082436232986455,0.3141592653589793,6.283185307179586,5559.459228758358,7554,7554
5.78,1.0000000000010578,0.0007383903719551852,4812.04260174673,0.9917183524372265,0.02082430023186597,0.3141592653589793,6.283185307179586,5559.412500613791,7454,7454
5.8,1.0000000000010614,0.0006723514242018049,4727.183916347148,0.9917183726769824,0.02082425041574323,0.3141592653589793,6.283185307179586,5559.488467926515,6912,6912
5.82,1.0000000000010651,0.0005593780948312765,4752.056072628068,0.9917183920764204,0.020824202546403804,0.3141592653589793,6.283185307179586,5559.624046218415,3531,3531
5.84,1.0000000000010685,0.0005196645414020438,4588.775498368217,0.9917184148068943,0.020824147376909737,0.3141592653589793,6.283185307179586,5559.70766235604,1856,1856
5.86,1.000000000001072,0.0005758459817823725,4355.92025317851,0.9917184368240016,0.02082409346745669,0.3141592653589793,6.283185307179586,5559.738881952087,1811,1811
5.88,1.0000000000010758,0.0007038028348868589,4046.806365287726,0.991718461100639,0.020824034058815555,0.3141592653589793,6.283185307179586,5559.765369540445,1376,1376
5.9,1.0000000000010794,0.001018762152170233,3723.70993253238,0.9917184852091074,0.020823976412677712,0.3141592653589793,6.283185307179586,5559.79739252632,1388,1388
5.92,1.0000000000010831,0.001002256141939767,3498.5470951168086,0.9917184955519309,0.02082395055964022,0.3141592653589793,6.283185307179586,5559.768175241763,1478,1478
5.94,1.000000000001087,0.0007666773285121278,3281.045408692952,0.9917184957158033,0.020823950022245217,0.3141592653589793,6.283185307179586,5559.552160924233,1472,1472
5.96,1.0000000000010905,0.0008250462485402511,3032.122402528875,0.9917184861497099,0.020823974968862805,0.3141592653589793,6.283185307179586,5559.093393627031,1365,1365
5.98,1.000000000001094,0.0011111622595580681,2822.8467354513155,0.9917184611977372,0.020824038804396032,0.3141592653589793,6.283185307179586,5558.29972382644,1331,1331
6.0,1.000000000001097,0.0017396195301680444,2598.5406947024444,0.9917184242646968,0.020824132777223628,0.3141592653589793,6.283185307179586,5557.113164361695,1535,1535
6.0200000000000005,1.0000000000011002,0.0022598204206267496,2361.5006371605837,0.9917183697045125,0.020824272723734754,0.3141592653589793,6.283185307179586,5556.147703279592,2097,2096
6.04,1.0000000000011038,0.002880150727093679,2413.767956497857,0.9917182892333269,0.020824476308006448,0.3141592653589793,6.283185307179586,5556.334409044976,1863,1736
6.0600000000000005,1.0000000000011071,0.002613717212665294,2996.639774962108,0.9917182182000821,0.020824656584925386,0.3141592653589793,6.283185307179586,5557.386308338719,1332,1331
6.08,1.0000000000011104,0.0014697061763809616,3749.2504326669155,0.9917181839016359,0.02082474812892976,0.3141592653589793,6.283185307179586,5558.013746666004,1355,1355
6.1000000000000005,1.0000000000011144,0.0007742612103243557,4129.710643445787,0.991718170579337,0.020824786120742417,0.3141592653589793,6.283185307179586,5557.873716642361,2067,2067
6.12,1.0000000000011176,0.0005902845270955655,4443.798937403447,0.9917181723947034,0.02082478594459054,0.3141592653589793,6.283185307179586,5557.712480415255,1629,1629
6.140000000000001,1.0000000000011213,0.0005356095002308862,4760.291631140861,0.9917181897164687,0.02082474679107051,0.3141592653589793,6.283185307179586,5557.863165491318,2251,2251
6.16,1.000000000001125,0.00047601999682017013,5030.871930699147,0.9917182208031448,0.020824673056655606,0.3141592653589793,6.283185307179586,5558.03563980618,2357,2357
6.18,1.0000000000011284,0.0004687729198152588,5142.793967636946,0.991718266531488,0.020824562282554415,0.3141592653589793,6.283185307179586,5558.070964479033,1423,1423
6.2,1.0000000000011318,0.000548704532554175,5184.125203547794,0.991718321343114,0.020824428765519085,0.3141592653589793,6.283185307179586,5558.042514002171,4441,4441
6.22,1.0000000000011349,0.0005916407035716041,5158.377132517992,0.9917183787935148,0.02082428847926813,0.3141592653589793,6.283185307179586,5558.011844153102,4885,4885
6.24,1.0000000000011382,0.0005622012719385937,5065.334009498514,0.9917184422517996,0.02082413333110531,0.3141592653589793,6.283185307179586,5557.966600696135,6291,6291
6.26,1.0000000000011413,0.0006652965616509227,5022.558771893085,0.9917185092364592,0.020823969428681307,0.3141592653589793,6.283185307179586,5557.86271204977,4434,4434
6.28,1.0000000000011446,0.0005925930530179387,4898.178779840563,0.9917185753114152,0.020823807284215238,0.3141592653589793,6.283185307179586,5557.7016944399875,5944,5944
6.3,1.000000000001148,0.000729325864361627,4609.518810794386,0.9917186389417171,0.02082365051501239,0.3141592653589793,6.283185307179586,5557.57963410785,7051,7051
6.32,1.0000000000011515,0.0007133977544425352,4462.108860676383,0.9917186970837132,0.020823507029297795,0.3141592653589793,6.283185307179586,5557.654776359386,6529,6529
6.34,1.0000000000011555,0.0006813351323732736,4548.771055409901,0.9917187517053553,0.02082337204475652,0.3141592653589793,6.283185307179586,5557.904106474484,4457,4457
6.36,1.0000000000011584,0.0005203517367675263,4461.456724657298,0.9917188094876878,0.020823228287137466,0.3141592653589793,6.283185307179586,5558.082899323055,2462,2462
6.38,1.0000000000011622,0.000512437533183078,4263.731072682647,0.9917188679549841,0.020823082095245787,0.3141592653589793,6.283185307179586,5558.0959730967925,1910,1910
6.4,1.0000000000011653,0.0005207400695992436,4063.130201521053,0.9917189212385469,0.020822948138730864,0.3141592653589793,6.283185307179586,5558.055203611902,1527,1527
6.42,1.0000000000011688,0.000726281892100677,3802.3374775379775,0.9917189717167594,0.020822820560377438,0.3141592653589793,6.283185307179586,5558.0283786413775,1735,1735
6.44,1.0000000000011722,0.0009864413522074178,3532.75681413526,0.9917190176772513,0.020822703719255188,0.3141592653589793,6.283185307179586,5558.064374025644,1681,1625
6.46,1.0000000000011753,0.0010249295859679128,3313.8138717904494,0.991719052561055,0.02082261462953666,0.3141592653589793,6.283185307179586,5558.231555692787,1008,1000
6.48,1.0000000000011788,0.0010791325413190933,3086.5195982592745,0.9917190788992238,0.02082254718802003,0.3141592653589793,6.283185307179586,5558.399599704355,1036,1036
6.5,1.000000000001182,0.0012042809781121842,2860.882666106094,0.9917190973230553,0.020822499661165006,0.3141592653589793,6.283185307179586,5558.275231031976,1108,1108
6.5200000000000005,1.000000000001185,0.0012324976999719631,2639.300892483827,0.9917191031872704,0.020822483771883223,0.3141592653589793,6.283185307179586,5557.795013500297,1000,1000
6.54,1.0000000000011884,0.0011203989366701235,2423.2764152506734,0.991719091606167,0.020822512386428894,0.3141592653589793,6.283185307179586,5557.1038113635295,1002,1002
6.5600000000000005,1.0000000000011917,0.001310184851512202,2247.1387709267538,0.991719058017835,0.020822597494106043,0.3141592653589793,6.283185307179586,5556.052300165293,1264,1240
6.58,1.0000000000011948,0.0022439568723495638,2063.3207054268983,0.9917190018720565,0.020822741434578892,0.3141592653589793,6.283185307179586,5554.497607670709,1618,1600
6.6000000000000005,1.0000000000011982,0.003237806133958119,1880.8173239177002,0.9917189263351164,0.020822938307003137,0.3141592653589793,6.283185307179586,5553.308880932986,1384,1000
6.62,1.0000000000012017,0.003520120723495698,1951.0239011168205,0.9917188220418245,0.02082321022153096,0.3141592653589793,6.283185307179586,5553.706536286402,1000,1000
6.640000000000001,1.0000000000012041,0.0027233956505361553,2486.342508206797,0.9917187086845283,0.02082349955996271,0.3141592653589793,6.283185307179586,5555.213755998236,1000,1000
6.66,1.0000000000012075,0.001387394651071249,3175.3403436560607,0.9917186270184026,0.0208237008124029,0.3141592653589793,6.283185307179586,5556.115841347081,1000,1000
6.68,1.0000000000012106,0.0008625695445580549,3552.6708527767673,0.9917185724971328,0.020823834649163833,0.3141592653589793,6.283185307179586,5556.016713354426,1147,1147
6.7,1.0000000000012137,0.0006823622261662884,3893.5440896262394,0.9917185348491392,0.02082392877280758,0.3141592653589793,6.283185307179586,5555.864756488092,1428,1428
6.72,1.0000000000012168,0.0006445077564818678,4255.494648063157,0.9917185162530487,0.020823975360049304,0.3141592653589793,6.283185307179586,5556.083088812192,1782,1782
6.74,1.0000000000012204,0.0006467088043820977,4622.922538868303,0.991718518801923,0.020823969066927163,0.3141592653589793,6.283185307179586,5556.361831581191,1712,1712
6.76,1.0000000000012232,0.0005435591060964785,4923.613318279073,0.9917185401396837,0.020823915500785963,0.3141592653589793,6.283185307179586,5556.495965821541,1720,1720
6.78,1.0000000000012266,0.0005447501954565055,5055.482734577362,0.9917185817857824,0.020823811100836465,0.3141592653589793,6.283185307179586,5556.507761785519,1299,1299
6.8,1.0000000000012295,0.0005714118089293489,5076.881658519722,0.9917186401175669,0.020823665817294206,0.3141592653589793,6.283185307179586,5556.474632725028,1914,1914
6.82,1.0000000000012326,0.0006895333579422389,5058.808213879445,0.9917187061079945,0.020823502028700355,0.3141592653589793,6.283185307179586,5556.444100498118,2784,2784
6.84,1.0000000000012355,0.0007211715539036234,4980.0820424676385,0.9917187819407653,0.020823314060103522,0.3141592653589793,6.283185307179586,5556.389652336686,3430,3430
6.86,1.0000000000012386,0.0006578784558742612,4891.218348230765,0.9917188662382462,0.020823105648820898,0.3141592653589793,6.283185307179586,5556.308248633445,2843,2843
6.88,1.0000000000012417,0.000621969688674668,4795.366502343666,0.9917189575377924,0.020822880721656226,0.3141592653589793,6.283185307179586,5556.231678126931,2140,2140
6.9,1.000000000001245,0.0005686135560870409,4653.913088876244,0.9917190531829959,0.020822645346714866,0.3141592653589793,6.283185307179586,5556.098281601648,3120,3120
6.92,1.0000000000012481,0.0005199262330208729,4386.0424888625985,0.9917191517156929,0.020822402620303875,0.3141592653589793,6.283185307179586,5555.841320553319,5476,5476
6.94,1.000000000001251,0.0006912350067384581,4117.393494385457,0.9917192494762975,0.02082216223119701,0.3141592653589793,6.283185307179586,5555.634208339316,6223,6223
6.96,1.0000000000012543,0.0008685174996632106,4108.186538455673,0.9917193439730732,0.02082193153008043,0.3141592653589793,6.283185307179586,5555.709170861999,5363,5355
6.98,1.000000000001257,0.0009263991378449856,4238.751310410595,0.9917194392376836,0.020821698569023862,0.3141592653589793,6.283185307179586,5555.959954731483,2634,2614
7.0,1.0000000000012603,0.0007285420595764225,4199.2979243136815,0.9917195384104175,0.020821453881510403,0.3141592653589793,6.283185307179586,5556.098904441955,1531,1511
7.0200000000000005,1.000000000001263,0.0006108210501031343,3993.2097039135574,0.99171964334129,0.020821193726914492,0.3141592653589793,6.283185307179586,5556.111453596438,1363,1336
7.04,1.0000000000012657,0.0005058566647393085,3800.1233385838727,0.9917197493995635,0.02082093031152056,0.3141592653589793,6.283185307179586,5556.146543275543,1662,1602
7.0600000000000005,1.0000000000012685,0.0005393749744328531,3570.2683900128886,0.9917198525111274,0.020820673480268094,0.3141592653589793,6.283185307179586,5556.200941484623,2511,2272
7.08,1.0000000000012712,0.0007873847335850524,3332.594480791492,0.9917199515220928,0.020820426108920986,0.3141592653589793,6.283185307179586,5556.243291002685,4762,4078
7.1000000000000005,1.0000000000012739,0.0008413575930345946,3183.407984319941,0.9917200348166971,0.020820217301409243,0.3141592653589793,6.283185307179586,5556.315905761202,3506,2810
7.12,1.000000000001276,0.0007601081961970658,3045.923132359552,0.9917201001644914,0.02082005294219654,0.3141592653589793,6.283185307179586,5556.391989258496,2079,1329
7.140000000000001,1.0000000000012788,0.0008234544493488163,2859.035616348179,0.9917201563970014,0.020819911583308388,0.3141592653589793,6.283185307179586,5556.396194541177,2449,1458
7.16,1.0000000000012812,0.0010170912673741666,2651.913657086472,0.9917202035154963,0.020819793507147643,0.3141592653589793,6.283185307179586,5556.379931747836,1620,777
7.18,1.0000000000012832,0.0012184904132069,2447.7846589597775,0.9917202419017642,0.020819697954110008,0.3141592653589793,6.283185307179586,5556.402233614784,846,729
7.2,1.0000000000012856,0.00136737357144504,2258.5397447717446,0.9917202668033561,0.020819636467207137,0.3141592653589793,6.283185307179586,5556.258382410162,736,729
7.22,1.0000000000012883,0.0013569789129061812,2079.037198399814,0.9917202716561433,0.020819625533714078,0.3141592653589793,6.283185307179586,5555.675834232666,729,729
7.24,1.0000000000012905,0.0013588384458824198,1901.4788481261699,0.9917202502507282,0.020819681328228014,0.3141592653589793,6.283185307179586,5554.712631622192,1458,1458
7.26,1.0000000000012932,0.0015953776671773076,1754.0621194262797,0.9917201910703276,0.020819833501279063,0.3141592653589793,6.283185307179586,5553.4151749041575,1944,1872
7.28,1.000000000001296,0.002507464807508653,1629.523508148915,0.9917200933078756,0.020820084695297253,0.3141592653589793,6.283185307179586,5551.523665997982,2238,729
7.3,1.0000000000012996,0.003708481539906822,1482.618414141707,0.9917199629685376,0.02082041976154947,0.3141592653589793,6.283185307179586,5549.643763373437,729,729
7.32,1.0000000000013023,0.004497996845095588,1444.9249206225184,0.9917197896648426,0.020820866112927564,0.3141592653589793,6.283185307179586,5549.560024972145,1030,729
7.34,1.000000000001306,0.004045441884599731,1723.089127993943,0.9917195909896789,0.02082137963474794,0.3141592653589793,6.283185307179586,5551.604680917636,730,729
7.36,1.0000000000013096,0.0022866473757961947,2298.3061081280935,0.9917194224650068,0.020821815348621292,0.3141592653589793,6.283185307179586,5553.51956876447,841,729
7.38,1.0000000000013132,0.0009434110527169464,2722.430990420499,0.991719292099229,0.020822151069710953,0.3141592653589793,6.283185307179586,5553.789478877555,1696,1695
7.4,1.0000000000013174,0.0007343498273809102,3047.8577035302446,0.9917191814275667,0.020822436039678024,0.3141592653589793,6.283185307179586,5553.466992335821,1042,1042
7.42,1.0000000000013205,0.0006852693998427262,3415.683049564439,0.9917190887111353,0.020822674873968657,0.3141592653589793,6.283185307179586,5553.632198622918,2825,2825
7.44,1.0000000000013245,0.0005483199452679422,3837.794462635832,0.9917190157032901,0.02082286330398799,0.3141592653589793,6.283185307179586,5554.03799436338,5069,5069
7.46,1.000000000001328,0.0004922760415893246,4272.313448172268,0.9917189667350276,0.020822990791188555,0.3141592653589793,6.283185307179586,5554.332125322311,1234,1234
7.48,1.0000000000013318,0.0004593420084081423,4666.132640401235,0.9917189441297565,0.02082305209200231,0.3141592653589793,6.283185307179586,5554.530082524949,1527,1527
7.5,1.0000000000013356,0.0004955844634799604,4974.241371364674,0.9917189449522336,0.020823054458461148,0.3141592653589793,6.283185307179586,5554.642483245951,1637,1637
7.5200000000000005,1.0000000000013396,0.0004803959961495453,5112.4777880684405,0.9917189708643017,0.020822992493146005,0.3141592653589793,6.283185307179586,5554.660064447306,1191,1191
7.54,1.0000000000013434,0.0005622391054680104,5138.560986639388,0.9917190185280913,0.020822875703992747,0.3141592653589793,6.283185307179586,5554.640652135903,2702,2702
7.5600000000000005,1.000000000001347,0.000636806563871838,5128.089032421872,0.9917190770572346,0.02082273137793544,0.3141592653589793,6.283185307179586,5554.6390898134005,2670,2670
7.58,1.0000000000013516,0.000724890908895919,5011.270358213886,0.9917191489695439,0.020822553199520033,0.3141592653589793,6.283185307179586,5554.635832692536,3882,3882
7.6000000000000005,1.0000000000013556,0.0007893630628305852,4869.373401900019,0.9917192340321793,0.020822343194036922,0.3141592653589793,6.283185307179586,5554.60443177799,5006,5006
7.62,1.00000000000136,0.0007354707286285876,4783.949512642987,0.9917193293984662,0.02082210758007853,0.3141592653589793,6.283185307179586,5554.543686761897,4122,4122
7.640000000000001,1.0000000000013642,0.0006795025176257601,4671.577720852906,0.9917194367758831,0.02082184196879758,0.3141592653589793,6.283185307179586,5554.436382962198,2984,2984
7.66,1.0000000000013682,0.0006810852771564971,4497.542968937566,0.991719555535844,0.02082154852099764,0.3141592653589793,6.283185307179586,5554.232102006285,2692,2692
7.68,1.0000000000013727,0.0008431941122111301,4270.876807087781,0.991719684400083,0.02082123033530387,0.3141592653589793,6.283185307179586,5553.85975238259,3033,3033
7.7,1.0000000000013771,0.0007561287541222796,3966.6448943084333,0.9917198237789515,0.020820885663791602,0.3141592653589793,6.283185307179586,5553.346928367033,4432,4432
7.72,1.0000000000013816,0.0009069118844428684,3725.5135058760184,0.9917199680115528,0.020820530014714896,0.3141592653589793,6.283185307179586,5552.931627110343,4833,4833
7.74,1.0000000000013858,0.0013389677680303968,3643.6978875976956,0.9917201158333199,0.02082016561287935,0.3141592653589793,6.283185307179586,5552.856119127123,5035,5035
7.76,1.0000000000013907,0.001655187892442001,3756.208700803655,0.9917202675025,0.020819785912807875,0.3141592653589793,6.283185307179586,5553.055698768017,4499,4167
7.78,1.000000000001395,0.0015746951371043599,3902.515814923554,0.991720424070239,0.020819392715451152,0.3141592653589793,6.283185307179586,5553.23448777655,1165,1073
7.8,1.0000000000013998,0.0010934951949594246,3847.753311743734,0.991720586805504,0.02081898571968985,0.3141592653589793,6.283185307179586,5553.222047728471,856,824
7.82,1.0000000000014044,0.0009398280549807354,3692.8374612937782,0.9917207559738825,0.020818562197014417,0.3141592653589793,6.283185307179586,5553.106129157987,520,512
7.84,1.000000000001409,0.000870136898156501,3542.2588540250154,0.9917209318545925,0.020818122685399197,0.3141592653589793,6.283185307179586,5553.008069856615,544,512
7.86,1.0000000000014138,0.0008004043360012618,3364.9906949003403,0.9917211127639339,0.020817670467873223,0.3141592653589793,6.283185307179586,5552.898447039758,682,554
7.88,1.0000000000014186,0.0008806234182434507,3132.5078970127774,0.9917212990883612,0.020817204796988197,0.3141592653589793,6.283185307179586,5552.771368167558,2873,2697
7.9,1.0000000000014235,0.0012151907454544181,2933.00401212831,0.9917214833094569,0.02081674424074023,0.3141592653589793,6.283185307179586,5552.789967316515,2995,2595
7.92,1.0000000000014286,0.0010578872601327517,2834.9912742273723,0.9917216519772686,0.020816321210833776,0.3141592653589793,6.283185307179586,5553.023304959493,2551,1647
7.94,1.0000000000014326,0.0007727272176174571,2690.1613998822772,0.9917218082408542,0.020815929623508377,0.3141592653589793,6.283185307179586,5553.250053568065,1762,734
7.96,1.0000000000014377,0.0007535002635848458,2529.95304046976,0.9917219505923754,0.020815572391613583,0.3141592653589793,6.283185307179586,5553.277538526911,2050,854
7.98,1.0000000000014426,0.000865956128134014,2368.813357439207,0.991722076401279,0.020815256024898705,0.3141592653589793,6.283185307179586,5553.219108835593,3115,1323
8.0,1.0000000000014477,0.001147502597989385,2225.0464048997974,0.991722184710879,0.020814983570343698,0.3141592653589793,6.283185307179586,5553.259554943902,2827,1179
