t,norm,peak,PR,R_rms,peak_n_cells_half,peak_width_phys,artifact_1_2_cells,finite,n_det,pair_sep,ic,seed,N,dx,backend
0.0,0.9999999403953552,0.718125581741333,3.774613645311898,3.0617371322932088,2,0.390796320898386,True,True,2,6.0,2atom,0,64,0.5,mlx
0.005,17.415565490722656,0.7313933372497559,1035.4635279319255,15.53145062547855,2,0.390796320898386,True,True,2,6.0,2atom,0,64,0.5,mlx
0.01,33.71751022338867,0.7512985467910767,3246.5295602679353,15.758714507264918,2,0.390796320898386,True,True,2,6.0,2atom,0,64,0.5,mlx
0.015,49.97707748413086,0.7279296517372131,5929.251156140894,15.841656461594978,2,0.390796320898386,True,True,2,6.0,2atom,0,64,0.5,mlx
0.02,66.24690246582031,0.7300772666931152,8296.751550989027,15.87801846924386,2,0.390796320898386,True,True,2,6.0,2atom,0,64,0.5,mlx
0.025,82.85569763183594,0.7194105982780457,10240.617444461546,15.902919206675575,2,0.390796320898386,True,True,2,6.0,2atom,0,64,0.5,mlx
0.03,99.04354095458984,0.7171381115913391,11555.26276056981,15.916572383416536,2,0.390796320898386,True,True,2,6.0,2atom,0,64,0.5,mlx
0.035,115.40589141845703,0.7308300733566284,12406.731067040864,15.924785481237823,2,0.390796320898386,True,True,2,6.0,2atom,0,64,0.5,mlx
0.04,131.6809844970703,0.7095167636871338,13207.187951750826,15.933658586886473,2,0.390796320898386,True,True,2,6.0,2atom,0,64,0.5,mlx
0.045,147.84027099609375,0.706402063369751,13764.45583272984,15.94377461578684,3,0.44735011446982476,False,True,2,6.0,2atom,0,64,0.5,mlx
0.05,164.18148803710938,0.7297074198722839,14178.994021398283,15.949147202258597,3,0.44735011446982476,False,True,2,6.0,2atom,0,64,0.5,mlx
0.055,180.5951690673828,0.768530547618866,14532.55673721376,15.949781198300848,2,0.390796320898386,True,True,2,6.0,2atom,0,64,0.5,mlx
0.06,196.83218383789062,0.7719740867614746,14784.29214873583,15.952022408770176,2,0.390796320898386,True,True,2,6.0,2atom,0,64,0.5,mlx
0.065,213.25970458984375,0.8045231699943542,14956.15053012311,15.960935031572333,3,0.44735011446982476,False,True,2,6.0,2atom,0,64,0.5,mlx
0.07,229.44313049316406,0.8663308620452881,15144.506322738418,15.969131862544804,2,0.390796320898386,True,True,2,6.0,2atom,0,64,0.5,mlx
0.075,245.71563720703125,0.906960666179657,15255.040067796996,15.972911757790094,2,0.390796320898386,True,True,2,6.0,2atom,0,64,0.5,mlx
0.08,262.0213623046875,0.952086865901947,15379.244360151866,15.977265023764565,2,0.390796320898386,True,True,2,6.0,2atom,0,64,0.5,mlx
0.085,278.2648010253906,0.9827792048454285,15455.567674801963,15.977650109945552,2,0.390796320898386,True,True,2,6.0,2atom,0,64,0.5,mlx
0.09,294.5704650878906,0.9981542825698853,15525.358702813657,15.981824199240817,2,0.390796320898386,True,True,2,6.0,2atom,0,64,0.5,mlx
0.095,311.07958984375,1.0477337837219238,15575.371989714578,15.9823338419404,2,0.390796320898386,True,True,2,6.0,2atom,0,64,0.5,mlx
0.1,327.13665771484375,1.101976990699768,15615.60975857745,15.98422883153478,2,0.390796320898386,True,True,2,6.0,2atom,0,64,0.5,mlx
0.105,343.4661865234375,1.141955018043518,15657.608628010012,15.986886367641372,2,0.390796320898386,True,True,2,6.0,2atom,0,64,0.5,mlx
0.11,359.812255859375,1.1574119329452515,15726.76800257628,15.984339191398465,2,0.390796320898386,True,True,2,6.0,2atom,0,64,0.5,mlx
0.115,376.10528564453125,1.1982709169387817,15756.602727278394,15.984364596802909,2,0.390796320898386,True,True,2,6.0,2atom,0,64,0.5,mlx
0.12,392.4451599121094,1.247066617012024,15809.64707991096,15.98696322274041,2,0.390796320898386,True,True,2,6.0,2atom,0,64,0.5,mlx
0.125,408.7696228027344,1.288475513458252,15845.477788048747,15.987958368999895,2,0.390796320898386,True,True,2,6.0,2atom,0,64,0.5,mlx
0.13,425.0677490234375,1.2894560098648071,15896.438478297858,15.98740617655954,2,0.390796320898386,True,True,2,6.0,2atom,0,64,0.5,mlx
0.135,440.8924560546875,1.3511745929718018,15926.791739323331,15.990997654254091,2,0.390796320898386,True,True,2,6.0,2atom,0,64,0.5,mlx
0.14,456.97119140625,1.3919135332107544,15945.008508020439,15.996119503695049,1,0.31017524544970004,True,True,2,6.0,2atom,0,64,0.5,mlx
0.145,473.441162109375,1.4251102209091187,15962.829617863621,15.995540855712104,1,0.31017524544970004,True,True,2,6.0,2atom,0,64,0.5,mlx
0.15,489.72259521484375,1.4626458883285522,16004.585530856815,15.99608266881864,1,0.31017524544970004,True,True,2,6.0,2atom,0,64,0.5,mlx
0.155,505.7188415527344,1.4573310613632202,16043.92244844339,15.99533809969039,1,0.31017524544970004,True,True,2,6.0,2atom,0,64,0.5,mlx
0.16,522.2037353515625,1.4320409297943115,16074.389165352763,15.994954578356978,1,0.31017524544970004,True,True,2,6.0,2atom,0,64,0.5,mlx
0.165,538.3688354492188,1.4354126453399658,16104.808722947435,15.998066914130119,1,0.31017524544970004,True,True,2,6.0,2atom,0,64,0.5,mlx
0.17,554.532470703125,1.421921730041504,16133.916844407378,15.998433508730423,1,0.31017524544970004,True,True,2,6.0,2atom,0,64,0.5,mlx
0.17500000000000002,570.2413330078125,1.4639506340026855,16135.93310193876,15.99568139417162,1,0.31017524544970004,True,True,2,6.0,2atom,0,64,0.5,mlx
0.18,586.4840087890625,1.5321193933486938,16131.334566638416,16.001417732906038,1,0.31017524544970004,True,True,2,6.0,2atom,0,64,0.5,mlx
0.185,602.461181640625,1.5776002407073975,16128.550301600431,15.999050716429425,1,0.31017524544970004,True,True,2,6.0,2atom,0,64,0.5,mlx
0.19,618.4326782226562,1.5804837942123413,16140.061483663267,15.995267318682645,1,0.31017524544970004,True,True,2,6.0,2atom,0,64,0.5,mlx
0.195,634.455322265625,1.5563604831695557,16159.45720491459,15.996862005053826,1,0.31017524544970004,True,True,2,6.0,2atom,0,64,0.5,mlx
0.2,650.6280517578125,1.5736719369888306,16176.396581489676,15.996597000593264,1,0.31017524544970004,True,True,2,6.0,2atom,0,64,0.5,mlx
0.20500000000000002,666.5940551757812,1.5494180917739868,16198.878592479166,15.997044010663943,1,0.31017524544970004,True,True,2,6.0,2atom,0,64,0.5,mlx
0.21,682.3318481445312,1.5612441301345825,16213.187826299834,15.998066771088247,1,0.31017524544970004,True,True,2,6.519202405202649,2atom,0,64,0.5,mlx
0.215,698.4150390625,1.6151983737945557,16201.805687764208,15.99543105144612,1,0.31017524544970004,True,True,2,6.0,2atom,0,64,0.5,mlx
0.22,714.76171875,1.5820056200027466,16241.029359007187,15.997152250736947,1,0.31017524544970004,True,True,2,6.0,2atom,0,64,0.5,mlx
0.225,730.689208984375,1.5558198690414429,16254.21663433861,15.994834011181482,1,0.31017524544970004,True,True,2,6.0,2atom,0,64,0.5,mlx
0.23,746.1721801757812,1.5568602085113525,16263.095688509633,15.998378757171892,1,0.31017524544970004,True,True,2,6.0,2atom,0,64,0.5,mlx
0.23500000000000001,762.0435791015625,1.54020094871521,16283.971991677292,15.996031524180331,1,0.31017524544970004,True,True,2,6.0,2atom,0,64,0.5,mlx
0.24,777.9992065429688,1.5703723430633545,16289.55503984273,15.994323455340028,1,0.31017524544970004,True,True,3,,2atom,0,64,0.5,mlx
0.245,794.259765625,1.5848283767700195,16300.172206733123,15.994106844874729,1,0.31017524544970004,True,True,3,,2atom,0,64,0.5,mlx
0.25,810.136962890625,1.6669238805770874,16308.039847488648,15.995338736151451,1,0.31017524544970004,True,True,2,6.0,2atom,0,64,0.5,mlx
0.255,826.1705322265625,1.7281891107559204,16312.522205116638,15.99707114890671,1,0.31017524544970004,True,True,2,6.0,2atom,0,64,0.5,mlx
0.26,842.2728271484375,1.7552368640899658,16310.395923433922,15.99588135425684,1,0.31017524544970004,True,True,2,6.0,2atom,0,64,0.5,mlx
0.265,857.9003295898438,1.7606462240219116,16322.680703419615,15.99392144515165,1,0.31017524544970004,True,True,2,6.0,2atom,0,64,0.5,mlx
0.27,873.6834716796875,1.7959582805633545,16326.891994102907,15.9923586184889,1,0.31017524544970004,True,True,3,,2atom,0,64,0.5,mlx
0.275,890.0693359375,1.952067494392395,16303.352246167202,15.993097379149958,1,0.31017524544970004,True,True,1,,2atom,0,64,0.5,mlx
0.28,905.655029296875,1.9823169708251953,16290.69831797966,15.992554379352486,1,0.31017524544970004,True,True,1,,2atom,0,64,0.5,mlx
0.28500000000000003,922.0968627929688,2.040466070175171,16290.139094568887,15.991438304043758,1,0.31017524544970004,True,True,1,,2atom,0,64,0.5,mlx
0.29,937.7216796875,2.0484066009521484,16285.31933718787,15.990230306164676,1,0.31017524544970004,True,True,2,18.12456896039186,2atom,0,64,0.5,mlx
0.295,954.3641357421875,2.0005245208740234,16298.699769738369,15.99169448232143,1,0.31017524544970004,True,True,2,18.12456896039186,2atom,0,64,0.5,mlx
0.3,969.9179077148438,1.9906048774719238,16308.368776979583,15.990146255331377,1,0.31017524544970004,True,True,3,,2atom,0,64,0.5,mlx
0.305,986.1038818359375,2.074094533920288,16301.77540794145,15.990660555602007,1,0.31017524544970004,True,True,2,6.041522986797286,2atom,0,64,0.5,mlx
0.31,1002.36083984375,2.0512285232543945,16304.35478286357,15.992181333396092,1,0.31017524544970004,True,True,1,,2atom,0,64,0.5,mlx
0.315,1018.4959716796875,2.125523567199707,16305.14387227417,15.994109489569682,1,0.31017524544970004,True,True,1,,2atom,0,64,0.5,mlx
0.32,1034.456787109375,2.232508897781372,16299.548791383337,15.99263066513895,1,0.31017524544970004,True,True,1,,2atom,0,64,0.5,mlx
0.325,1050.0296630859375,2.3214111328125,16292.415471214985,15.993282794048346,1,0.31017524544970004,True,True,1,,2atom,0,64,0.5,mlx
0.33,1066.4705810546875,2.424002170562744,16270.390041205257,15.99356701201816,1,0.31017524544970004,True,True,1,,2atom,0,64,0.5,mlx
0.335,1081.983154296875,2.4742276668548584,16260.126452504996,15.992999289667267,1,0.31017524544970004,True,True,1,,2atom,0,64,0.5,mlx
0.34,1098.327392578125,2.566147804260254,16260.186583319217,15.99292393996352,1,0.31017524544970004,True,True,1,,2atom,0,64,0.5,mlx
0.34500000000000003,1114.9993896484375,2.540029525756836,16268.809140388314,15.993831240315929,1,0.31017524544970004,True,True,1,,2atom,0,64,0.5,mlx
0.35000000000000003,1130.473876953125,2.6542751789093018,16257.168474908778,15.995443971271484,1,0.31017524544970004,True,True,1,,2atom,0,64,0.5,mlx
0.355,1146.180419921875,2.669365167617798,16255.762220161827,15.99438240904449,1,0.31017524544970004,True,True,1,,2atom,0,64,0.5,mlx
0.36,1161.850830078125,2.759831666946411,16227.639032288063,15.995039169733912,1,0.31017524544970004,True,True,1,,2atom,0,64,0.5,mlx
0.365,1177.800048828125,2.7889480590820312,16217.477279031778,15.994046638150635,1,0.31017524544970004,True,True,1,,2atom,0,64,0.5,mlx
0.37,1194.07861328125,2.9127097129821777,16190.540957783976,15.993199580401994,1,0.31017524544970004,True,True,1,,2atom,0,64,0.5,mlx
0.375,1210.359130859375,2.9106860160827637,16199.648830553684,15.994555693272371,1,0.31017524544970004,True,True,1,,2atom,0,64,0.5,mlx
0.38,1225.9190673828125,2.9452483654022217,16201.379352323152,15.996214816198892,1,0.31017524544970004,True,True,1,,2atom,0,64,0.5,mlx
0.385,1242.00048828125,2.9781973361968994,16200.25396310812,15.998830826668993,1,0.31017524544970004,True,True,1,,2atom,0,64,0.5,mlx
0.39,1257.187744140625,3.0060291290283203,16201.540574814879,15.99996341214789,1,0.31017524544970004,True,True,1,,2atom,0,64,0.5,mlx
0.395,1272.2796630859375,2.9794576168060303,16202.174616791688,16.001261743345317,1,0.31017524544970004,True,True,1,,2atom,0,64,0.5,mlx
0.4,1288.15869140625,3.0316061973571777,16213.858488458862,16.000415245875143,1,0.31017524544970004,True,True,1,,2atom,0,64,0.5,mlx
0.405,1303.014892578125,3.0273776054382324,16225.932874214364,16.00175512051761,1,0.31017524544970004,True,True,1,,2atom,0,64,0.5,mlx
0.41000000000000003,1319.260009765625,3.0385522842407227,16227.985366117464,16.00034133550967,1,0.31017524544970004,True,True,1,,2atom,0,64,0.5,mlx
0.41500000000000004,1335.198486328125,3.0053367614746094,16238.963285790554,16.0026596114397,1,0.31017524544970004,True,True,1,,2atom,0,64,0.5,mlx
0.42,1351.0003662109375,2.958674907684326,16244.670546247564,16.00218739322745,1,0.31017524544970004,True,True,1,,2atom,0,64,0.5,mlx
0.425,1366.4664306640625,2.90803861618042,16258.28167040172,16.003118479570546,1,0.31017524544970004,True,True,1,,2atom,0,64,0.5,mlx
0.43,1383.0269775390625,2.958796739578247,16261.995481286562,16.00255387918444,1,0.31017524544970004,True,True,1,,2atom,0,64,0.5,mlx
0.435,1398.634033203125,2.936711549758911,16268.194491091472,16.00241440524017,1,0.31017524544970004,True,True,1,,2atom,0,64,0.5,mlx
0.44,1413.9049072265625,2.9559431076049805,16259.822073420466,16.00174342191605,1,0.31017524544970004,True,True,1,,2atom,0,64,0.5,mlx
0.445,1429.24072265625,2.986294746398926,16256.991173703911,16.001880438815498,1,0.31017524544970004,True,True,1,,2atom,0,64,0.5,mlx
0.45,1445.24462890625,2.993610382080078,16264.363239311251,16.00030412268363,1,0.31017524544970004,True,True,1,,2atom,0,64,0.5,mlx
0.455,1461.5556640625,2.9827489852905273,16263.17047668709,16.000405984343242,1,0.31017524544970004,True,True,1,,2atom,0,64,0.5,mlx
0.46,1477.1295166015625,2.9771716594696045,16268.224812939892,16.001281333141165,1,0.31017524544970004,True,True,1,,2atom,0,64,0.5,mlx
0.465,1492.197998046875,2.9800379276275635,16263.185791302081,16.001102719774746,1,0.31017524544970004,True,True,1,,2atom,0,64,0.5,mlx
0.47000000000000003,1508.238525390625,2.865276575088501,16272.703423476967,16.00477152661178,1,0.31017524544970004,True,True,2,22.511108368980857,2atom,0,64,0.5,mlx
0.47500000000000003,1523.31591796875,2.9206936359405518,16275.666196130891,16.0057439042224,1,0.31017524544970004,True,True,2,22.511108368980857,2atom,0,64,0.5,mlx
0.48,1539.252197265625,3.036281108856201,16278.83179013333,16.006393509232634,1,0.31017524544970004,True,True,1,,2atom,0,64,0.5,mlx
0.485,1555.2366943359375,3.058445930480957,16287.338169614863,16.005088724987722,1,0.31017524544970004,True,True,1,,2atom,0,64,0.5,mlx
0.49,1570.1661376953125,3.0774781703948975,16280.673049558505,16.004070150289163,1,0.31017524544970004,True,True,1,,2atom,0,64,0.5,mlx
0.495,1585.96533203125,3.0706100463867188,16288.47094779175,16.00341570645298,1,0.31017524544970004,True,True,1,,2atom,0,64,0.5,mlx
0.5,1601.58984375,3.0852034091949463,16279.79726282133,16.002697695676385,1,0.31017524544970004,True,True,1,,2atom,0,64,0.5,mlx
0.505,1617.89208984375,3.0623793601989746,16281.260342522199,16.001628034399676,1,0.31017524544970004,True,True,2,21.12463017427761,2atom,0,64,0.5,mlx
0.51,1633.85986328125,3.072469472885132,16282.717415435634,16.00191228246885,1,0.31017524544970004,True,True,3,,2atom,0,64,0.5,mlx
0.515,1649.3583984375,3.033595561981201,16286.978164424658,16.001200605307464,1,0.31017524544970004,True,True,2,17.363755354185336,2atom,0,64,0.5,mlx
0.52,1665.07275390625,2.9986326694488525,16285.79812623496,16.001514494475767,1,0.31017524544970004,True,True,3,,2atom,0,64,0.5,mlx
0.525,1679.7509765625,3.018503427505493,16285.843234585742,16.001994104225705,1,0.31017524544970004,True,True,3,,2atom,0,64,0.5,mlx
0.53,1695.0198974609375,3.0122597217559814,16289.824556848524,16.00183812941546,1,0.31017524544970004,True,True,3,,2atom,0,64,0.5,mlx
0.535,1709.955322265625,3.110208511352539,16284.035458655748,16.003347576256274,1,0.31017524544970004,True,True,3,,2atom,0,64,0.5,mlx
0.54,1725.6417236328125,3.2493183612823486,16283.319356563452,16.002233713294938,1,0.31017524544970004,True,True,1,,2atom,0,64,0.5,mlx
0.545,1741.194091796875,3.2220702171325684,16281.061101364787,16.00268010688475,1,0.31017524544970004,True,True,2,17.363755354185336,2atom,0,64,0.5,mlx
0.55,1756.91748046875,3.2902824878692627,16284.381779859497,16.002650503024537,1,0.31017524544970004,True,True,1,,2atom,0,64,0.5,mlx
0.555,1773.039306640625,3.402989149093628,16281.177366654469,16.002391736362632,1,0.31017524544970004,True,True,1,,2atom,0,64,0.5,mlx
0.56,1788.3392333984375,3.3215978145599365,16278.501427656054,16.001744377454987,1,0.31017524544970004,True,True,1,,2atom,0,64,0.5,mlx
0.5650000000000001,1803.304443359375,3.317007064819336,16281.483873771931,16.002129071023205,1,0.31017524544970004,True,True,3,,2atom,0,64,0.5,mlx
0.5700000000000001,1819.560546875,3.382723808288574,16280.885206513385,16.00269310116741,1,0.31017524544970004,True,True,2,16.91892431568863,2atom,0,64,0.5,mlx
0.5750000000000001,1835.5234375,3.5286667346954346,16276.313789405494,16.004387888919155,1,0.31017524544970004,True,True,1,,2atom,0,64,0.5,mlx
0.58,1851.039306640625,3.7489757537841797,16261.376960978243,16.003870269162555,1,0.31017524544970004,True,True,1,,2atom,0,64,0.5,mlx
0.585,1866.6376953125,3.8203659057617188,16262.719478543593,16.00326733904998,1,0.31017524544970004,True,True,1,,2atom,0,64,0.5,mlx
0.59,1882.0535888671875,3.9255874156951904,16257.837377623577,16.003813389168336,1,0.31017524544970004,True,True,1,,2atom,0,64,0.5,mlx
0.595,1897.70556640625,3.9709386825561523,16246.177493444477,16.00477806999802,1,0.31017524544970004,True,True,1,,2atom,0,64,0.5,mlx
0.6,1913.09814453125,4.101853847503662,16242.861421037725,16.005973181399483,1,0.31017524544970004,True,True,1,,2atom,0,64,0.5,mlx
0.605,1928.7705078125,4.210606575012207,16232.041168471656,16.004580920129126,1,0.31017524544970004,True,True,1,,2atom,0,64,0.5,mlx
0.61,1943.274169921875,4.262223720550537,16227.324392226472,16.004286631997118,1,0.31017524544970004,True,True,1,,2atom,0,64,0.5,mlx
0.615,1958.8717041015625,4.4277262687683105,16211.981645104179,16.00390717489564,1,0.31017524544970004,True,True,1,,2atom,0,64,0.5,mlx
0.62,1974.036865234375,4.513711929321289,16210.804540934605,16.00323864399184,1,0.31017524544970004,True,True,1,,2atom,0,64,0.5,mlx
0.625,1989.6826171875,4.55440092086792,16205.615923387892,16.002550839936248,1,0.31017524544970004,True,True,1,,2atom,0,64,0.5,mlx
0.63,2004.029296875,4.647159576416016,16192.730422859468,16.003042707611765,1,0.31017524544970004,True,True,1,,2atom,0,64,0.5,mlx
0.635,2019.1405029296875,4.658323287963867,16194.894847136124,16.003997994566436,1,0.31017524544970004,True,True,1,,2atom,0,64,0.5,mlx
0.64,2034.238525390625,4.755240440368652,16196.693303824659,16.002514113043016,1,0.31017524544970004,True,True,1,,2atom,0,64,0.5,mlx
0.645,2050.51953125,4.731664180755615,16202.231389063129,16.00092474875658,1,0.31017524544970004,True,True,1,,2atom,0,64,0.5,mlx
0.65,2066.11669921875,4.754425525665283,16213.387282675945,16.000518551752805,1,0.31017524544970004,True,True,1,,2atom,0,64,0.5,mlx
0.655,2081.79345703125,4.721224784851074,16219.214857673374,16.00071489601921,1,0.31017524544970004,True,True,1,,2atom,0,64,0.5,mlx
0.66,2097.586181640625,4.713891983032227,16224.270171439739,16.000816963963768,1,0.31017524544970004,True,True,1,,2atom,0,64,0.5,mlx
0.665,2112.1083984375,4.623379230499268,16237.00218555133,16.002196509646364,1,0.31017524544970004,True,True,1,,2atom,0,64,0.5,mlx
0.67,2127.296875,4.574246883392334,16247.870773542083,16.00026773595927,1,0.31017524544970004,True,True,1,,2atom,0,64,0.5,mlx
0.675,2142.8056640625,4.512746810913086,16255.022021323808,16.00019076483982,1,0.31017524544970004,True,True,1,,2atom,0,64,0.5,mlx
0.68,2158.402099609375,4.481526851654053,16257.732278049209,16.000179771066332,1,0.31017524544970004,True,True,1,,2atom,0,64,0.5,mlx
0.685,2173.5634765625,4.522934913635254,16252.677206748447,16.002619509410955,1,0.31017524544970004,True,True,1,,2atom,0,64,0.5,mlx
0.6900000000000001,2188.85498046875,4.55972146987915,16253.233958059838,16.002758432362118,1,0.31017524544970004,True,True,1,,2atom,0,64,0.5,mlx
0.6950000000000001,2204.914794921875,4.635941505432129,16258.315866435043,16.00279113938592,1,0.31017524544970004,True,True,1,,2atom,0,64,0.5,mlx
0.7000000000000001,2220.185546875,4.723771095275879,16262.406545054806,16.003144241255814,1,0.31017524544970004,True,True,1,,2atom,0,64,0.5,mlx
0.705,2236.003662109375,4.768674373626709,16267.005446586905,16.00314720303121,1,0.31017524544970004,True,True,1,,2atom,0,64,0.5,mlx
0.71,2251.60693359375,4.753227710723877,16269.08603205333,16.00263710282953,1,0.31017524544970004,True,True,1,,2atom,0,64,0.5,mlx
0.715,2267.205810546875,4.676557540893555,16281.10938016552,16.003814452839446,1,0.31017524544970004,True,True,1,,2atom,0,64,0.5,mlx
0.72,2283.34619140625,4.688405990600586,16283.483038860628,16.00484397188637,1,0.31017524544970004,True,True,1,,2atom,0,64,0.5,mlx
0.725,2298.655029296875,4.583972930908203,16299.088288292969,16.004417222243024,1,0.31017524544970004,True,True,1,,2atom,0,64,0.5,mlx
0.73,2313.1103515625,4.603729724884033,16301.917295564717,16.005293212040087,1,0.31017524544970004,True,True,1,,2atom,0,64,0.5,mlx
0.735,2328.961669921875,4.53238582611084,16311.583477906379,16.00666414668179,1,0.31017524544970004,True,True,1,,2atom,0,64,0.5,mlx
0.74,2344.371826171875,4.469985485076904,16314.427980775317,16.00657762976164,1,0.31017524544970004,True,True,1,,2atom,0,64,0.5,mlx
0.745,2359.15185546875,4.497792720794678,16303.22633843844,16.007290105502143,1,0.31017524544970004,True,True,1,,2atom,0,64,0.5,mlx
0.75,2373.95751953125,4.50468635559082,16307.43887605014,16.008106961719605,1,0.31017524544970004,True,True,3,,2atom,0,64,0.5,mlx
0.755,2388.50732421875,4.525968551635742,16310.453122394103,16.008859611904036,1,0.31017524544970004,True,True,4,,2atom,0,64,0.5,mlx
0.76,2403.00537109375,4.494735240936279,16318.318523862688,16.01048905488279,1,0.31017524544970004,True,True,4,,2atom,0,64,0.5,mlx
0.765,2418.54443359375,4.374829292297363,16325.182909015744,16.01029850045504,1,0.31017524544970004,True,True,3,,2atom,0,64,0.5,mlx
0.77,2433.228515625,4.367783546447754,16322.637824131687,16.009940922468402,1,0.31017524544970004,True,True,2,19.20286436967152,2atom,0,64,0.5,mlx
0.775,2448.63134765625,4.318970203399658,16327.588047401585,16.009991554079626,1,0.31017524544970004,True,True,3,,2atom,0,64,0.5,mlx
0.78,2464.479248046875,4.179904460906982,16327.801038902324,16.009724928059306,1,0.31017524544970004,True,True,7,,2atom,0,64,0.5,mlx
0.785,2479.789306640625,4.025267124176025,16332.781413746772,16.009746990791747,1,0.31017524544970004,True,True,7,,2atom,0,64,0.5,mlx
0.79,2494.81201171875,4.043767929077148,16343.085022459349,16.009569925606304,1,0.31017524544970004,True,True,6,,2atom,0,64,0.5,mlx
0.795,2510.28564453125,3.982804298400879,16343.578985423008,16.010061350473876,1,0.31017524544970004,True,True,8,,2atom,0,64,0.5,mlx
0.8,2524.68798828125,3.9831953048706055,16339.0907608138,16.00926756874732,1,0.31017524544970004,True,True,9,,2atom,0,64,0.5,mlx
0.805,2538.8671875,3.795351266860962,16344.80448915575,16.009218225755337,1,0.31017524544970004,True,True,17,,2atom,0,64,0.5,mlx
0.81,2553.4833984375,3.7628157138824463,16338.894457219907,16.00853343801078,1,0.31017524544970004,True,True,22,,2atom,0,64,0.5,mlx
0.8150000000000001,2568.88623046875,3.5950024127960205,16349.039570644194,16.0092395789048,1,0.31017524544970004,True,True,36,,2atom,0,64,0.5,mlx
0.8200000000000001,2584.063232421875,3.442478895187378,16350.236967847677,16.00928121550111,1,0.31017524544970004,True,True,52,,2atom,0,64,0.5,mlx
0.8250000000000001,2599.30810546875,3.3641860485076904,16343.399443026807,16.009528999251685,1,0.31017524544970004,True,True,56,,2atom,0,64,0.5,mlx
0.8300000000000001,2613.903564453125,3.282883644104004,16337.799408181187,16.008842147184186,1,0.31017524544970004,True,True,73,,2atom,0,64,0.5,mlx
0.835,2629.16650390625,3.0801236629486084,16333.621690591033,16.008789864623797,1,0.31017524544970004,True,True,116,,2atom,0,64,0.5,mlx
0.84,2644.40234375,2.9208569526672363,16333.355231482177,16.009668950134795,1,0.31017524544970004,True,True,185,,2atom,0,64,0.5,mlx
0.845,2659.18896484375,2.866866111755371,16334.753899929872,16.01213760001287,1,0.31017524544970004,True,True,212,,2atom,0,64,0.5,mlx
0.85,2674.3544921875,2.7502927780151367,16344.100398303653,16.01141370974868,1,0.31017524544970004,True,True,283,,2atom,0,64,0.5,mlx
0.855,2689.965576171875,2.7159841060638428,16349.203985679154,16.009868612072935,1,0.31017524544970004,True,True,314,,2atom,0,64,0.5,mlx
0.86,2704.67529296875,2.6584174633026123,16358.477999547464,16.008646980786434,1,0.31017524544970004,True,True,385,,2atom,0,64,0.5,mlx
0.865,2720.0087890625,2.6341214179992676,16372.450160341574,16.00860999802175,1,0.31017524544970004,True,True,423,,2atom,0,64,0.5,mlx
0.87,2735.075439453125,2.5974934101104736,16388.136467633147,16.009026950825398,1,0.31017524544970004,True,True,487,,2atom,0,64,0.5,mlx
0.875,2750.1962890625,2.559981107711792,16391.972412240004,16.00873846016089,1,0.31017524544970004,True,True,548,,2atom,0,64,0.5,mlx
0.88,2764.755859375,2.5261757373809814,16403.45734647977,16.008984598070512,1,0.31017524544970004,True,True,600,,2atom,0,64,0.5,mlx
0.885,2780.1689453125,2.474956750869751,16411.331266969795,16.0075671959453,1,0.31017524544970004,True,True,700,,2atom,0,64,0.5,mlx
0.89,2795.2421875,2.477900505065918,16410.741273255924,16.007834677564663,1,0.31017524544970004,True,True,706,,2atom,0,64,0.5,mlx
0.895,2809.38623046875,2.4432241916656494,16413.429213528085,16.00747652588784,1,0.31017524544970004,True,True,775,,2atom,0,64,0.5,mlx
0.9,2824.8212890625,2.4509098529815674,16419.198687658078,16.007545341610534,1,0.31017524544970004,True,True,813,,2atom,0,64,0.5,mlx
0.905,2840.992919921875,2.3834292888641357,16424.953856436958,16.008098527380543,1,0.31017524544970004,True,True,968,,2atom,0,64,0.5,mlx
0.91,2856.4599609375,2.3375284671783447,16420.85624363757,16.00863578406915,1,0.31017524544970004,True,True,1112,,2atom,0,64,0.5,mlx
0.915,2870.02587890625,2.236990451812744,16421.580907514355,16.007463900530237,1,0.31017524544970004,True,True,1416,,2atom,0,64,0.5,mlx
0.92,2885.955078125,2.186793804168701,16426.925971533252,16.007411355435917,1,0.31017524544970004,True,True,1637,,2atom,0,64,0.5,mlx
0.925,2901.509033203125,2.0878190994262695,16432.61938679086,16.007522309334128,2,0.390796320898386,True,True,2067,,2atom,0,64,0.5,mlx
0.93,2915.93310546875,1.961135983467102,16428.877108077468,16.00761982622045,4,0.49237251092134826,False,True,2753,,2atom,0,64,0.5,mlx
0.935,2931.01708984375,1.8039783239364624,16428.034155281854,16.007498757560803,5,0.5303922089735277,False,True,3712,,2atom,0,64,0.5,mlx
0.9400000000000001,2945.921875,1.8273203372955322,16428.045015775508,16.00773033941776,6,0.5636258258934133,False,True,3641,,2atom,0,64,0.5,mlx
0.9450000000000001,2960.27783203125,1.7120261192321777,16429.230853212022,16.008169730363825,16,0.781592641796772,False,True,4504,,2atom,0,64,0.5,mlx
0.9500000000000001,2975.30078125,1.6869436502456665,16419.91500584962,16.007281750201958,23,0.8820971385017564,False,True,4809,,2atom,0,64,0.5,mlx
0.9550000000000001,2990.864990234375,1.5584158897399902,16418.078428777826,16.006253860481646,55,1.1795817129502053,False,True,5841,,2atom,0,64,0.5,mlx
0.96,3005.963134765625,1.5054856538772583,16418.031170635146,16.00630203179583,67,1.2597916789615016,False,True,6295,,2atom,0,64,0.5,mlx
0.965,3021.024658203125,1.3108341693878174,16413.87972064492,16.006105982486172,213,1.8523952942029953,False,True,7784,,2atom,0,64,0.5,mlx
0.97,3035.48193359375,1.2074276208877563,16414.634989513666,16.005807850807603,380,2.246647827675118,False,True,8517,,2atom,0,64,0.5,mlx
0.975,3049.62451171875,1.1290760040283203,16428.578140489008,16.004992177932674,566,2.5657398033800547,False,True,8875,,2atom,0,64,0.5,mlx
0.98,3064.44775390625,1.0804377794265747,16425.665748806816,16.004917365948785,785,2.8613019235247785,False,True,9067,,2atom,0,64,0.5,mlx
0.985,3078.30419921875,1.120551347732544,16429.16262000952,16.005245371733754,634,2.664629840866423,False,True,8976,,2atom,0,64,0.5,mlx
0.99,3093.123779296875,1.1672674417495728,16431.850239017927,16.005223754981724,513,2.4830164090521403,False,True,8790,,2atom,0,64,0.5,mlx
0.995,3107.5693359375,1.2381588220596313,16434.855329693157,16.00439113646122,361,2.208561693239458,False,True,8422,,2atom,0,64,0.5,mlx
1.0,3122.307373046875,1.236352801322937,16438.180709003183,16.00544894822976,381,2.2486168451840003,False,True,8403,,2atom,0,64,0.5,mlx
